[www.ville-hoenheim.fr/index.html]
[backblue.gif]
[fade.gif]
[index.html]
[www.ville-hoenheim.fr/wp-includes/css/dashicons.minf658.css]
[www.ville-hoenheim.fr/wp-content/plugins/menu-icons/css/extra.mind921.css]
[www.ville-hoenheim.fr/wp-includes/css/dist/block-library/style.minf658.css]
[www.ville-hoenheim.fr/wp-content/plugins/the-events-calendar/resources/tribe-events-full.min657a.css]
[www.ville-hoenheim.fr/wp-content/themes/jolene/genericons/genericons927c.css]
[www.ville-hoenheim.fr/wp-content/themes/hoenheim/stylef658.css]
[www.ville-hoenheim.fr/wp-includes/js/jquery/jquery.minaf6c.js]
[www.ville-hoenheim.fr/wp-includes/js/jquery/jquery-migrate.mind617.js]
[www.ville-hoenheim.fr/wp-content/plugins/pointelle-slider/js/carouFredSel9dfc.js]
[www.ville-hoenheim.fr/events/indexedf3.html]
[www.ville-hoenheim.fr/feed/index.html]
[connect.facebook.net/fr_FR/sdk.js]
[www.ville-hoenheim.fr/wp-content/uploads/2015/07/logoHoenheim1.jpg]
[www.ville-hoenheim.fr/wp-content/uploads/2015/03/cropped-cropped-hoenheim-site-bandeau-1.png]
[www.ville-hoenheim.fr/wp-json/index.html]
[www.ville-hoenheim.fr/le-mot-du-maire/index.html]
[www.ville-hoenheim.fr/category/services/etat_civil/mariage/index.html]
[www.ville-hoenheim.fr/location-de-salles/index.html]
[www.ville-hoenheim.fr/wp-content/uploads/sliderImages/20260913_concert-cest-pas-classique-150x150-3peyfrj55hqg6wofblnsao.jpg]
[www.ville-hoenheim.fr/wp-content/uploads/sliderImages/don-collecte-de-sang-1000x443-pix-jpg-150x150-3gaepnb5fxvb7nqkgsu800.jpg]
[www.ville-hoenheim.fr/wp-content/uploads/sliderImages/20260830_affiche-parc-gonflable-bleuOK-150x150-3pbwcuygqjnsh8gcznzsw0.jpg]
[www.ville-hoenheim.fr/wp-content/uploads/sliderImages/20260821_un-ptit-truc-en-plus-150x150-3pa2osokibw1ydban2m4u8.jpg]
[www.ville-hoenheim.fr/category/services/etat_civil/index.html]
[www.ville-hoenheim.fr/wp-content/uploads/sliderImages/20260913_concert-cest-pas-classique-3peyfra4tkbty8rti2s4jk.jpg]
[www.ville-hoenheim.fr/wp-content/uploads/sliderImages/don-collecte-de-sang-1000x443-pix-jpg-3gaepnb6slj2j3bpf0bvgg.jpg]
[www.ville-hoenheim.fr/category/services/petite_enfance/index.html]
[www.ville-hoenheim.fr/category/services/scolaire/index.html]
[www.ville-hoenheim.fr/wp-content/uploads/sliderImages/20260830_affiche-parc-gonflable-bleuOK-3pbwcupgem968kjr65454w.jpg]
[www.ville-hoenheim.fr/wp-content/uploads/sliderImages/20260821_un-ptit-truc-en-plus-3pa2osk30p0mhr5k7ex4ow.jpg]
[www.ville-hoenheim.fr/category/vie-associative/guide-associations/index.html]
[www.ville-hoenheim.fr/wp-content/plugins/pointelle-slider/css/images/buttons/default/next.png]
[www.ville-hoenheim.fr/category/services/jeunesse/index.html]
[www.ville-hoenheim.fr/category/services/services_sociaux/fete-personnes_agees/index.html]
[www.ville-hoenheim.fr/wp-content/plugins/pointelle-slider/css/images/buttons/default/prev.png]
[www.ville-hoenheim.fr/wp-content/plugins/demarches-ligne/images/Bouton_demarches.jpg]
[www.ville-hoenheim.fr/wp-content/uploads/2026/06/20260821_un-ptit-truc-en-plus-150x150.jpg]
[www.ville-hoenheim.fr/wp-content/uploads/2021/08/don-collecte-de-sang-1000x443-pix-jpg-150x150.jpg]
[www.ville-hoenheim.fr/wp-content/uploads/2026/06/20260830_affiche-parc-gonflable-bleuOK-150x150.jpg]
[www.ville-hoenheim.fr/category/services/etat_civil/ville_honneur/index.html]
[www.ville-hoenheim.fr/category/services/services_sociaux/kaffeekranzel/index.html]
[www.ville-hoenheim.fr/category/votre-ville/attractivite/eco-quartier/index.html]
[www.ville-hoenheim.fr/wp-content/uploads/2022/01/Capture-decran-2022-02-15-a-14.30.41-150x150.png]
[www.ville-hoenheim.fr/category/votre-ville/attractivite/index.html]
[www.ville-hoenheim.fr/category/votre-ville/attractivite/ehpad/index.html]
[www.ville-hoenheim.fr/wp-content/uploads/2026/06/69_VaH_avril-2026-web.pdf]
[www.ville-hoenheim.fr/category/services/etat_civil/deces/index.html]
[www.ville-hoenheim.fr/wp-content/uploads/2026/06/69_VaH_avril-2026-web-1-212x300.jpg]
[www.ville-hoenheim.fr/wp-content/uploads/2020/08/enquete-herisson-1000x443-pix.jpg]
[www.ville-hoenheim.fr/category/vie-economique/taxe-publicite/index.html]
[www.ville-hoenheim.fr/wp-content/uploads/2022/08/secheresse.jpg]
[www.ville-hoenheim.fr/category/vie-economique/marches-publics/index.html]
[www.ville-hoenheim.fr/wp-content/uploads/2026/07/2026-Colombes-accueil-caniculeok-724x1024.jpg]
[www.ville-hoenheim.fr/wp-content/uploads/2026/03/CM-Hoenheim-2026-web.jpg]
[www.ville-hoenheim.fr/wp-content/uploads/2026/03/2026_Garderie-vacances-changement-adresse-722x1024.jpg]
[www.ville-hoenheim.fr/plan-du-site/index.html]
[www.ville-hoenheim.fr/wp-content/uploads/2026/02/Frelon-asiatique-_Piegez-signalez-1024x683.png]
[www.ville-hoenheim.fr/wp-content/uploads/2026/03/PEPDCP_Hoenheim.pdf]
[www.ville-hoenheim.fr/nous-contacter/index.html]
[www.ville-hoenheim.fr/wp-content/plugins/pointelle-slider/css/skins/default/style9dfc.css]
[www.ville-hoenheim.fr/wp-content/plugins/pointelle-slider/css/css/rateit9dfc.css]
[www.ville-hoenheim.fr/wp-content/themes/jolene/js/navigation7002.js]
[www.ville-hoenheim.fr/wp-content/themes/jolene/js/custom-widget7002.js]
[www.ville-hoenheim.fr/category/votre-ville/index.html]
[www.ville-hoenheim.fr/wp-includes/js/wp-embed.minf658.js]
[www.ville-hoenheim.fr/category/votre-ville/histoire/index.html]
[www.ville-hoenheim.fr/wp-content/plugins/pointelle-slider/js/jquery.rateit9dfc.js]
[www.ville-hoenheim.fr/wp-content/plugins/pointelle-slider/js/jquery.touchwipe9dfc.js]
[www.ville-hoenheim.fr/index.html]
[www.ville-hoenheim.fr/wp-content/plugins/pointelle-slider/js/jquery.focuspoint9dfc.js]
[www.ville-hoenheim.fr/xmlrpc.php]
[www.ville-hoenheim.fr/category/votre-ville/vie-politique/index.html]
[www.ville-hoenheim.fr/category/votre-ville/vie-politique/cm-trombinoscope/index.html]
[www.ville-hoenheim.fr/category/votre-ville/vie-politique/conseil-municipal/index.html]
[www.ville-hoenheim.fr/category/votre-ville/vie-politique/les-commissions/index.html]
[www.ville-hoenheim.fr/wp-includes/fonts/dashicons7d4b.eot]
[www.ville-hoenheim.fr/wp-includes/css/dashicons.minf658.css]
[www.ville-hoenheim.fr/wp-includes/fonts/dashicons7d4b.ttf]
[www.ville-hoenheim.fr/category/votre-ville/vie-politique/librespropos/index.html]
[www.ville-hoenheim.fr/wp-content/plugins/menu-icons/css/extra.mind921.css]
[www.ville-hoenheim.fr/category/votre-ville/vie-politique/conseil-aines/index.html]
[www.ville-hoenheim.fr/wp-includes/css/dist/block-library/style.minf658.css]
[www.ville-hoenheim.fr/category/votre-ville/attractivite/environnement/index.html]
[www.ville-hoenheim.fr/category/votre-ville/attractivite/marches-hebdomadaires/index.html]
[www.ville-hoenheim.fr/wp-content/plugins/the-events-calendar/resources/images/events-bar/icon-list.png]
[www.ville-hoenheim.fr/category/votre-ville/loisirs/index.html]
[www.ville-hoenheim.fr/category/votre-ville/loisirs/aires-de-jeux-promenades/index.html]
[www.ville-hoenheim.fr/wp-content/plugins/the-events-calendar/resources/images/events-bar/icon-week.png]
[www.ville-hoenheim.fr/wp-content/plugins/the-events-calendar/resources/images/events-bar/icon-day.png]
[www.ville-hoenheim.fr/wp-content/plugins/the-events-calendar/resources/images/events-bar/icon-photo.png]
[www.ville-hoenheim.fr/category/votre-ville/loisirs/fleurissement-deco-noel/index.html]
[www.ville-hoenheim.fr/wp-content/plugins/the-events-calendar/resources/images/events-bar/icon-map.png]
[www.ville-hoenheim.fr/category/votre-ville/loisirs/jardins-familiaux/index.html]
[www.ville-hoenheim.fr/wp-content/plugins/the-events-calendar/resources/images/tribe-tooltips@2x.png]
[www.ville-hoenheim.fr/wp-content/plugins/the-events-calendar/resources/images/events-bar/icon-search@2x.png]
[www.ville-hoenheim.fr/category/votre-ville/loisirs/la-peche/index.html]
[www.ville-hoenheim.fr/wp-content/plugins/the-events-calendar/resources/images/events-bar/icon-gear@2x.png]
[www.ville-hoenheim.fr/wp-content/plugins/the-events-calendar/vendor/select2/select2x2.png]
[www.ville-hoenheim.fr/wp-content/plugins/the-events-calendar/resources/images/events-bar/icon-month@2x.png]
[www.ville-hoenheim.fr/category/votre-ville/loisirs/equipements-sportifs/index.html]
[www.ville-hoenheim.fr/wp-content/plugins/the-events-calendar/resources/images/events-bar/icon-list@2x.png]
[www.ville-hoenheim.fr/category/votre-ville/loisirs/csc/index.html]
[www.ville-hoenheim.fr/category/votre-ville/infos-utiles/index.html]
[www.ville-hoenheim.fr/category/votre-ville/infos-utiles/numeros-utiles/services-municipaux-de-la-ville/index.html]
[www.ville-hoenheim.fr/wp-content/plugins/the-events-calendar/resources/images/events-bar/icon-week@2x.png]
[www.ville-hoenheim.fr/wp-content/plugins/the-events-calendar/resources/images/events-bar/icon-day@2x.png]
[www.ville-hoenheim.fr/wp-content/plugins/the-events-calendar/resources/images/events-bar/icon-photo@2x.png]
[www.ville-hoenheim.fr/category/votre-ville/infos-utiles/dechets/index.html]
[www.ville-hoenheim.fr/category/votre-ville/infos-utiles/numeros-utiles/numeros-urgence/index.html]
[www.ville-hoenheim.fr/wp-content/plugins/the-events-calendar/resources/images/events-bar/icon-map@2x.png]
[www.ville-hoenheim.fr/wp-content/plugins/the-events-calendar/resources/tribe-events-full.min657a.css]
[www.ville-hoenheim.fr/category/votre-ville/infos-utiles/tarifs/index.html]
[www.ville-hoenheim.fr/category/votre-ville/affichage-legal/index.html]
[www.ville-hoenheim.fr/category/votre-ville/infos-utiles/vivre-ensemble/index.html]
[www.ville-hoenheim.fr/category/votre-ville/infos-utiles/dicrim/index.html]
[www.ville-hoenheim.fr/wp-content/themes/jolene/genericons/genericons927c.css]
[www.ville-hoenheim.fr/wp-content/themes/jolene/genericons/genericons/genericons.css]
[www.ville-hoenheim.fr/events/index.html]
[www.ville-hoenheim.fr/wp-content/themes/jolene/style.css]
[www.ville-hoenheim.fr/wp-content/themes/hoenheim/stylef658.css]
[www.ville-hoenheim.fr/category/vie-associative/demande-de-subventions/index.html]
[www.ville-hoenheim.fr/category/vie-associative/services-associations/index.html]
[www.ville-hoenheim.fr/category/vie-associative/index.html]
[www.ville-hoenheim.fr/category/vie-economique/index.html]
[www.ville-hoenheim.fr/category/vie-economique/poles-economiques/index.html]
[www.ville-hoenheim.fr/category/vie-economique/annuaire-entreprises/index.html]
[www.ville-hoenheim.fr/category/vie-economique/poles-economiques/commerce-proximte/index.html]
[connect.facebook.net/fr_FR/sdk.js]
[www.ville-hoenheim.fr/category/vie-economique/poles-economiques/pole-automobile/index.html]
[www.ville-hoenheim.fr/category/vie-economique/poles-economiques/zi-bischheim-hoenheim/index.html]
[www.ville-hoenheim.fr/le-mot-du-maire/index.html]
[www.ville-hoenheim.fr/category/vie-economique/poles-economiques/za-lawantzenau/index.html]
[www.ville-hoenheim.fr/category/vie-economique/emploi/index.html]
[www.ville-hoenheim.fr/category/services/index.html]
[www.ville-hoenheim.fr/event/concert-de-lensemble-cest-pas-classique/index.html]
[www.ville-hoenheim.fr/event/collecte-de-sang-au-centre-socioculturel-5-av-du-ried/index.html]
[www.ville-hoenheim.fr/wp-json/wp/v2/categories/265.json]
[www.ville-hoenheim.fr/wp-content/uploads/2015/06/Demande-de-second-Livret-de-Famille.pdf]
[www.ville-hoenheim.fr/category/services/etat_civil/mariage/index.html]
[www.ville-hoenheim.fr/event/grand-parc-gonflable/index.html]
[www.ville-hoenheim.fr/event/cinema-de-plein-air-un-ptit-truc-en-plus/index.html]
[www.ville-hoenheim.fr/vos-demarches/index.html]
[www.ville-hoenheim.fr/event/kaffekranzel-du-2-septembre/index.html]
[www.ville-hoenheim.fr/wp-json/oembed/1.0/embedc652.json]
[www.ville-hoenheim.fr/installation-du-nouveau-conseil-municipal/index.html]
[www.ville-hoenheim.fr/canicule-la-ville-de-hoenheim-se-mobilise-pour-les-personnes-vulnerables/index.html]
[www.ville-hoenheim.fr/garderie-des-vacances-changement-de-lieu/index.html]
[www.ville-hoenheim.fr/frelon-asiatique-agir-des-maintenant/index.html]
[www.ville-hoenheim.fr/wp-json/oembed/1.0/embedeecf]
[www.ville-hoenheim.fr/location-de-salles/index.html]
[www.ville-hoenheim.fr/category/vos-demarches/index.html]
[www.ville-hoenheim.fr/category/services/communication/index.html]
[www.ville-hoenheim.fr/category/services/culture/index.html]
[www.ville-hoenheim.fr/category/services/direction-generale-des-services/index.html]
[www.ville-hoenheim.fr/category/services/ecole-municipale-musique/index.html]
[www.ville-hoenheim.fr/category/services/etat_civil/naissance/index.html]
[www.ville-hoenheim.fr/category/services/etat_civil/autresdemandes/index.html]
[www.ville-hoenheim.fr/wp-json/wp/v2/categories/35.json]
[www.ville-hoenheim.fr/wp-content/uploads/2025/02/prise-de-RDV-en-ligne-300x300.png]
[www.ville-hoenheim.fr/category/services/etat_civil/demarches-en-ligne/index.html]
[www.ville-hoenheim.fr/wp-content/uploads/2015/04/rubriqueetatcivil-235x235.jpg]
[www.ville-hoenheim.fr/wp-content/uploads/2015/06/mariagei2-235x235.jpg]
[www.ville-hoenheim.fr/wp-content/uploads/2015/06/honneur-235x235.jpg]
[www.ville-hoenheim.fr/category/services/finances/index.html]
[www.ville-hoenheim.fr/wp-content/uploads/2015/04/rubrique-cimetiere-235x235.jpg]
[www.ville-hoenheim.fr/category/services/finances/budgets-et-comptes-administratifs/index.html]
[www.ville-hoenheim.fr/wp-content/uploads/2016/02/passeport-235x235.jpg]
[www.ville-hoenheim.fr/wp-content/uploads/2015/06/MSP_img_perspective-235x235.jpg]
[www.ville-hoenheim.fr/category/services/etat_civil/index.html]
[www.ville-hoenheim.fr/category/services/finances/commande-publique/index.html]
[www.ville-hoenheim.fr/category/services/finances/subventions-attribuees/index.html]
[www.ville-hoenheim.fr/category/services/jeunesse/animation-ete/index.html]
[www.ville-hoenheim.fr/category/services/jeunesse/sorties-culturelles/index.html]
[www.ville-hoenheim.fr/category/services/jeunesse/sorties-du-mercredi/index.html]
[www.ville-hoenheim.fr/category/services/jeunesse/sorties-familles/index.html]
[www.ville-hoenheim.fr/category/services/petite_enfance/creche-familiale/index.html]
[www.ville-hoenheim.fr/category/services/petite_enfance/halte-garderie/index.html]
[www.ville-hoenheim.fr/wp-json/wp/v2/categories/40.json]
[www.ville-hoenheim.fr/wp-content/uploads/2023/04/Hoenheim_1-offre-emploi-300x199.jpg]
[www.ville-hoenheim.fr/category/services/petite_enfance/multi-accueil/index.html]
[www.ville-hoenheim.fr/wp-content/uploads/2022/03/20220301-MARDI-GRAS_2507-300x225.jpg]
[www.ville-hoenheim.fr/wp-content/uploads/2021/04/d729bcae-cef0-4dfb-a001-f30931328da3-300x249.jpg]
[www.ville-hoenheim.fr/wp-content/uploads/2015/06/creche-familiale-235x235.jpg]
[www.ville-hoenheim.fr/wp-content/uploads/2015/06/haltegarderie-235x235.jpg]
[www.ville-hoenheim.fr/wp-content/uploads/2015/06/multi-accueil-235x235.jpg]
[www.ville-hoenheim.fr/category/services/petite_enfance/rpe/index.html]
[www.ville-hoenheim.fr/wp-content/uploads/2023/02/RPE-235x235.jpg]
[www.ville-hoenheim.fr/category/services/petite_enfance/index.html]
[www.ville-hoenheim.fr/category/services/ressources-humaines/index.html]
[www.ville-hoenheim.fr/category/services/scolaire/etablissements-scolaires/index.html]
[www.ville-hoenheim.fr/category/services/scolaire/periscolaire-extrascolaire/index.html]
[www.ville-hoenheim.fr/category/services/securite/index.html]
[www.ville-hoenheim.fr/category/services/services_sociaux/index.html]
[www.ville-hoenheim.fr/category/services/services_sociaux/aide-sociale/index.html]
[www.ville-hoenheim.fr/category/services/services_sociaux/canicule/index.html]
[www.ville-hoenheim.fr/wp-json/wp/v2/categories/37.json]
[www.ville-hoenheim.fr/wp-content/uploads/2026/03/2026_Garderie-vacances-changement-adresse-211x300.jpg]
[www.ville-hoenheim.fr/wp-content/uploads/2020/07/fermeture-service-affaires-scolaires-1000x443-pix-jpg-300x133.jpg]
[www.ville-hoenheim.fr/wp-content/uploads/2021/09/image-1-225x300.jpg]
[www.ville-hoenheim.fr/wp-content/uploads/2015/04/scolaire-300x101.jpg]
[www.ville-hoenheim.fr/wp-content/uploads/2015/04/rubriqueecole-235x235.jpg]
[www.ville-hoenheim.fr/wp-content/uploads/2015/06/garderie-235x235.jpg]
[www.ville-hoenheim.fr/category/services/scolaire/index.html]
[www.ville-hoenheim.fr/category/services/services_sociaux/cours-francais/index.html]
[www.ville-hoenheim.fr/category/services/services_sociaux/epicerie-sociale/index.html]
[www.ville-hoenheim.fr/category/services/services_sociaux/logements-sociaux/index.html]
[www.ville-hoenheim.fr/category/services/technique/index.html]
[www.ville-hoenheim.fr/category/services/technique/formalites-avabt-travaux/index.html]
[www.ville-hoenheim.fr/category/services/technique/chantiers-en-cours/index.html]
[www.ville-hoenheim.fr/category/services/technique/occupation-domaine-public/index.html]
[www.ville-hoenheim.fr/wp-json/wp/v2/categories/19.json]
[www.ville-hoenheim.fr/category/votre-ville/infos-utiles/animaux/index.html]
[www.ville-hoenheim.fr/category/services/technique/ravalement/index.html]
[www.ville-hoenheim.fr/wp-content/uploads/2021/06/4294-300x300.jpg]
[www.ville-hoenheim.fr/wp-content/uploads/2015/04/assoc-300x92.jpg]
[www.ville-hoenheim.fr/category/vie-associative/guide-associations/index.html]
[www.ville-hoenheim.fr/category/votre-ville/infos-utiles/eurometropole/index.html]
[www.ville-hoenheim.fr/category/votre-ville/infos-utiles/numeros-utiles/index.html]
[www.ville-hoenheim.fr/politique-de-confidentialite/index.html]
[www.ville-hoenheim.fr/politique-des-cookies/index.html]
[www.ville-hoenheim.fr/wp-content/plugins/the-events-calendar/resources/tribe-events-full-mobile.min657a.css]
[www.ville-hoenheim.fr/wp-content/plugins/pointelle-slider/js/pointelle9dfc.js]
[www.ville-hoenheim.fr/mentions-legales/index.html]
[www.ville-hoenheim.fr/contacter-le-webmaster/index.html]
[www.ville-hoenheim.fr/wp-json/wp/v2/categories/38.json]
[www.ville-hoenheim.fr/xmlrpc0db0.php]
[www.ville-hoenheim.fr/wp-includes/wlwmanifest.xml]
[www.ville-hoenheim.fr/wp-content/uploads/2021/09/white.png]
[www.ville-hoenheim.fr/wp-content/uploads/2015/04/FacebookR.png]
[www.ville-hoenheim.fr/wp-content/uploads/2019/08/vignette_web-235x235.jpg]
[www.ville-hoenheim.fr/wp-content/themes/hoenheim/img/Sans-vignette.png]
[www.ville-hoenheim.fr/wp-content/uploads/2015/04/rubriqueculturejeunes-235x235.jpg]
[www.ville-hoenheim.fr/wp-content/uploads/2015/06/mercredi-235x235.jpg]
[www.ville-hoenheim.fr/category/services/etat_civil/mariage/feed/index.html]
[www.ville-hoenheim.fr/wp-content/uploads/2019/08/vignette_web-1-235x235.jpg]
[www.ville-hoenheim.fr/wp-content/uploads/2015/07/rubriqueticketssport-235x235.jpg]
[www.ville-hoenheim.fr/category/services/jeunesse/index.html]
[www.ville-hoenheim.fr/category/services/etat_civil/feed/index.html]
[www.ville-hoenheim.fr/category/non-classe/index.html]
[www.ville-hoenheim.fr/nouveau-prise-de-rendez-vous-en-ligne-pour-les-cartes-didentite-et-les-passeports/index.html]
[www.ville-hoenheim.fr/category/services/petite_enfance/feed/index.html]
[www.ville-hoenheim.fr/wp-json/wp/v2/categories/83.json]
[www.ville-hoenheim.fr/titre-tania/index.html]
[www.ville-hoenheim.fr/wp-content/uploads/2015/04/REPAS-DE-NOEL-DES-SENIORS-DE-HOENHEIM-2011-252.jpg]
[www.ville-hoenheim.fr/category/services/services_sociaux/fete-personnes_agees/index.html]
[www.ville-hoenheim.fr/emploi-au-multi-accueil/index.html]
[www.ville-hoenheim.fr/emplois-petite-enfance/index.html]
[www.ville-hoenheim.fr/des-nouvelles-de-nos-bambins/index.html]
[www.ville-hoenheim.fr/le-lapin-de-paques-est-passe-a-hoenheim/index.html]
[www.ville-hoenheim.fr/category/services/scolaire/feed/index.html]
[www.ville-hoenheim.fr/petite-enfance/index.html]
[www.ville-hoenheim.fr/category/services/services_sociaux/kaffeekranzel/index.html]
[www.ville-hoenheim.fr/wp-json/wp/v2/categories/82.json]
[www.ville-hoenheim.fr/horaires-daccueil-service-des-affaires-scolaires/index.html]
[www.ville-hoenheim.fr/scolaire/index.html]
[www.ville-hoenheim.fr/inaugurations-despaces-pedagogiques-et-tournee-des-ecoles-avec-le-dasen/index.html]
[www.ville-hoenheim.fr/category/vie-associative/guide-associations/feed/index.html]
[www.ville-hoenheim.fr/les-clubs-de-la-ville-vous-informent/index.html]
[www.ville-hoenheim.fr/test-photo-2/index.html]
[www.ville-hoenheim.fr/category/services/jeunesse/programme-des-vacances-9-a-17-ans/index.html]
[www.ville-hoenheim.fr/wp-json/wp/v2/categories/68.json]
[www.ville-hoenheim.fr/category/services/jeunesse/feed/index.html]
[www.ville-hoenheim.fr/wp-content/uploads/2015/04/IMG_4450.jpg]
[www.ville-hoenheim.fr/category/services/etat_civil/ville_honneur/index.html]
[www.ville-hoenheim.fr/category/services/services_sociaux/forum-des-seniors/index.html]
[www.ville-hoenheim.fr/category/services/jeunesse/tickets-loisirs/index.html]
[www.ville-hoenheim.fr/category/services/services_sociaux/fete-personnes_agees/feed/index.html]
[www.ville-hoenheim.fr/category/services/services_sociaux/kaffeekranzel/feed/index.html]
[www.ville-hoenheim.fr/category/services/etat_civil/ville_honneur/feed/index.html]
[www.ville-hoenheim.fr/wp-json/wp/v2/categories/12.json]
[www.ville-hoenheim.fr/wp-content/uploads/2015/04/ecoquartier.jpg]
[www.ville-hoenheim.fr/category/votre-ville/attractivite/eco-quartier/index.html]
[www.ville-hoenheim.fr/category/votre-ville/attractivite/eco-quartier/feed/index.html]
[www.ville-hoenheim.fr/wp-json/wp/v2/categories/16.json]
[www.ville-hoenheim.fr/category/votre-ville/attractivite/ehpad/feed/index.html]
[www.ville-hoenheim.fr/wp-content/uploads/2015/04/maison-retraite-300x101.jpg]
[www.ville-hoenheim.fr/category/votre-ville/attractivite/ehpad/index.html]
[www.ville-hoenheim.fr/category/services/etat_civil/deces/feed/index.html]
[www.ville-hoenheim.fr/wp-json/wp/v2/categories/70.json]
[www.ville-hoenheim.fr/wp-content/uploads/2015/04/cimetiere.jpg]
[www.ville-hoenheim.fr/maisons-de-retraite/index.html]
[www.ville-hoenheim.fr/wp-content/uploads/2019/01/DEMANDE-DE-DISPERSION-DE-CENDRES.doc]
[www.ville-hoenheim.fr/wp-content/uploads/2015/04/DEMANDE-DE-SCELLEMENT-D_URNE.pdf]
[www.ville-hoenheim.fr/wp-content/uploads/2015/04/Demande-dautorisation-dérection-de-monument-fu-avec-rq.pdf]
[www.ville-hoenheim.fr/wp-content/uploads/2015/04/DEMANDE-DACQUISITION-DE-CONCESSION-tarifs-a-completer.pdf]
[www.ville-hoenheim.fr/wp-content/uploads/2015/04/NOUVEAU-REGLEMENT-DES-CIMETIERES-A-COMPTER-DU-1ER-JANVIER-2015.pdf]
[www.ville-hoenheim.fr/category/services/etat_civil/deces/index.html]
[www.ville-hoenheim.fr/wp-json/wp/v2/categories/6.json]
[www.ville-hoenheim.fr/wp-content/uploads/2021/09/DECLICS-300x190.jpg]
[www.ville-hoenheim.fr/category/votre-ville/attractivite/feed/index.html]
[www.ville-hoenheim.fr/wp-content/uploads/2015/04/rubrique-eco-quartier-235x235.jpg]
[www.ville-hoenheim.fr/wp-content/uploads/2015/07/rubrique_maisonretraite-235x235.jpg]
[www.ville-hoenheim.fr/wp-content/uploads/2015/06/IMG_4457-235x235.jpg]
[www.ville-hoenheim.fr/wp-content/uploads/2015/06/IMG_5786-235x235.jpg]
[www.ville-hoenheim.fr/wp-content/uploads/2015/04/rubrique-transport-235x235.jpg]
[www.ville-hoenheim.fr/wp-content/uploads/2015/07/rubriquepoleauto-235x235.jpg]
[www.ville-hoenheim.fr/category/votre-ville/attractivite/index.html]
[www.ville-hoenheim.fr/les-defis-declics-2021-2022/index.html]
[www.ville-hoenheim.fr/le-nouveau-virtuose/index.html]
[www.ville-hoenheim.fr/wp-json/wp/v2/categories/24.json]
[www.ville-hoenheim.fr/wp-content/uploads/2015/06/Tarifs-TLPE-2017.pdf]
[www.ville-hoenheim.fr/category/vie-economique/taxe-publicite/feed/index.html]
[www.ville-hoenheim.fr/wp-content/uploads/2015/04/Tarifs-TLPE-2018.pdf]
[www.ville-hoenheim.fr/wp-content/uploads/2018/06/Tarifs-TLPE-2019.pdf]
[www.ville-hoenheim.fr/wp-content/uploads/2019/07/20190401-21.pdf]
[www.ville-hoenheim.fr/wp-content/uploads/2021/07/Tarifs-TLPE-2021.pdf]
[www.ville-hoenheim.fr/wp-content/uploads/2021/07/Tarifs-TLPE-2022.pdf]
[www.ville-hoenheim.fr/wp-content/uploads/2015/04/Tarifs-TLPE-2023.pdf]
[www.ville-hoenheim.fr/wp-content/uploads/2015/04/Tarifs-TLPE-2024.pdf]
[www.ville-hoenheim.fr/wp-content/uploads/2015/04/2024-44.pdf]
[www.ville-hoenheim.fr/wp-content/uploads/2015/04/Tarifs-TLPE-2026.pdf]
[www.ville-hoenheim.fr/category/vie-economique/taxe-publicite/index.html]
[www.ville-hoenheim.fr/category/vie-economique/marches-publics/index.html]
[www.ville-hoenheim.fr/wp-json/wp/v2/categories/23.json]
[www.ville-hoenheim.fr/category/vie-economique/marches-publics/feed/index.html]
[www.ville-hoenheim.fr/wp-json/wp/v2/pages/18.json]
[www.ville-hoenheim.fr/wp-json/oembed/1.0/embeda164.json]
[www.ville-hoenheim.fr/wp-json/oembed/1.0/embed90e1]
[www.ville-hoenheim.fr/plan-du-site/index.html]
[www.ville-hoenheim.fr/category/article_accueil/index.html]
[www.ville-hoenheim.fr/canicule-fortes-chaleurs-protegez-vous/index.html]
[www.ville-hoenheim.fr/livres-voyageurs/index.html]
[www.ville-hoenheim.fr/nouveau-le-quotient-familial-unique/index.html]
[www.ville-hoenheim.fr/zfe-m-ouverture-de-la-plate-forme-de-depot-et-dinstruction-des-demandes-de-derogations/index.html]
[www.ville-hoenheim.fr/la-collecte-des-dechets-alimentaires-cest-parti/index.html]
[www.ville-hoenheim.fr/deplacement-du-marche-du-mercredi-matin-a-partir-du-6-septembre/index.html]
[www.ville-hoenheim.fr/wp-json/wp/v2/pages/22.json]
[www.ville-hoenheim.fr/nouveaux-horaires-douverture-de-la-mairie/index.html]
[www.ville-hoenheim.fr/plan-deconomies-denergies/index.html]
[www.ville-hoenheim.fr/marche-vitaboucle-du-16-octobre-2022/index.html]
[www.ville-hoenheim.fr/wp-json/oembed/1.0/embeda1a6.json]
[www.ville-hoenheim.fr/elections-presidentielles-2022-resultats-des-bureaux-de-votes-hoenheimois/index.html]
[www.ville-hoenheim.fr/wp-json/oembed/1.0/embed684b]
[www.ville-hoenheim.fr/nous-contacter/index.html]
[www.ville-hoenheim.fr/dematerialisation-des-autorisations-durbanisme/index.html]
[www.ville-hoenheim.fr/cyclerecyclez-bientot-a-hoenheim/index.html]
[www.ville-hoenheim.fr/demarches-en-lignes-et-demandes-de-subventions/index.html]
[www.ville-hoenheim.fr/remise-de-diplomes-et-vifs-remerciements/index.html]
[www.ville-hoenheim.fr/des-jeunes-pousses-rue-de-la-fontaine/index.html]
[www.ville-hoenheim.fr/bien-vieillir-a-hoenheim/index.html]
[www.ville-hoenheim.fr/benevolat-aide-aux-devoirs-du-cp-au-cm2/index.html]
[www.ville-hoenheim.fr/prevention-de-risques-de-noyade-dans-le-rhin/index.html]
[www.ville-hoenheim.fr/wp-json/wp/v2/categories/2.json]
[www.ville-hoenheim.fr/demarchage-ou-porte-a-porte/index.html]
[www.ville-hoenheim.fr/wp-content/uploads/2015/03/Hoenheim_09-235x235.jpg]
[www.ville-hoenheim.fr/wp-content/uploads/2015/06/attractivité-235x235.jpg]
[www.ville-hoenheim.fr/wp-content/uploads/2015/04/rubrique_histoire-235x235.jpg]
[www.ville-hoenheim.fr/wp-content/uploads/2015/08/infoutiles-235x235.jpg]
[www.ville-hoenheim.fr/secousses-sismiques-et-degats-2/index.html]
[www.ville-hoenheim.fr/wp-content/uploads/2015/04/rubriqueairsdejeux-235x235.jpg]
[www.ville-hoenheim.fr/numeros-durgence/index.html]
[www.ville-hoenheim.fr/wp-content/uploads/2020/08/rubrique-vie-politique-300x300-235x235.jpg]
[www.ville-hoenheim.fr/category/votre-ville/index.html]
[www.ville-hoenheim.fr/ouverture-du-pass-culture-aux-18-ans-et-plus/index.html]
[www.ville-hoenheim.fr/concours-de-poesie-lenvolee/index.html]
[www.ville-hoenheim.fr/la-peche/index.html]
[www.ville-hoenheim.fr/vos-droits-declaration-prealable-permis-de-construire-permis-de-demolir/index.html]
[www.ville-hoenheim.fr/dechets-dangereux-des-menages/index.html]
[www.ville-hoenheim.fr/wp-json/wp/v2/categories/3.json]
[www.ville-hoenheim.fr/tous-a-velo/index.html]
[www.ville-hoenheim.fr/je-protege-mon-enfant/index.html]
[www.ville-hoenheim.fr/pizzas-a-1-euro-et-collectes-pour-nos-etudiants/index.html]
[www.ville-hoenheim.fr/wp-content/uploads/2015/04/histoire1.jpg]
[www.ville-hoenheim.fr/wp-content/uploads/2015/04/blason-Hoenheim1.jpg]
[www.ville-hoenheim.fr/qui-doit-deneiger-le-trottoir-devant-chez-vous/index.html]
[www.ville-hoenheim.fr/faux-sites-administratifs-attention-aux-arnaques/index.html]
[www.ville-hoenheim.fr/wp-content/uploads/2015/04/logoHoenheim.jpg]
[www.ville-hoenheim.fr/category/votre-ville/histoire/index.html]
[www.ville-hoenheim.fr/lhiver-nous-offre-son-beau-manteau-blanc/index.html]
[www.ville-hoenheim.fr/pneus-hiver-chaines-a-neige-quelles-reglementations/index.html]
[www.ville-hoenheim.fr/cycliste-et-bien-equipe/index.html]
[www.ville-hoenheim.fr/des-sapins-par-centaines/index.html]
[www.ville-hoenheim.fr/wp-json/wp/v2/categories/4.json]
[www.ville-hoenheim.fr/etes-vous-de-bon-poele/index.html]
[www.ville-hoenheim.fr/wp-content/uploads/2026/03/Maire-adjoints2026-web.jpg]
[www.ville-hoenheim.fr/wp-content/uploads/2020/08/rubrique-trombiadjoints-300x300-violet-235x235.jpg]
[www.ville-hoenheim.fr/wp-content/uploads/2020/08/rubrique-trombiadjoints-300x300-turquoise-235x235.jpg]
[www.ville-hoenheim.fr/une-application-pour-venir-en-aide/index.html]
[www.ville-hoenheim.fr/des-masques-aux-couleurs-de-noel/index.html]
[www.ville-hoenheim.fr/wp-content/uploads/2020/08/rubrique-trombiadjoints-300x300-bleu-235x235.jpg]
[www.ville-hoenheim.fr/operation-boites-de-noel-plus-de-2500/index.html]
[www.ville-hoenheim.fr/commemoration-du-11-novembre/index.html]
[www.ville-hoenheim.fr/wp-content/uploads/2020/08/rubrique-trombiadjoints-300x300-orange-235x235.jpg]
[www.ville-hoenheim.fr/wp-content/uploads/2020/08/rubrique-trombiadjoints-300x300-gris-235x235.jpg]
[www.ville-hoenheim.fr/category/votre-ville/vie-politique/index.html]
[www.ville-hoenheim.fr/moncommissariat-fr/index.html]
[www.ville-hoenheim.fr/cliquons-pour-nos-commerces-de-proximite-et-nos-artisans/index.html]
[www.ville-hoenheim.fr/un-jardin-en-devenir-au-coeur-du-ried/index.html]
[www.ville-hoenheim.fr/la-mdph-en-service-continu/index.html]
[www.ville-hoenheim.fr/pour-un-cadre-de-vie-propre/index.html]
[www.ville-hoenheim.fr/une-herbe-pas-si-mauvaise/index.html]
[www.ville-hoenheim.fr/travaux-sur-les-rails/index.html]
[www.ville-hoenheim.fr/wp-json/wp/v2/categories/7.json]
[www.ville-hoenheim.fr/wp-content/uploads/2015/04/2026_Trombinoscope-elusOK.jpg]
[www.ville-hoenheim.fr/une-tournee-des-ecoles-avec-les-elus/index.html]
[www.ville-hoenheim.fr/category/votre-ville/vie-politique/cm-trombinoscope/index.html]
[www.ville-hoenheim.fr/un-formulaire-en-ligne-pour-signaler-un-nid-de-guepe/index.html]
[www.ville-hoenheim.fr/5-edition-populaire-pour-martine-et-ses-roses/index.html]
[www.ville-hoenheim.fr/conference-st-vincent-de-paul/index.html]
[www.ville-hoenheim.fr/reagir-face-aux-violences-conjugales/index.html]
[www.ville-hoenheim.fr/mise-en-place-dune-cellule-decoute/index.html]
[www.ville-hoenheim.fr/soutien-aux-personnes-en-deuil/index.html]
[www.ville-hoenheim.fr/wp-json/wp/v2/categories/8.json]
[www.ville-hoenheim.fr/wie-gehts/index.html]
[www.ville-hoenheim.fr/wp-content/uploads/2026/03/CM-Hoenheim-2026-web-300x200.jpg]
[www.ville-hoenheim.fr/category/votre-ville/vie-politique/conseil-municipal/index.html]
[www.ville-hoenheim.fr/wp-content/uploads/2022/02/20220125_HONORARIAT_TRENEY_LUTZ_6539_DNA-300x213.jpg]
[www.ville-hoenheim.fr/securite/index.html]
[www.ville-hoenheim.fr/numerosdurgence-plandelaville/index.html]
[www.ville-hoenheim.fr/les-lignes-de-bus-evoluent/index.html]
[www.ville-hoenheim.fr/sorties-familles/index.html]
[www.ville-hoenheim.fr/httpwww-ville-hoenheim-frwp-contentuploads201802nap-elementaire-3e-trimestre2017-2018-pdf/index.html]
[www.ville-hoenheim.fr/httpwww-ville-hoenheim-frwp-contentuploads201802nap-maternelle-3e-trimestre2017-2018-pdfnap-pour-les-eleves-des-ecoles-maternelles/index.html]
[www.ville-hoenheim.fr/category/votre-ville/vie-politique/les-commissions/index.html]
[www.ville-hoenheim.fr/wp-json/wp/v2/categories/61.json]
[www.ville-hoenheim.fr/vie-associative/index.html]
[www.ville-hoenheim.fr/garderie-des-vacances/index.html]
[www.ville-hoenheim.fr/article-pas-en-avant/index.html]
[www.ville-hoenheim.fr/services-aux-associations/index.html]
[www.ville-hoenheim.fr/beecome-dispositif-daide-numerique-pour-les-entreprises-de-lems/index.html]
[www.ville-hoenheim.fr/vie-economique/index.html]
[www.ville-hoenheim.fr/category/votre-ville/vie-politique/librespropos/index.html]
[www.ville-hoenheim.fr/wp-json/wp/v2/categories/279.json]
[www.ville-hoenheim.fr/annuaire-des-entreprises/index.html]
[www.ville-hoenheim.fr/le-parcours-emploi-competences/index.html]
[www.ville-hoenheim.fr/devenir-accompagnant-dun-eleve-en-situation-de-handicap/index.html]
[www.ville-hoenheim.fr/les-services-pour-lemploi/index.html]
[www.ville-hoenheim.fr/wp-json/wp/v2/categories/9.json]
[www.ville-hoenheim.fr/marches-publics/index.html]
[www.ville-hoenheim.fr/commerce-de-proximite/index.html]
[www.ville-hoenheim.fr/poles-economiques/index.html]
[www.ville-hoenheim.fr/wp-content/uploads/2015/04/2022-conseil-aines.jpg]
[www.ville-hoenheim.fr/category/votre-ville/vie-politique/conseil-aines/index.html]
[www.ville-hoenheim.fr/route-de-la-wantzenau-une-zone-dactivites-en-devenir/index.html]
[www.ville-hoenheim.fr/zone-industrielle-intercommunale-bischheim-hoenheim/index.html]
[www.ville-hoenheim.fr/tlpe/index.html]
[www.ville-hoenheim.fr/nos-services/index.html]
[www.ville-hoenheim.fr/le-service-communication/index.html]
[www.ville-hoenheim.fr/land-un-sproch-les-cahiers-du-bilinguisme/index.html]
[www.ville-hoenheim.fr/wp-json/wp/v2/categories/14.json]
[www.ville-hoenheim.fr/covid-19-artiste-artisan-dart-exposez-sur-la-toile/index.html]
[www.ville-hoenheim.fr/culture/index.html]
[www.ville-hoenheim.fr/wp-content/uploads/2026/02/Frelon-asiatique-_Piegez-signalez-300x200.png]
[www.ville-hoenheim.fr/wp-content/uploads/2020/07/moustique-tigre-300x133.jpg]
[www.ville-hoenheim.fr/wp-content/uploads/2022/01/image-29-300x225.jpg]
[www.ville-hoenheim.fr/wp-content/uploads/2021/04/Don-de-vélo_7358_b-300x185.jpg]
[www.ville-hoenheim.fr/category/votre-ville/attractivite/environnement/index.html]
[www.ville-hoenheim.fr/direction-generale-des-services/index.html]
[www.ville-hoenheim.fr/ecole-de-musique/index.html]
[www.ville-hoenheim.fr/naissances/index.html]
[www.ville-hoenheim.fr/mariage/index.html]
[www.ville-hoenheim.fr/la-ville-vous-met-a-lhonneur/index.html]
[www.ville-hoenheim.fr/wp-json/wp/v2/categories/15.json]
[www.ville-hoenheim.fr/cimetieres/index.html]
[www.ville-hoenheim.fr/autres-demarches/index.html]
[www.ville-hoenheim.fr/wp-content/uploads/2015/04/marché.jpg]
[www.ville-hoenheim.fr/category/votre-ville/attractivite/marches-hebdomadaires/index.html]
[www.ville-hoenheim.fr/demarches-en-ligne/index.html]
[www.ville-hoenheim.fr/comptabilite/index.html]
[www.ville-hoenheim.fr/budgets-et-comptes-administratifs/index.html]
[www.ville-hoenheim.fr/commande-publique/index.html]
[www.ville-hoenheim.fr/subventions-attribuees/index.html]
[www.ville-hoenheim.fr/loisirs/index.html]
[www.ville-hoenheim.fr/animations-dete-pour-les-jeunes/index.html]
[www.ville-hoenheim.fr/sorties-culturelles-des-jeunes/index.html]
[www.ville-hoenheim.fr/sorties-decouvertes-du-mercredi/index.html]
[www.ville-hoenheim.fr/creche-familiale-les-tatilous/index.html]
[www.ville-hoenheim.fr/wp-json/wp/v2/categories/62.json]
[www.ville-hoenheim.fr/wp-content/uploads/2015/09/centresocio-235x235.jpg]
[www.ville-hoenheim.fr/wp-content/uploads/2015/06/IMG_1359-235x235.jpg]
[www.ville-hoenheim.fr/wp-content/uploads/2015/07/rubriquejardin-235x235.jpg]
[www.ville-hoenheim.fr/halte-garderie-les-ptits-bouts/index.html]
[www.ville-hoenheim.fr/wp-content/uploads/2015/04/rubrique-peche-235x235.jpg]
[www.ville-hoenheim.fr/multi-accueil-les-champs-fleuris/index.html]
[www.ville-hoenheim.fr/relais-des-assistantes-maternelles/index.html]
[www.ville-hoenheim.fr/wp-content/uploads/2015/06/sports-235x235.jpg]
[www.ville-hoenheim.fr/category/votre-ville/loisirs/index.html]
[www.ville-hoenheim.fr/ressources-humaines/index.html]
[www.ville-hoenheim.fr/etablissements-scolaires/index.html]
[www.ville-hoenheim.fr/services-sociaux/index.html]
[www.ville-hoenheim.fr/periscolaire-extrascolaire/index.html]
[www.ville-hoenheim.fr/service-de-transport-changement-de-jour/index.html]
[www.ville-hoenheim.fr/aide-sociale/index.html]
[www.ville-hoenheim.fr/wp-json/wp/v2/categories/63.json]
[www.ville-hoenheim.fr/prevention-canicule-recensement-des-personnes-vulnerables/index.html]
[www.ville-hoenheim.fr/cours-de-francais-pour-adultes/index.html]
[www.ville-hoenheim.fr/wp-content/uploads/2015/04/airdejeux.jpg]
[www.ville-hoenheim.fr/category/votre-ville/loisirs/aires-de-jeux-promenades/index.html]
[www.ville-hoenheim.fr/lepicerie-sociale-hoenheim-bischheim-schiltigheim/index.html]
[www.ville-hoenheim.fr/fete-des-personnes-agees/index.html]
[www.ville-hoenheim.fr/kaffeekranzel/index.html]
[www.ville-hoenheim.fr/demenagement-et-nouveau-logement-nota-bene/index.html]
[www.ville-hoenheim.fr/demande-de-logement-social/index.html]
[www.ville-hoenheim.fr/technique/index.html]
[www.ville-hoenheim.fr/formalites-avant-travaux/index.html]
[www.ville-hoenheim.fr/wp-json/wp/v2/categories/67.json]
[www.ville-hoenheim.fr/chantiers/index.html]
[www.ville-hoenheim.fr/wp-content/uploads/2015/04/fleurissement.jpg]
[www.ville-hoenheim.fr/wp-content/uploads/2015/04/vignette-article-site-fleurissement.jpg]
[www.ville-hoenheim.fr/wp-content/uploads/2015/04/vignette-article-site-fleurissement-300x200.jpg]
[www.ville-hoenheim.fr/category/votre-ville/loisirs/fleurissement-deco-noel/index.html]
[www.ville-hoenheim.fr/titre-patrick/index.html]
[www.ville-hoenheim.fr/ravalement/index.html]
[www.ville-hoenheim.fr/borne-numerique/index.html]
[www.ville-hoenheim.fr/eco-quartier/index.html]
[www.ville-hoenheim.fr/moustique-tigre-traitement-davaloirs-de-rue/index.html]
[www.ville-hoenheim.fr/don-de-velo/index.html]
[www.ville-hoenheim.fr/wp-json/wp/v2/categories/66.json]
[www.ville-hoenheim.fr/wp-content/uploads/2015/06/jardins.jpg]
[www.ville-hoenheim.fr/ems-grande-conference-citoyenne-sante-climat-quelles-solutions-de-mobilite/index.html]
[www.ville-hoenheim.fr/environnement/index.html]
[www.ville-hoenheim.fr/marches-hebdomadaires/index.html]
[www.ville-hoenheim.fr/wp-content/uploads/2015/06/Formulaire-demande-de-jardin.pdf]
[www.ville-hoenheim.fr/wp-content/uploads/2015/06/reglement-jardins-familiaux2010.pdf]
[www.ville-hoenheim.fr/category/votre-ville/loisirs/jardins-familiaux/index.html]
[www.ville-hoenheim.fr/se-deplacer/index.html]
[www.ville-hoenheim.fr/pole-automobile/index.html]
[www.ville-hoenheim.fr/historique-de-hoenheim/index.html]
[www.ville-hoenheim.fr/freerelance-contre-labandon-des-animaux-de-compagnie/index.html]
[www.ville-hoenheim.fr/infos-utiles/index.html]
[www.ville-hoenheim.fr/dechetterie/index.html]
[www.ville-hoenheim.fr/dicrim/index.html]
[www.ville-hoenheim.fr/demande-dinformation-sur-la-zone-a-faibles-emissions-de-leurometropole-zfe/index.html]
[www.ville-hoenheim.fr/flexhop-bientot-sur-la-2eme-couronne-de-lems/index.html]
[www.ville-hoenheim.fr/wp-json/wp/v2/categories/64.json]
[www.ville-hoenheim.fr/wp-content/uploads/2015/04/pêche.jpg]
[www.ville-hoenheim.fr/tarifs-municipaux/index.html]
[www.ville-hoenheim.fr/services-municipaux-de-la-ville-2/index.html]
[www.ville-hoenheim.fr/services-municipaux-de-la-ville/index.html]
[www.ville-hoenheim.fr/category/votre-ville/loisirs/la-peche/index.html]
[www.ville-hoenheim.fr/vivre-ensemble/index.html]
[www.ville-hoenheim.fr/centre-socioculturel-de-hoenheim/index.html]
[www.ville-hoenheim.fr/les-aires-de-jeux-et-promenades/index.html]
[www.ville-hoenheim.fr/fleurissement-et-deco-de-noel/index.html]
[www.ville-hoenheim.fr/jardins-familiaux/index.html]
[www.ville-hoenheim.fr/equipements-sportifs/index.html]
[www.ville-hoenheim.fr/wp-json/wp/v2/categories/65.json]
[www.ville-hoenheim.fr/trombinoscope/index.html]
[www.ville-hoenheim.fr/wp-content/uploads/2015/06/vignette_salle_gym_web-e1578579497375.jpg]
[www.ville-hoenheim.fr/le-conseil-des-aines/index.html]
[www.ville-hoenheim.fr/le-conseil-municipal/index.html]
[www.ville-hoenheim.fr/les-commissions-municipales/index.html]
[www.ville-hoenheim.fr/wp-content/uploads/2015/06/vignette_gymnase_chene_web-e1578579782273.jpg]
[www.ville-hoenheim.fr/wp-content/uploads/2015/06/vignette_gymnase_chene_web-300x200.jpg]
[www.ville-hoenheim.fr/libres-propos/index.html]
[www.ville-hoenheim.fr/wp-content/uploads/2015/06/vignette_terrain_synthe_web-e1578579775373.jpg]
[www.ville-hoenheim.fr/category/votre-ville/feed/index.html]
[www.ville-hoenheim.fr/category/votre-ville/histoire/feed/index.html]
[www.ville-hoenheim.fr/wp-content/uploads/2015/06/vignette_terrain_synthe_web-300x200.jpg]
[www.ville-hoenheim.fr/category/votre-ville/vie-politique/feed/index.html]
[www.ville-hoenheim.fr/wp-content/uploads/2015/06/vignette_tennis_web-e1578579348353.jpg]
[www.ville-hoenheim.fr/wp-content/uploads/2015/06/vignette_tennis_web-300x200.jpg]
[www.ville-hoenheim.fr/wp-content/uploads/2015/06/vignette_gymnase_web-e1578579394376.jpg]
[www.ville-hoenheim.fr/category/votre-ville/vie-politique/cm-trombinoscope/feed/index.html]
[www.ville-hoenheim.fr/category/votre-ville/vie-politique/conseil-municipal/feed/index.html]
[www.ville-hoenheim.fr/wp-content/uploads/2015/06/vignette_gymnase_web-300x200.jpg]
[www.ville-hoenheim.fr/wp-content/uploads/2015/06/vignette_gymnase_int_web-e1578579911592.jpg]
[www.ville-hoenheim.fr/wp-content/uploads/2015/06/vignette_gymnase_int_web-300x200.jpg]
[www.ville-hoenheim.fr/category/votre-ville/loisirs/equipements-sportifs/index.html]
[www.ville-hoenheim.fr/category/votre-ville/vie-politique/les-commissions/feed/index.html]
[www.ville-hoenheim.fr/category/votre-ville/vie-politique/librespropos/feed/index.html]
[www.ville-hoenheim.fr/category/votre-ville/vie-politique/conseil-aines/feed/index.html]
[www.ville-hoenheim.fr/category/votre-ville/attractivite/environnement/feed/index.html]
[www.ville-hoenheim.fr/wp-json/wp/v2/categories/278.json]
[www.ville-hoenheim.fr/category/votre-ville/attractivite/environnement/page/2/index.html]
[www.ville-hoenheim.fr/category/votre-ville/attractivite/environnement/page/3/index.html]
[www.ville-hoenheim.fr/wp-content/uploads/2015/09/Centre-socioculturel-scaled.jpg]
[www.ville-hoenheim.fr/category/votre-ville/attractivite/transport/index.html]
[www.ville-hoenheim.fr/category/votre-ville/loisirs/csc/index.html]
[www.ville-hoenheim.fr/category/votre-ville/attractivite/pole-automobile-attractivite/index.html]
[www.ville-hoenheim.fr/category/votre-ville/attractivite/marches-hebdomadaires/feed/index.html]
[www.ville-hoenheim.fr/category/votre-ville/loisirs/feed/index.html]
[www.ville-hoenheim.fr/category/votre-ville/loisirs/aires-de-jeux-promenades/feed/index.html]
[www.ville-hoenheim.fr/wp-json/wp/v2/categories/5.json]
[www.ville-hoenheim.fr/category/votre-ville/loisirs/fleurissement-deco-noel/feed/index.html]
[www.ville-hoenheim.fr/category/votre-ville/loisirs/jardins-familiaux/feed/index.html]
[www.ville-hoenheim.fr/category/votre-ville/loisirs/la-peche/feed/index.html]
[www.ville-hoenheim.fr/wp-content/uploads/2015/04/entree_decheterie_meinau-235x235.jpg]
[www.ville-hoenheim.fr/wp-content/uploads/2015/06/dicrim-carre-235x235.jpg]
[www.ville-hoenheim.fr/wp-content/uploads/2015/08/42320175_s-235x235.jpg]
[www.ville-hoenheim.fr/wp-content/uploads/2015/06/tarifsmun-235x235.jpg]
[www.ville-hoenheim.fr/wp-content/uploads/2015/08/25198481_s-235x235.jpg]
[www.ville-hoenheim.fr/category/votre-ville/infos-utiles/index.html]
[www.ville-hoenheim.fr/category/votre-ville/loisirs/equipements-sportifs/feed/index.html]
[www.ville-hoenheim.fr/category/votre-ville/infos-utiles/feed/index.html]
[www.ville-hoenheim.fr/category/votre-ville/loisirs/csc/feed/index.html]
[www.ville-hoenheim.fr/wp-json/wp/v2/categories/75.json]
[www.ville-hoenheim.fr/wp-content/uploads/2015/04/servicesmun.jpg]
[www.ville-hoenheim.fr/wp-content/uploads/2015/04/organigramme-site.jpg]
[www.ville-hoenheim.fr/category/votre-ville/infos-utiles/numeros-utiles/services-municipaux-de-la-ville/index.html]
[www.ville-hoenheim.fr/category/votre-ville/infos-utiles/numeros-utiles/services-municipaux-de-la-ville/feed/index.html]
[www.ville-hoenheim.fr/category/votre-ville/infos-utiles/numeros-utiles/numeros-urgence/feed/index.html]
[www.ville-hoenheim.fr/wp-json/wp/v2/categories/76.json]
[www.ville-hoenheim.fr/wp-content/uploads/2021/06/196033451_1851485335059720_7568233114277060220_n-300x169.png]
[www.ville-hoenheim.fr/category/votre-ville/infos-utiles/numeros-utiles/numeros-urgence/index.html]
[www.ville-hoenheim.fr/category/votre-ville/infos-utiles/dechets/feed/index.html]
[www.ville-hoenheim.fr/wp-json/wp/v2/categories/74.json]
[www.ville-hoenheim.fr/wp-content/uploads/2015/04/dechet-300x60.jpg]
[www.ville-hoenheim.fr/category/votre-ville/infos-utiles/dechets/index.html]
[www.ville-hoenheim.fr/wp-json/wp/v2/categories/263.json]
[www.ville-hoenheim.fr/wp-content/uploads/2015/06/Tarifs2026.pdf]
[www.ville-hoenheim.fr/category/votre-ville/infos-utiles/tarifs/feed/index.html]
[www.ville-hoenheim.fr/wp-content/uploads/2015/06/Tarifs-2025-2026-EMM.pdf]
[www.ville-hoenheim.fr/wp-content/uploads/2015/06/Tarifs-2021-du-service-culture.pdf]
[www.ville-hoenheim.fr/wp-content/uploads/2015/06/Tarifs-activités-jeunesse-à-partir-de-2019.pdf]
[www.ville-hoenheim.fr/wp-content/uploads/2015/06/Tarifs-periscolaires-2025-2026.pdf]
[www.ville-hoenheim.fr/category/votre-ville/infos-utiles/tarifs/index.html]
[www.ville-hoenheim.fr/category/votre-ville/infos-utiles/vivre-ensemble/feed/index.html]
[www.ville-hoenheim.fr/wp-json/wp/v2/categories/267.json]
[www.ville-hoenheim.fr/wp-content/uploads/2015/06/2021-A3-HOENHEIM-10-QUARTIERS.pdf]
[www.ville-hoenheim.fr/wp-content/uploads/2015/06/2021-A3-HOENHEIM-10-QUARTIERS.png]
[www.ville-hoenheim.fr/wp-content/uploads/2015/06/2021-A3-HOENHEIM-10-QUARTIERS-1024x717.png]
[www.ville-hoenheim.fr/wp-content/uploads/2015/06/20000410_Arrete_bruit.pdf]
[www.ville-hoenheim.fr/category/votre-ville/infos-utiles/vivre-ensemble/index.html]
[www.ville-hoenheim.fr/wp-json/wp/v2/categories/266.json]
[www.ville-hoenheim.fr/wp-content/uploads/2015/06/dicrim_petite.jpg]
[www.ville-hoenheim.fr/category/votre-ville/infos-utiles/dicrim/index.html]
[www.ville-hoenheim.fr/category/votre-ville/infos-utiles/dicrim/feed/index.html]
[www.ville-hoenheim.fr/category/votre-ville/affichage-legal/index.html]
[www.ville-hoenheim.fr/wp-json/wp/v2/categories/307.json]
[www.ville-hoenheim.fr/wp-content/plugins/the-events-calendar/vendor/bootstrap-datepicker/css/datepickerf658.css]
[www.ville-hoenheim.fr/category/votre-ville/affichage-legal/feed/index.html]
[www.ville-hoenheim.fr/wp-content/plugins/the-events-calendar/vendor/jquery/smoothness/jquery-ui-1.8.23.customf658.css]
[www.ville-hoenheim.fr/wp-content/plugins/the-events-calendar/vendor/jquery-placeholder/jquery.placeholder.min5d0a.js]
[www.ville-hoenheim.fr/wp-content/plugins/the-events-calendar/vendor/bootstrap-datepicker/js/bootstrap-datepicker.mincf1b.js]
[www.ville-hoenheim.fr/wp-content/plugins/the-events-calendar/vendor/jquery-resize/jquery.ba-resize.min4963.js]
[www.ville-hoenheim.fr/wp-content/plugins/the-events-calendar/resources/tribe-events.min657a.js]
[www.ville-hoenheim.fr/wp-content/plugins/the-events-calendar/resources/tribe-events-bar.min657a.js]
[www.ville-hoenheim.fr/wp-content/plugins/the-events-calendar/resources/images/tribe-loading.gif]
[www.ville-hoenheim.fr/wp-content/uploads/2026/06/20260821_un-ptit-truc-en-plus-212x300.jpg]
[www.ville-hoenheim.fr/wp-content/uploads/2021/08/don-collecte-de-sang-1000x443-pix-jpg-300x133.jpg]
[www.ville-hoenheim.fr/wp-content/uploads/2026/06/20260830_affiche-parc-gonflable-bleuOK-200x300.jpg]
[www.ville-hoenheim.fr/wp-content/uploads/2022/01/Capture-decran-2022-02-15-a-14.30.41-246x300.png]
[www.ville-hoenheim.fr/wp-content/uploads/2026/08/20260908_enfant-roi-212x300.jpg]
[www.ville-hoenheim.fr/wp-content/plugins/the-events-calendar/resources/tribe-events-ajax-list.min657a.js]
[www.ville-hoenheim.fr/events/index.html]
[www.ville-hoenheim.fr/events/liste/index.html]
[www.ville-hoenheim.fr/event/cinema-les-caprices-de-lenfant-roi/index.html]
[www.ville-hoenheim.fr/wp-json/wp/v2/categories/18.json]
[www.ville-hoenheim.fr/wp-content/uploads/2022/03/20220304-SPONSOR-CYCLE-RECYCLE-HOENHEIM_0249-300x225.jpg]
[www.ville-hoenheim.fr/category/vie-associative/feed/index.html]
[www.ville-hoenheim.fr/wp-content/uploads/2021/09/pexels-lucas-guimarães-5131406-200x300.jpg]
[www.ville-hoenheim.fr/wp-content/uploads/2021/09/Capture-d’écran-2021-09-06-à-13.53.20-300x268.png]
[www.ville-hoenheim.fr/wp-content/uploads/2020/11/octobre-rose-1000x443-pix-300x133.jpg]
[www.ville-hoenheim.fr/wp-content/uploads/2015/08/associations-subv-235x235.jpg]
[www.ville-hoenheim.fr/wp-content/uploads/2015/08/associations-235x235.jpg]
[www.ville-hoenheim.fr/wp-content/uploads/2015/08/associations_services-235x235.jpg]
[www.ville-hoenheim.fr/category/vie-associative/index.html]
[www.ville-hoenheim.fr/wp-json/wp/v2/categories/20.json]
[www.ville-hoenheim.fr/wp-content/uploads/2015/03/reglement-subventions.pdf]
[www.ville-hoenheim.fr/category/vie-associative/demande-de-subventions/feed/index.html]
[www.ville-hoenheim.fr/wp-content/uploads/2015/03/cerfa_12156-06.pdf]
[www.ville-hoenheim.fr/wp-content/uploads/2015/03/notice_5178104-1.pdf]
[www.ville-hoenheim.fr/wp-content/uploads/2015/03/cerfa_15059-02.pdf]
[www.ville-hoenheim.fr/category/vie-associative/demande-de-subventions/index.html]
[www.ville-hoenheim.fr/wp-json/wp/v2/categories/264.json]
[www.ville-hoenheim.fr/wp-content/uploads/2015/06/Demande-doccupation-temporaire-du-domaine-public.pdf]
[www.ville-hoenheim.fr/category/vie-associative/services-associations/index.html]
[www.ville-hoenheim.fr/category/vie-associative/services-associations/feed/index.html]
[www.ville-hoenheim.fr/wp-json/wp/v2/categories/21.json]
[www.ville-hoenheim.fr/wp-content/uploads/2020/05/marche-300x169.jpg]
[www.ville-hoenheim.fr/category/vie-economique/feed/index.html]
[www.ville-hoenheim.fr/wp-content/uploads/2021/09/Doc2-298x300.jpg]
[www.ville-hoenheim.fr/wp-content/uploads/2021/02/IMG_6524-300x158.jpg]
[www.ville-hoenheim.fr/wp-content/uploads/2015/06/annuaireentreprises-235x235.jpg]
[www.ville-hoenheim.fr/wp-content/uploads/2015/07/rubriqueemploi-235x235.jpg]
[www.ville-hoenheim.fr/wp-content/uploads/2015/06/MARCHEPUBLICS-235x235.jpg]
[www.ville-hoenheim.fr/wp-content/uploads/2015/07/zibischheimhoenheim-235x235.jpg]
[www.ville-hoenheim.fr/wp-content/uploads/2015/07/rubriquetaxepub-235x235.jpg]
[www.ville-hoenheim.fr/category/vie-economique/index.html]
[www.ville-hoenheim.fr/category/vie-economique/page/2/index.html]
[www.ville-hoenheim.fr/category/vie-economique/annuaire-entreprises/feed/index.html]
[www.ville-hoenheim.fr/category/vie-economique/annuaire-entreprises/index.html]
[www.ville-hoenheim.fr/wp-json/wp/v2/categories/22.json]
[www.ville-hoenheim.fr/wp-json/wp/v2/categories/25.json]
[www.ville-hoenheim.fr/wp-content/uploads/2015/07/rubrique_commerce_prox-235x235.jpg]
[www.ville-hoenheim.fr/category/vie-economique/poles-economiques/feed/index.html]
[www.ville-hoenheim.fr/wp-content/uploads/2015/07/zartewantz-235x235.jpg]
[www.ville-hoenheim.fr/category/vie-economique/poles-economiques/index.html]
[www.ville-hoenheim.fr/wp-json/wp/v2/categories/271.json]
[www.ville-hoenheim.fr/wp-content/uploads/2015/06/comprox.jpg]
[www.ville-hoenheim.fr/category/vie-economique/poles-economiques/commerce-proximte/index.html]
[www.ville-hoenheim.fr/category/vie-economique/poles-economiques/commerce-proximte/feed/index.html]
[www.ville-hoenheim.fr/wp-json/wp/v2/categories/268.json]
[www.ville-hoenheim.fr/category/vie-economique/poles-economiques/pole-automobile/index.html]
[www.ville-hoenheim.fr/wp-content/uploads/2015/06/poleauto1.jpg]
[www.ville-hoenheim.fr/category/vie-economique/poles-economiques/pole-automobile/feed/index.html]
[www.ville-hoenheim.fr/wp-json/wp/v2/categories/270.json]
[www.ville-hoenheim.fr/wp-content/uploads/2015/04/zaroutewantzenau.jpg]
[www.ville-hoenheim.fr/category/vie-economique/poles-economiques/za-lawantzenau/index.html]
[www.ville-hoenheim.fr/category/vie-economique/poles-economiques/za-lawantzenau/feed/index.html]
[www.ville-hoenheim.fr/wp-json/wp/v2/categories/269.json]
[www.ville-hoenheim.fr/category/vie-economique/poles-economiques/zi-bischheim-hoenheim/index.html]
[www.ville-hoenheim.fr/wp-content/uploads/2015/06/rue_electricité.jpg]
[www.ville-hoenheim.fr/category/vie-economique/poles-economiques/zi-bischheim-hoenheim/feed/index.html]
[www.ville-hoenheim.fr/category/vie-economique/emploi/feed/index.html]
[www.ville-hoenheim.fr/wp-json/wp/v2/categories/26.json]
[www.ville-hoenheim.fr/wp-content/uploads/2015/04/emploi-300x89.jpg]
[www.ville-hoenheim.fr/category/vie-economique/emploi/index.html]
[www.ville-hoenheim.fr/wp-json/wp/v2/categories/17.json]
[www.ville-hoenheim.fr/wp-content/uploads/2015/07/rubrique_com-235x235.jpg]
[www.ville-hoenheim.fr/wp-content/uploads/2015/04/rubrique-culture-235x235.jpg]
[www.ville-hoenheim.fr/category/services/feed/index.html]
[www.ville-hoenheim.fr/wp-content/uploads/2015/06/Dirctiongale-235x235.jpg]
[www.ville-hoenheim.fr/wp-content/uploads/2015/04/carreecolemusique-235x235.jpg]
[www.ville-hoenheim.fr/wp-content/uploads/2015/06/etatcivil_plume-235x235.jpg]
[www.ville-hoenheim.fr/wp-content/uploads/2015/06/compta-235x235.jpg]
[www.ville-hoenheim.fr/wp-content/uploads/2015/04/rubriquejeunes-235x235.jpg]
[www.ville-hoenheim.fr/wp-content/uploads/2019/08/vignette_garderie_web-235x235.jpg]
[www.ville-hoenheim.fr/wp-content/uploads/2015/08/37961918_s-235x235.jpg]
[www.ville-hoenheim.fr/wp-content/uploads/2015/04/rubriquescolaire-235x235.jpg]
[www.ville-hoenheim.fr/wp-content/uploads/2015/07/rubriquepolice-235x235.jpg]
[www.ville-hoenheim.fr/wp-content/uploads/2016/12/rubrique-services-sociaux-235x235.jpg]
[www.ville-hoenheim.fr/wp-content/uploads/2015/04/rubrique-technique-235x235.jpg]
[www.ville-hoenheim.fr/category/services/index.html]
[www.ville-hoenheim.fr/wp-json/oembed/1.0/embedbc72.json]
[www.ville-hoenheim.fr/wp-json/oembed/1.0/embede6be]
[www.ville-hoenheim.fr/wp-content/uploads/2025/08/20260913_concert-cest-pas-classique.jpg]
[www.ville-hoenheim.fr/wp-content/plugins/the-events-calendar/resources/embedded-mapf658.js]
[www.ville-hoenheim.fr/event/concert-de-lensemble-cest-pas-classique/index.html]
[www.ville-hoenheim.fr/event/fete-du-centre-socioculturel/index.html]
[www.ville-hoenheim.fr/wp-json/oembed/1.0/embed7382.json]
[www.ville-hoenheim.fr/event/theatre-cafe-des-sports/index.html]
[www.ville-hoenheim.fr/events/categorie/rendez-vous-musique-et-culture/index.html]
[www.ville-hoenheim.fr/wp-json/oembed/1.0/embed49d1]
[www.ville-hoenheim.fr/wp-content/uploads/2021/08/don-collecte-de-sang-1000x443-pix-jpg.jpg]
[www.ville-hoenheim.fr/wp-content/uploads/2020/07/EFS.png]
[www.ville-hoenheim.fr/wp-content/uploads/2020/07/EFS-300x169.png]
[www.ville-hoenheim.fr/event/collecte-de-sang-au-centre-socioculturel-5-av-du-ried/index.html]
[www.ville-hoenheim.fr/events/categorie/association/index.html]
[www.ville-hoenheim.fr/wp-json/oembed/1.0/embed8305.json]
[www.ville-hoenheim.fr/wp-json/oembed/1.0/embed7a1a]
[www.ville-hoenheim.fr/wp-content/uploads/2026/06/20260830_affiche-parc-gonflable-bleuOK.jpg]
[www.ville-hoenheim.fr/event/grand-parc-gonflable/index.html]
[www.ville-hoenheim.fr/wp-json/oembed/1.0/embed982c.json]
[www.ville-hoenheim.fr/wp-json/oembed/1.0/embed3fdd]
[www.ville-hoenheim.fr/event/cinema-de-plein-air-un-ptit-truc-en-plus/index.html]
[www.ville-hoenheim.fr/wp-content/uploads/2026/06/20260821_un-ptit-truc-en-plus.jpg]
[www.ville-hoenheim.fr/event/festivites-fete-nationale/index.html]
[www.ville-hoenheim.fr/wp-json/wp/v2/posts/575.json]
[www.ville-hoenheim.fr/wp-json/oembed/1.0/embed82aa.json]
[www.ville-hoenheim.fr/wp-json/oembed/1.0/embed41b6]
[www.ville-hoenheim.fr/wp-content/uploads/2015/04/logo_monservicepublic-300x60.png]
[www.ville-hoenheim.fr/wp-content/uploads/2015/04/Services-scolaires-Inscription-scolaire.pdf]
[www.ville-hoenheim.fr/wp-content/uploads/2015/04/Services-périscolaires-Restauration-scolaire.pdf]
[www.ville-hoenheim.fr/wp-content/uploads/2015/06/Services-périscolaires-Garderies-périscolaires.pdf]
[www.ville-hoenheim.fr/wp-content/uploads/2015/05/Service-jeunesse-Autorisation-parentale-activités-été.pdf]
[www.ville-hoenheim.fr/wp-content/uploads/2015/04/Ecole-de-musique-Inscriptions.pdf]
[www.ville-hoenheim.fr/vos-demarches/index.html]
[www.ville-hoenheim.fr/wp-json/oembed/1.0/embede916.json]
[www.ville-hoenheim.fr/wp-json/oembed/1.0/embed7ea9]
[www.ville-hoenheim.fr/wp-content/uploads/2022/01/Capture-decran-2022-02-15-a-14.30.41-e1761141759999.png]
[www.ville-hoenheim.fr/event/kaffekranzel-du-2-septembre/index.html]
[www.ville-hoenheim.fr/magazine/vivre-a-hoenheim-n69/index.html]
[www.ville-hoenheim.fr/events/categorie/service-social/index.html]
[www.ville-hoenheim.fr/participez-a-lenquete-sur-le-herisson/index.html]
[www.ville-hoenheim.fr/secheresse-alerte-renforcee-2/index.html]
[www.ville-hoenheim.fr/wp-json/wp/v2/posts/9406.json]
[www.ville-hoenheim.fr/wp-json/oembed/1.0/embed1fc6.json]
[www.ville-hoenheim.fr/wp-json/oembed/1.0/embed38ba]
[www.ville-hoenheim.fr/wp-content/uploads/2026/07/2026-Colombes-accueil-caniculeok.jpg]
[www.ville-hoenheim.fr/canicule-la-ville-de-hoenheim-se-mobilise-pour-les-personnes-vulnerables/index.html]
[www.ville-hoenheim.fr/wp-json/wp/v2/posts/9227.json]
[www.ville-hoenheim.fr/wp-json/oembed/1.0/embed0003.json]
[www.ville-hoenheim.fr/wp-json/oembed/1.0/embedf83a]
[www.ville-hoenheim.fr/installation-du-nouveau-conseil-municipal/index.html]
[www.ville-hoenheim.fr/wp-json/wp/v2/posts/9214.json]
[www.ville-hoenheim.fr/wp-json/oembed/1.0/embede3b5.json]
[www.ville-hoenheim.fr/wp-json/oembed/1.0/embed0711]
[www.ville-hoenheim.fr/wp-content/uploads/2026/03/2026_Garderie-vacances-changement-adresse.jpg]
[www.ville-hoenheim.fr/garderie-des-vacances-changement-de-lieu/index.html]
[www.ville-hoenheim.fr/wp-json/wp/v2/posts/9167.json]
[www.ville-hoenheim.fr/wp-json/oembed/1.0/embedb100.json]
[www.ville-hoenheim.fr/wp-json/oembed/1.0/embede3b1]
[www.ville-hoenheim.fr/frelon-asiatique-agir-des-maintenant/index.html]
[www.ville-hoenheim.fr/wp-content/uploads/2026/02/Frelon-asiatique-_Piegez-signalez.png]
[www.ville-hoenheim.fr/category/vos-demarches/index.html]
[www.ville-hoenheim.fr/wp-json/wp/v2/categories/79.json]
[www.ville-hoenheim.fr/category/vos-demarches/feed/index.html]
[www.ville-hoenheim.fr/wp-json/wp/v2/categories/32.json]
[www.ville-hoenheim.fr/wp-content/uploads/2015/04/Insertion-publicitaire-VAH-Bon-de-commande.pdf]
[www.ville-hoenheim.fr/category/services/communication/feed/index.html]
[www.ville-hoenheim.fr/wp-content/uploads/2015/04/Insertion-publicitaire-VAH-Notice-2026.pdf]
[www.ville-hoenheim.fr/wp-content/uploads/2015/05/Charte-de-modération-de-ville-de-hoenheim.pdf]
[www.ville-hoenheim.fr/category/services/communication/index.html]
[www.ville-hoenheim.fr/wp-content/uploads/2015/04/rubriquecom-235x235.jpg]
[www.ville-hoenheim.fr/category/services/communication/mag/index.html]
[www.ville-hoenheim.fr/category/services/culture/feed/index.html]
[www.ville-hoenheim.fr/wp-json/wp/v2/categories/39.json]
[www.ville-hoenheim.fr/wp-content/uploads/2024/06/Affiche-livres-voyageurs-2026-212x300.jpg]
[www.ville-hoenheim.fr/wp-content/uploads/2021/05/image-300x157.png]
[www.ville-hoenheim.fr/wp-content/uploads/2021/03/écriture-rfstudio-3059691_bandeau-300x182.jpg]
[www.ville-hoenheim.fr/category/services/culture/index.html]
[www.ville-hoenheim.fr/wp-json/wp/v2/categories/260.json]
[www.ville-hoenheim.fr/category/services/culture/page/2/index.html]
[www.ville-hoenheim.fr/wp-content/uploads/2015/06/dgs.jpg]
[www.ville-hoenheim.fr/category/services/direction-generale-des-services/index.html]
[www.ville-hoenheim.fr/category/services/direction-generale-des-services/feed/index.html]
[www.ville-hoenheim.fr/wp-json/wp/v2/categories/58.json]
[www.ville-hoenheim.fr/wp-content/uploads/2026/05/NOTICE-INSCRIPTION-EM-PORTAIL.pdf]
[www.ville-hoenheim.fr/category/services/ecole-municipale-musique/feed/index.html]
[www.ville-hoenheim.fr/wp-content/uploads/2025/06/2026_fly-inscriptions_EM.pdf]
[www.ville-hoenheim.fr/wp-content/uploads/2025/06/2026_affiche-inscriptions_EM.jpg]
[www.ville-hoenheim.fr/wp-content/uploads/2025/06/2026_affiche-inscriptions_EM-724x1024.jpg]
[www.ville-hoenheim.fr/wp-content/uploads/2015/04/2022-09-09-REGLEMENT.pdf]
[www.ville-hoenheim.fr/category/services/ecole-municipale-musique/index.html]
[www.ville-hoenheim.fr/wp-json/wp/v2/categories/77.json]
[www.ville-hoenheim.fr/wp-content/uploads/2015/04/arbrevieprintemps2015.jpg]
[www.ville-hoenheim.fr/category/services/etat_civil/naissance/feed/index.html]
[www.ville-hoenheim.fr/wp-content/uploads/2015/04/DEMANDE-DE-CELEBRATION-DUN-BAPTEME-REPUBLICAIN.pdf]
[www.ville-hoenheim.fr/category/services/etat_civil/naissance/index.html]
[www.ville-hoenheim.fr/wp-json/wp/v2/categories/280.json]
[www.ville-hoenheim.fr/wp-content/uploads/2016/02/passeport2.jpg]
[www.ville-hoenheim.fr/wp-content/uploads/2016/02/elections3.jpg]
[www.ville-hoenheim.fr/category/services/etat_civil/autresdemandes/feed/index.html]
[www.ville-hoenheim.fr/wp-content/uploads/2016/02/recensement-300x38.jpg]
[www.ville-hoenheim.fr/wp-content/uploads/2016/02/adresse2.jpg]
[www.ville-hoenheim.fr/wp-content/uploads/2016/02/DECLARATION-DARRIVEE-DEPART-TRANSFERT-nouv-formulaire.pdf]
[www.ville-hoenheim.fr/wp-content/uploads/2016/02/ATTESTATION-ACCUEIL.pdf]
[www.ville-hoenheim.fr/wp-content/uploads/2016/02/cerfa_15646-01.pdf]
[www.ville-hoenheim.fr/category/services/etat_civil/autresdemandes/index.html]
[www.ville-hoenheim.fr/category/services/etat_civil/demarches-en-ligne/index.html]
[www.ville-hoenheim.fr/wp-json/wp/v2/categories/284.json]
[www.ville-hoenheim.fr/category/services/etat_civil/demarches-en-ligne/feed/index.html]
[www.ville-hoenheim.fr/category/services/finances/index.html]
[www.ville-hoenheim.fr/wp-json/wp/v2/categories/259.json]
[www.ville-hoenheim.fr/category/services/finances/feed/index.html]
[www.ville-hoenheim.fr/wp-json/wp/v2/categories/287.json]
[www.ville-hoenheim.fr/wp-content/uploads/2017/07/annexe-1-CM-octobre-2024-Rapport-sur-les-orientations-budgetaires-2025.pdf]
[www.ville-hoenheim.fr/wp-content/uploads/2017/07/Hoenheim-BP2025.pdf]
[www.ville-hoenheim.fr/category/services/finances/budgets-et-comptes-administratifs/feed/index.html]
[www.ville-hoenheim.fr/wp-content/uploads/2017/07/Note-breve-et-synthetique-BP2025-Loi-NOTRe.pdf]
[www.ville-hoenheim.fr/wp-content/uploads/2017/07/CA-2016-HOENHEIM.pdf]
[www.ville-hoenheim.fr/wp-content/uploads/2017/07/Présentation-brève-et-synthétique-Compte-administratif-2016.pdf]
[www.ville-hoenheim.fr/wp-content/uploads/2017/07/BP2017-HOENHEIM.pdf]
[www.ville-hoenheim.fr/wp-content/uploads/2018/06/Annexe-Note-brève-et-synthétique-CA-2017-Loi-NOTRe.pdf]
[www.ville-hoenheim.fr/wp-content/uploads/2017/07/BS-2017-HOENHEIM.pdf]
[www.ville-hoenheim.fr/wp-content/uploads/2018/06/CA2017-définitif.pdf]
[www.ville-hoenheim.fr/wp-content/uploads/2018/06/BP2018.pdf]
[www.ville-hoenheim.fr/wp-content/uploads/2020/02/Hoenheim-CA2018.pdf]
[www.ville-hoenheim.fr/wp-content/uploads/2018/02/Rapport-des-orientations-budgétaires-2018.pdf]
[www.ville-hoenheim.fr/wp-content/uploads/2021/07/HOENHEIM-BP-2019.pdf]
[www.ville-hoenheim.fr/wp-content/uploads/2017/07/HOENHEIM-CA-2019.pdf]
[www.ville-hoenheim.fr/wp-content/uploads/2017/07/Note-brève-et-synthétique-CA-2019-Loi-NOTRe.pdf]
[www.ville-hoenheim.fr/wp-content/uploads/2021/07/Note-brève-et-synthétique-BP2019-Loi-NOTRe.pdf]
[www.ville-hoenheim.fr/wp-content/uploads/2018/11/Rapport-sur-les-orientations-budgétaires-2019.pdf]
[www.ville-hoenheim.fr/wp-content/uploads/2020/02/HOENHEIM-BP-2020.pdf]
[www.ville-hoenheim.fr/wp-content/uploads/2020/02/Note-brève-et-synthétique-BP2020-Loi-NOTRe.pdf]
[www.ville-hoenheim.fr/wp-content/uploads/2021/07/HOENHEIM-CA2020.pdf]
[www.ville-hoenheim.fr/wp-content/uploads/2021/07/Note-brève-et-synthétique-CA-2020-Loi-NOTRe-signée.pdf]
[www.ville-hoenheim.fr/wp-content/uploads/2020/02/Rapport-sur-les-orientations-budgétaires-2020.pdf]
[www.ville-hoenheim.fr/wp-content/uploads/2017/07/Rapport-sur-les-orientations-budgétaires-2021.pdf]
[www.ville-hoenheim.fr/wp-content/uploads/2017/07/HOENHEIM-BP2021.pdf]
[www.ville-hoenheim.fr/wp-content/uploads/2017/07/Note-brève-et-synthétique-BP2021-Loi-NOTRe.pdf]
[www.ville-hoenheim.fr/wp-content/uploads/2017/07/HOENHEIM-CA2021.pdf]
[www.ville-hoenheim.fr/wp-content/uploads/2017/07/Note-breve-et-synthetique-CA-2021-Loi-NOTRe.pdf]
[www.ville-hoenheim.fr/wp-content/uploads/2017/07/CM-janvier-2022-Rapport-sur-les-orientations-budgetaires-2022.pdf]
[www.ville-hoenheim.fr/wp-content/uploads/2017/07/HOENHEIM-BP2022.pdf]
[www.ville-hoenheim.fr/wp-content/uploads/2017/07/Note-breve-et-synthetique-BP2022-Loi-NOTRe.pdf]
[www.ville-hoenheim.fr/wp-content/uploads/2017/07/Compte-financier-unique-2022.zip]
[www.ville-hoenheim.fr/wp-content/uploads/2017/07/Note-breve-et-synthetique-CFU-2022-Loi-NOTRe.pdf]
[www.ville-hoenheim.fr/wp-content/uploads/2017/07/Rapport-des-orientations-budgetaires-2023.pdf]
[www.ville-hoenheim.fr/wp-content/uploads/2017/07/Budget-primitif-2023.pdf]
[www.ville-hoenheim.fr/wp-content/uploads/2017/07/Presentation-breve-et-synthetique-Budget-primitif-2023.pdf]
[www.ville-hoenheim.fr/wp-content/uploads/2017/07/CFU-21670204300011-2023-Hoenheim.pdf]
[www.ville-hoenheim.fr/wp-content/uploads/2017/07/Note-breve-et-synthetique-CFU-2023-Loi-NOTRe.pdf]
[www.ville-hoenheim.fr/wp-content/uploads/2017/07/Rapport-des-orientations-budgetaires-2024.pdf]
[www.ville-hoenheim.fr/wp-content/uploads/2017/07/HOENHEIM-BP2024.pdf]
[www.ville-hoenheim.fr/wp-content/uploads/2017/07/Note-breve-et-synthetique-BP2024-Loi-NOTRe.pdf]
[www.ville-hoenheim.fr/wp-content/uploads/2017/07/CFU-21670204300011-2024-Hoenheim.pdf]
[www.ville-hoenheim.fr/wp-content/uploads/2017/07/Note-breve-et-synthetique-CFU-2024-Loi-NOTRe.pdf]
[www.ville-hoenheim.fr/wp-content/uploads/2017/07/CM-novembre-2025-Rapport-sur-les-orientations-budgetaires-2026.pdf]
[www.ville-hoenheim.fr/wp-content/uploads/2017/07/Hoenheim-BP2026.pdf]
[www.ville-hoenheim.fr/wp-content/uploads/2017/07/Note-breve-et-synthetique-BP2026-Loi-NOTRe.pdf]
[www.ville-hoenheim.fr/category/services/finances/budgets-et-comptes-administratifs/index.html]
[www.ville-hoenheim.fr/wp-json/wp/v2/categories/289.json]
[www.ville-hoenheim.fr/category/services/finances/commande-publique/index.html]
[www.ville-hoenheim.fr/wp-content/uploads/2018/06/logo-Alsace-marchés-publics-300x23.gif]
[www.ville-hoenheim.fr/category/services/finances/commande-publique/feed/index.html]
[www.ville-hoenheim.fr/wp-json/wp/v2/categories/288.json]
[www.ville-hoenheim.fr/category/services/finances/subventions-attribuees/feed/index.html]
[www.ville-hoenheim.fr/wp-content/uploads/2017/07/Subventions-attribuées-en-2015.pdf]
[www.ville-hoenheim.fr/wp-content/uploads/2017/07/Subventions-attribuées-en-2016.pdf]
[www.ville-hoenheim.fr/wp-content/uploads/2018/06/Subventions-attribuées-en-2017-1.pdf]
[www.ville-hoenheim.fr/wp-content/uploads/2021/07/Subventions-attribuées-2018.pdf]
[www.ville-hoenheim.fr/wp-content/uploads/2021/07/Subventions-attribuées-2019.pdf]
[www.ville-hoenheim.fr/wp-content/uploads/2021/07/Subventions-attribuées-2020.pdf]
[www.ville-hoenheim.fr/wp-content/uploads/2017/07/Subventions-attribuees-en-2021.pdf]
[www.ville-hoenheim.fr/wp-content/uploads/2017/07/Subventions-attribuees-en-2022.pdf]
[www.ville-hoenheim.fr/wp-content/uploads/2017/07/Subventions-attribuees-en-2023.pdf]
[www.ville-hoenheim.fr/category/services/finances/subventions-attribuees/index.html]
[www.ville-hoenheim.fr/wp-content/uploads/2017/07/Subventions-attribuees-en-2024.pdf]
[www.ville-hoenheim.fr/wp-json/wp/v2/categories/60.json]
[www.ville-hoenheim.fr/wp-content/uploads/2020/06/Programme-dété-2020.pdf]
[www.ville-hoenheim.fr/category/services/jeunesse/animation-ete/index.html]
[www.ville-hoenheim.fr/category/services/jeunesse/animation-ete/feed/index.html]
[www.ville-hoenheim.fr/wp-json/wp/v2/categories/89.json]
[www.ville-hoenheim.fr/wp-content/uploads/2018/09/Sorties-culturelles-2018-19-site..png]
[www.ville-hoenheim.fr/wp-content/uploads/2019/09/2019-20-S.CULTURELLES2.pdf]
[www.ville-hoenheim.fr/category/services/jeunesse/sorties-culturelles/index.html]
[www.ville-hoenheim.fr/category/services/jeunesse/sorties-culturelles/feed/index.html]
[www.ville-hoenheim.fr/category/services/jeunesse/sorties-du-mercredi/feed/index.html]
[www.ville-hoenheim.fr/wp-json/wp/v2/categories/194.json]
[www.ville-hoenheim.fr/wp-content/uploads/2018/09/©Visualhunt.png]
[www.ville-hoenheim.fr/wp-content/uploads/2015/12/flyer_sorties_mercredi_2e_trimestre_2019_2020.pdf]
[www.ville-hoenheim.fr/category/services/jeunesse/sorties-du-mercredi/index.html]
[www.ville-hoenheim.fr/wp-json/wp/v2/categories/290.json]
[www.ville-hoenheim.fr/category/services/jeunesse/sorties-familles/index.html]
[www.ville-hoenheim.fr/wp-content/uploads/2015/04/flyer_sorties_familles_2019_2020.pdf]
[www.ville-hoenheim.fr/category/services/jeunesse/sorties-familles/feed/index.html]
[www.ville-hoenheim.fr/wp-json/wp/v2/categories/50.json]
[www.ville-hoenheim.fr/wp-content/uploads/2015/04/crecheF.jpg]
[www.ville-hoenheim.fr/category/services/petite_enfance/creche-familiale/feed/index.html]
[www.ville-hoenheim.fr/wp-content/uploads/2015/04/Reglement_Creche_Les-Tatilous_janvier-2025.pdf]
[www.ville-hoenheim.fr/category/services/petite_enfance/creche-familiale/index.html]
[www.ville-hoenheim.fr/wp-json/wp/v2/categories/53.json]
[www.ville-hoenheim.fr/wp-content/uploads/2015/04/photos-marius-306.jpg]
[www.ville-hoenheim.fr/category/services/petite_enfance/halte-garderie/index.html]
[www.ville-hoenheim.fr/wp-content/uploads/2015/04/Reglement_Halte-garderie_janvier-2025.pdf]
[www.ville-hoenheim.fr/category/services/petite_enfance/halte-garderie/feed/index.html]
[www.ville-hoenheim.fr/wp-json/wp/v2/categories/51.json]
[www.ville-hoenheim.fr/category/services/petite_enfance/multi-accueil/feed/index.html]
[www.ville-hoenheim.fr/wp-content/uploads/2015/04/mutliacc-300x115.jpg]
[www.ville-hoenheim.fr/category/services/petite_enfance/multi-accueil/index.html]
[www.ville-hoenheim.fr/wp-json/wp/v2/categories/52.json]
[www.ville-hoenheim.fr/category/services/petite_enfance/rpe/index.html]
[www.ville-hoenheim.fr/wp-content/uploads/2015/04/RAM-1.jpg]
[www.ville-hoenheim.fr/category/services/petite_enfance/rpe/feed/index.html]
[www.ville-hoenheim.fr/category/services/ressources-humaines/feed/index.html]
[www.ville-hoenheim.fr/category/services/ressources-humaines/index.html]
[www.ville-hoenheim.fr/wp-json/wp/v2/categories/273.json]
[www.ville-hoenheim.fr/wp-json/wp/v2/categories/54.json]
[www.ville-hoenheim.fr/wp-content/uploads/2015/04/ecole1.jpg]
[www.ville-hoenheim.fr/wp-content/uploads/2015/04/INSCRIPTION-ECOLE-2024-2025.pdf]
[www.ville-hoenheim.fr/wp-content/uploads/2018/02/Services-scolaires-Attestations.pdf]
[www.ville-hoenheim.fr/category/services/scolaire/etablissements-scolaires/feed/index.html]
[www.ville-hoenheim.fr/wp-content/uploads/2015/04/FORMULAIRE-DEROGATION-2025-2026.pdf]
[www.ville-hoenheim.fr/category/services/scolaire/etablissements-scolaires/index.html]
[www.ville-hoenheim.fr/category/services/scolaire/periscolaire-extrascolaire/index.html]
[www.ville-hoenheim.fr/category/services/scolaire/periscolaire-extrascolaire/feed/index.html]
[www.ville-hoenheim.fr/wp-json/wp/v2/categories/55.json]
[www.ville-hoenheim.fr/category/services/securite/feed/index.html]
[www.ville-hoenheim.fr/wp-content/uploads/2021/08/Avertissement-EDF-725x1024-212x300.jpg]
[www.ville-hoenheim.fr/wp-json/wp/v2/categories/42.json]
[www.ville-hoenheim.fr/wp-content/uploads/2021/06/porte-demarchage-charlotte-may-5825395-200x300.jpg]
[www.ville-hoenheim.fr/wp-content/uploads/2021/01/Etes-vous-pret-a-partir-Votre-vehicule-300x169.jpg]
[www.ville-hoenheim.fr/wp-content/uploads/2021/01/Marquage-de-velo_largeur_760-300x149.png]
[www.ville-hoenheim.fr/category/services/securite/index.html]
[www.ville-hoenheim.fr/category/services/securite/page/2/index.html]
[www.ville-hoenheim.fr/wp-json/wp/v2/categories/41.json]
[www.ville-hoenheim.fr/wp-content/uploads/2016/01/canicule-300x185.jpg]
[www.ville-hoenheim.fr/category/services/services_sociaux/feed/index.html]
[www.ville-hoenheim.fr/wp-content/uploads/2020/12/app-elles-300x169.png]
[www.ville-hoenheim.fr/wp-content/uploads/2016/01/canicule-235x235.jpg]
[www.ville-hoenheim.fr/wp-content/uploads/2015/06/seances_aide_au_francais_septembre_2019_web.jpg]
[www.ville-hoenheim.fr/wp-content/uploads/2015/04/rubrique-epicerie-sociale1-235x235.jpg]
[www.ville-hoenheim.fr/wp-content/uploads/2015/04/rubrique-fete-agees-235x235.jpg]
[www.ville-hoenheim.fr/wp-content/uploads/2016/07/IMG_6340-235x235.jpg]
[www.ville-hoenheim.fr/wp-content/uploads/2015/06/cafekranzel-235x235.jpg]
[www.ville-hoenheim.fr/wp-content/uploads/2015/04/HLM-235x183.jpg]
[www.ville-hoenheim.fr/category/services/services_sociaux/index.html]
[www.ville-hoenheim.fr/category/services/services_sociaux/page/2/index.html]
[www.ville-hoenheim.fr/category/services/services_sociaux/aide-sociale/index.html]
[www.ville-hoenheim.fr/wp-json/wp/v2/categories/84.json]
[www.ville-hoenheim.fr/category/services/services_sociaux/aide-sociale/feed/index.html]
[www.ville-hoenheim.fr/category/services/services_sociaux/canicule/index.html]
[www.ville-hoenheim.fr/wp-json/wp/v2/categories/308.json]
[www.ville-hoenheim.fr/category/services/services_sociaux/canicule/feed/index.html]
[www.ville-hoenheim.fr/wp-json/wp/v2/categories/81.json]
[www.ville-hoenheim.fr/wp-content/uploads/2015/06/seance_aide_au_francais_2025-demenagement.jpg]
[www.ville-hoenheim.fr/wp-content/uploads/2015/06/seance_aide_au_francais_2025-demenagement-212x300.jpg]
[www.ville-hoenheim.fr/category/services/services_sociaux/cours-francais/index.html]
[www.ville-hoenheim.fr/category/services/services_sociaux/cours-francais/feed/index.html]
[www.ville-hoenheim.fr/category/services/services_sociaux/epicerie-sociale/index.html]
[www.ville-hoenheim.fr/wp-json/wp/v2/categories/80.json]
[www.ville-hoenheim.fr/category/services/services_sociaux/epicerie-sociale/feed/index.html]
[www.ville-hoenheim.fr/category/services/services_sociaux/logements-sociaux/index.html]
[www.ville-hoenheim.fr/wp-json/wp/v2/categories/46.json]
[www.ville-hoenheim.fr/category/services/services_sociaux/logements-sociaux/feed/index.html]
[www.ville-hoenheim.fr/category/services/technique/feed/index.html]
[www.ville-hoenheim.fr/wp-json/wp/v2/categories/36.json]
[www.ville-hoenheim.fr/wp-content/uploads/2015/06/IMG_0319-235x235.jpg]
[www.ville-hoenheim.fr/wp-content/uploads/2015/06/travaux-235x235.jpg]
[www.ville-hoenheim.fr/wp-content/uploads/2015/06/domainepub-235x235.jpg]
[www.ville-hoenheim.fr/category/services/technique/index.html]
[www.ville-hoenheim.fr/wp-json/wp/v2/categories/88.json]
[www.ville-hoenheim.fr/category/services/technique/formalites-avabt-travaux/index.html]
[www.ville-hoenheim.fr/wp-content/uploads/2022/02/Capture-decran-2022-02-21-a-17.14.06-300x259.png]
[www.ville-hoenheim.fr/category/services/technique/formalites-avabt-travaux/feed/index.html]
[www.ville-hoenheim.fr/wp-json/wp/v2/categories/87.json]
[www.ville-hoenheim.fr/category/services/technique/chantiers-en-cours/index.html]
[www.ville-hoenheim.fr/wp-content/uploads/2020/11/tram-1000x443-pix-300x133.jpg]
[www.ville-hoenheim.fr/category/services/technique/chantiers-en-cours/feed/index.html]
[www.ville-hoenheim.fr/category/services/technique/occupation-domaine-public/index.html]
[www.ville-hoenheim.fr/wp-json/wp/v2/categories/85.json]
[www.ville-hoenheim.fr/category/services/technique/occupation-domaine-public/feed/index.html]
[www.ville-hoenheim.fr/wp-json/wp/v2/categories/86.json]
[www.ville-hoenheim.fr/wp-content/uploads/2015/06/ravalement.jpg]
[www.ville-hoenheim.fr/wp-content/uploads/2015/06/subvention-ravalement-de-facade.pdf]
[www.ville-hoenheim.fr/category/services/technique/ravalement/index.html]
[www.ville-hoenheim.fr/category/services/technique/ravalement/feed/index.html]
[www.ville-hoenheim.fr/category/votre-ville/infos-utiles/animaux/index.html]
[www.ville-hoenheim.fr/wp-json/wp/v2/categories/297.json]
[www.ville-hoenheim.fr/category/votre-ville/infos-utiles/animaux/feed/index.html]
[www.ville-hoenheim.fr/wp-json/wp/v2/categories/300.json]
[www.ville-hoenheim.fr/category/votre-ville/infos-utiles/eurometropole/index.html]
[www.ville-hoenheim.fr/wp-content/uploads/2022/02/pexels-elevate-digital-1647905-300x169.jpg]
[www.ville-hoenheim.fr/category/votre-ville/infos-utiles/eurometropole/feed/index.html]
[www.ville-hoenheim.fr/wp-json/wp/v2/categories/10.json]
[www.ville-hoenheim.fr/wp-content/uploads/2015/04/numeros-urgences-235x235.jpg]
[www.ville-hoenheim.fr/category/votre-ville/infos-utiles/numeros-utiles/feed/index.html]
[www.ville-hoenheim.fr/wp-content/uploads/2015/04/organigramme-site-235x235.jpg]
[www.ville-hoenheim.fr/category/votre-ville/infos-utiles/numeros-utiles/index.html]
[www.ville-hoenheim.fr/wp-json/wp/v2/pages/3632.json]
[www.ville-hoenheim.fr/wp-json/oembed/1.0/embedbc3b.json]
[www.ville-hoenheim.fr/wp-json/oembed/1.0/embedf78c]
[www.ville-hoenheim.fr/wp-content/uploads/2023/06/charte-deontologie-du-dpo.pdf]
[www.ville-hoenheim.fr/politique-de-confidentialite/index.html]
[www.ville-hoenheim.fr/wp-json/wp/v2/pages/8158.json]
[www.ville-hoenheim.fr/wp-json/oembed/1.0/embeda04c.json]
[www.ville-hoenheim.fr/wp-json/oembed/1.0/embed7d7f]
[www.ville-hoenheim.fr/politique-des-cookies/index.html]
[www.ville-hoenheim.fr/wp-json/wp/v2/pages/811.json]
[www.ville-hoenheim.fr/wp-json/oembed/1.0/embed1252.json]
[www.ville-hoenheim.fr/wp-json/oembed/1.0/embede080]
[www.ville-hoenheim.fr/contacter-le-webmaster/index.html]
[www.ville-hoenheim.fr/wp-json/wp/v2/pages/778.json]
[www.ville-hoenheim.fr/wp-json/oembed/1.0/embed4966.json]
[www.ville-hoenheim.fr/wp-json/oembed/1.0/embed82fa]
[www.ville-hoenheim.fr/mentions-legales/index.html]
[www.ville-hoenheim.fr/wp-content/plugins/pointelle-slider/css/skins/default/images/arrow_bg.png]
[www.ville-hoenheim.fr/wp-content/plugins/pointelle-slider/css/skins/default/images/navtitle_act_border.png]
[www.ville-hoenheim.fr/wp-content/plugins/pointelle-slider/css/skins/default/images/arrow_lt_bg.png]
[www.ville-hoenheim.fr/wp-content/plugins/pointelle-slider/css/skins/default/images/bg.png]
[www.ville-hoenheim.fr/wp-content/plugins/pointelle-slider/css/skins/default/images/overlay.png]
[www.ville-hoenheim.fr/wp-content/plugins/pointelle-slider/css/skins/default/images/down.png]
[www.ville-hoenheim.fr/wp-content/plugins/pointelle-slider/css/skins/default/images/up.png]
[www.ville-hoenheim.fr/wp-content/plugins/pointelle-slider/css/skins/default/images/next.png]
[www.ville-hoenheim.fr/wp-content/plugins/pointelle-slider/css/skins/default/images/prev.png]
[www.ville-hoenheim.fr/wp-content/plugins/pointelle-slider/css/skins/default/images/category.png]
[www.ville-hoenheim.fr/wp-content/plugins/pointelle-slider/images/star/gold.png]
[www.ville-hoenheim.fr/wp-content/plugins/pointelle-slider/images/star/range.png]
[www.ville-hoenheim.fr/wp-content/plugins/pointelle-slider/images/star/black.png]
[www.ville-hoenheim.fr/wp-content/plugins/pointelle-slider/images/star/red.png]
[www.ville-hoenheim.fr/wp-content/plugins/pointelle-slider/images/star/green.png]
[www.ville-hoenheim.fr/wp-content/plugins/pointelle-slider/images/star/yellow.png]
[www.ville-hoenheim.fr/wp-content/plugins/pointelle-slider/images/star/grogreen.png]
[www.ville-hoenheim.fr/wp-content/plugins/pointelle-slider/images/star/rangegro.png]
[www.ville-hoenheim.fr/wp-content/plugins/pointelle-slider/images/star/grored.png]
[www.ville-hoenheim.fr/wp-content/plugins/pointelle-slider/images/star/groyellow.png]
[www.ville-hoenheim.fr/wp-content/plugins/pointelle-slider/css/skins/default/images/pin.png]
[www.ville-hoenheim.fr/wp-content/plugins/pointelle-slider/css/skins/default/style9dfc.css]
[www.ville-hoenheim.fr/wp-content/plugins/pointelle-slider/css/css/star.gif]
[www.ville-hoenheim.fr/wp-content/plugins/pointelle-slider/css/css/rateit9dfc.css]
[www.ville-hoenheim.fr/wp-content/plugins/the-events-calendar/resources/tribe-events-full-mobile.min657a.css]
[www.ville-hoenheim.fr/wp-content/plugins/the-events-calendar/resources/images/events-bar/icon-month.png]
[www.ville-hoenheim.fr/wp-content/themes/jolene/genericons/genericons/Genericons.eot]
[www.ville-hoenheim.fr/wp-content/themes/jolene/genericons/genericons/Genericons.ttf]
[www.ville-hoenheim.fr/wp-content/plugins/the-events-calendar/resources/images/tribe-tooltips.png]
[www.ville-hoenheim.fr/wp-content/themes/jolene/genericons/genericons/genericons.css]
[www.ville-hoenheim.fr/wp-content/themes/jolene/genericons/genericons/Genericons.svg]
[www.ville-hoenheim.fr/wp-content/themes/jolene/img/slider-button-blue-10.png]
[www.ville-hoenheim.fr/wp-content/themes/jolene/img/slider-button-green-10.png]
[www.ville-hoenheim.fr/wp-content/themes/jolene/img/scrollup.png]
[www.ville-hoenheim.fr/wp-content/themes/jolene/img/back-sidebar.png]
[www.ville-hoenheim.fr/wp-content/themes/jolene/img/slider-button-blue-40.png]
[www.ville-hoenheim.fr/wp-content/themes/jolene/img/slider-button-green-40.png]
[www.ville-hoenheim.fr/wp-content/themes/jolene/style.css]
[www.ville-hoenheim.fr/wp-content/themes/jolene/img/header-shadow.png]
[www.ville-hoenheim.fr/indexe5f6.html]
[www.ville-hoenheim.fr/wp-json/wp/v2/posts/1340]
[www.ville-hoenheim.fr/wp-json/wp/v2/categories/1.json]
[www.ville-hoenheim.fr/wp-content/uploads/2023/11/Visuel-RS-chronhop-300x158.png]
[www.ville-hoenheim.fr/category/non-classe/feed/index.html]
[www.ville-hoenheim.fr/wp-content/uploads/2020/12/Le-Tramway-boîtes-de-Noël-300x225.jpg]
[www.ville-hoenheim.fr/wp-content/uploads/2020/09/tournee-des-ecoles-1000x443-pix-300x133.jpg]
[www.ville-hoenheim.fr/category/non-classe/index.html]
[www.ville-hoenheim.fr/category/non-classe/page/2/index.html]
[www.ville-hoenheim.fr/wp-json/wp/v2/posts/8836.json]
[www.ville-hoenheim.fr/category/non-classe/page/3/index.html]
[www.ville-hoenheim.fr/wp-json/oembed/1.0/embeded88.json]
[www.ville-hoenheim.fr/wp-json/oembed/1.0/embed0c67]
[www.ville-hoenheim.fr/wp-content/uploads/2025/02/prise-de-RDV-en-ligne.png]
[www.ville-hoenheim.fr/nouveau-prise-de-rendez-vous-en-ligne-pour-les-cartes-didentite-et-les-passeports/index.html]
[www.ville-hoenheim.fr/wp-json/wp/v2/posts/151.json]
[www.ville-hoenheim.fr/wp-json/oembed/1.0/embedcbbd.json]
[www.ville-hoenheim.fr/wp-json/oembed/1.0/embed5286]
[www.ville-hoenheim.fr/titre-tania/index.html]
[www.ville-hoenheim.fr/wp-json/wp/v2/posts/8503.json]
[www.ville-hoenheim.fr/wp-json/oembed/1.0/embed21c0.json]
[www.ville-hoenheim.fr/wp-json/oembed/1.0/embed99a4]
[www.ville-hoenheim.fr/wp-content/uploads/2023/04/Hoenheim_1-offre-emploi.jpg]
[www.ville-hoenheim.fr/emploi-au-multi-accueil/index.html]
[www.ville-hoenheim.fr/wp-json/wp/v2/posts/7657.json]
[www.ville-hoenheim.fr/wp-json/oembed/1.0/embed14e9.json]
[www.ville-hoenheim.fr/wp-json/oembed/1.0/embed7166]
[www.ville-hoenheim.fr/emplois-petite-enfance/index.html]
[www.ville-hoenheim.fr/wp-json/wp/v2/posts/7536.json]
[www.ville-hoenheim.fr/wp-json/oembed/1.0/embed433a.json]
[www.ville-hoenheim.fr/wp-json/oembed/1.0/embed4c9f]
[www.ville-hoenheim.fr/wp-content/uploads/2022/03/20220301-MARDI-GRAS_2507.jpg]
[www.ville-hoenheim.fr/wp-content/uploads/2022/03/20220304-CARNAVAL-MATERNELLE-CENTRE_2-150x150.jpg]
[www.ville-hoenheim.fr/wp-content/uploads/2022/03/20220304-CARNAVAL-MATERNELLE-CENTRE_1-150x150.jpg]
[www.ville-hoenheim.fr/wp-content/uploads/2022/03/20220304-CARNAVAL-MATERNELLE-CENTRE_3-150x150.jpg]
[www.ville-hoenheim.fr/wp-content/uploads/2022/03/20220301-MARDI-GRAS_2504-150x150.jpg]
[www.ville-hoenheim.fr/wp-content/uploads/2022/03/20220301-MARDI-GRAS_2506-150x150.jpg]
[www.ville-hoenheim.fr/wp-content/uploads/2022/03/20220301-MARDI-GRAS_2508-150x150.jpg]
[www.ville-hoenheim.fr/des-nouvelles-de-nos-bambins/index.html]
[www.ville-hoenheim.fr/des-nouvelles-de-nos-bambins/20220304-carnaval-maternelle-centre_1/index.html]
[www.ville-hoenheim.fr/des-nouvelles-de-nos-bambins/20220304-carnaval-maternelle-centre_3/index.html]
[www.ville-hoenheim.fr/des-nouvelles-de-nos-bambins/20220304-carnaval-maternelle-centre_2/index.html]
[www.ville-hoenheim.fr/wp-json/wp/v2/posts/6494.json]
[www.ville-hoenheim.fr/des-nouvelles-de-nos-bambins/20220301-mardi-gras_2504/index.html]
[www.ville-hoenheim.fr/des-nouvelles-de-nos-bambins/20220301-mardi-gras_2506/index.html]
[www.ville-hoenheim.fr/wp-json/oembed/1.0/embed9cf3.json]
[www.ville-hoenheim.fr/des-nouvelles-de-nos-bambins/20220301-mardi-gras_2508/index.html]
[www.ville-hoenheim.fr/wp-json/oembed/1.0/embed1b79]
[www.ville-hoenheim.fr/wp-content/uploads/2021/04/d729bcae-cef0-4dfb-a001-f30931328da3.jpg]
[www.ville-hoenheim.fr/wp-content/uploads/2021/04/BARTH-CAYROL-Louis-150x150.jpg]
[www.ville-hoenheim.fr/wp-content/uploads/2021/04/BASSE-Alexandre-et-BASSE-Clara-150x150.jpg]
[www.ville-hoenheim.fr/wp-content/uploads/2021/04/CASTAGNA-Olivia-150x150.jpg]
[www.ville-hoenheim.fr/wp-content/uploads/2021/04/DIAKITE-Amber-et-Alix-De-Noni-150x150.jpg]
[www.ville-hoenheim.fr/wp-content/uploads/2021/04/e65bcecc-2830-4d0c-b482-dc12b814a951-150x150.jpg]
[www.ville-hoenheim.fr/wp-content/uploads/2021/04/d729bcae-cef0-4dfb-a001-f30931328da3-150x150.jpg]
[www.ville-hoenheim.fr/wp-content/uploads/2021/04/173406a6-aa58-4622-b1fa-cda3ee4df1e5-150x150.jpg]
[www.ville-hoenheim.fr/le-lapin-de-paques-est-passe-a-hoenheim/index.html]
[www.ville-hoenheim.fr/le-lapin-de-paques-est-passe-a-hoenheim/barth-cayrol-louis/index.html]
[www.ville-hoenheim.fr/le-lapin-de-paques-est-passe-a-hoenheim/basse-alexandre-et-basse-clara/index.html]
[www.ville-hoenheim.fr/le-lapin-de-paques-est-passe-a-hoenheim/castagna-olivia/index.html]
[www.ville-hoenheim.fr/le-lapin-de-paques-est-passe-a-hoenheim/diakite-amber-et-alix-de-noni/index.html]
[www.ville-hoenheim.fr/le-lapin-de-paques-est-passe-a-hoenheim/e65bcecc-2830-4d0c-b482-dc12b814a951/index.html]
[www.ville-hoenheim.fr/wp-json/wp/v2/posts/238.json]
[www.ville-hoenheim.fr/le-lapin-de-paques-est-passe-a-hoenheim/d729bcae-cef0-4dfb-a001-f30931328da3/index.html]
[www.ville-hoenheim.fr/le-lapin-de-paques-est-passe-a-hoenheim/173406a6-aa58-4622-b1fa-cda3ee4df1e5/index.html]
[www.ville-hoenheim.fr/wp-json/oembed/1.0/embedbb4f.json]
[www.ville-hoenheim.fr/wp-json/oembed/1.0/embedade8]
[www.ville-hoenheim.fr/wp-content/uploads/2015/04/Dominoweb_première-connexion-Petite-enfance.pdf]
[www.ville-hoenheim.fr/wp-content/uploads/2015/04/preinscriptions-petite-enfance.pdf]
[www.ville-hoenheim.fr/petite-enfance/index.html]
[www.ville-hoenheim.fr/wp-json/wp/v2/posts/8589.json]
[www.ville-hoenheim.fr/wp-json/oembed/1.0/embed6465.json]
[www.ville-hoenheim.fr/wp-json/oembed/1.0/embedd407]
[www.ville-hoenheim.fr/wp-content/uploads/2020/07/fermeture-service-affaires-scolaires-1000x443-pix-jpg.jpg]
[www.ville-hoenheim.fr/horaires-daccueil-service-des-affaires-scolaires/index.html]
[www.ville-hoenheim.fr/wp-json/wp/v2/posts/7042.json]
[www.ville-hoenheim.fr/wp-json/oembed/1.0/embed270f.json]
[www.ville-hoenheim.fr/wp-json/oembed/1.0/embedcfec]
[www.ville-hoenheim.fr/wp-content/uploads/2021/09/image-1.jpg]
[www.ville-hoenheim.fr/wp-content/uploads/2021/09/image-16-150x150.jpg]
[www.ville-hoenheim.fr/wp-content/uploads/2021/09/image-1-150x150.jpg]
[www.ville-hoenheim.fr/wp-content/uploads/2021/09/image-2-150x150.jpg]
[www.ville-hoenheim.fr/wp-content/uploads/2021/09/image-3-150x150.jpg]
[www.ville-hoenheim.fr/wp-content/uploads/2021/09/image-4-150x150.jpg]
[www.ville-hoenheim.fr/wp-content/uploads/2021/09/image-5-150x150.jpg]
[www.ville-hoenheim.fr/wp-content/uploads/2021/09/image-6-150x150.jpg]
[www.ville-hoenheim.fr/wp-content/uploads/2021/09/image-7-150x150.jpg]
[www.ville-hoenheim.fr/wp-content/uploads/2021/09/image-8-150x150.jpg]
[www.ville-hoenheim.fr/wp-content/uploads/2021/09/image-9-150x150.jpg]
[www.ville-hoenheim.fr/inaugurations-despaces-pedagogiques-et-tournee-des-ecoles-avec-le-dasen/image-19/index.html]
[www.ville-hoenheim.fr/wp-content/uploads/2021/09/image-11-150x150.jpg]
[www.ville-hoenheim.fr/wp-content/uploads/2021/09/image-12-150x150.jpg]
[www.ville-hoenheim.fr/wp-content/uploads/2021/09/image-13-150x150.jpg]
[www.ville-hoenheim.fr/inaugurations-despaces-pedagogiques-et-tournee-des-ecoles-avec-le-dasen/image-4/index.html]
[www.ville-hoenheim.fr/wp-content/uploads/2021/09/image-14-150x150.jpg]
[www.ville-hoenheim.fr/wp-content/uploads/2021/09/image-15-150x150.jpg]
[www.ville-hoenheim.fr/wp-content/uploads/2021/09/20210918-Inauguration-jardin-pédagogique-écoles-Bouchesèche_0108-150x150.jpg]
[www.ville-hoenheim.fr/wp-content/uploads/2021/09/20210918-Inauguration-jardin-pédagogique-écoles-Bouchesèche_0106-150x150.jpg]
[www.ville-hoenheim.fr/inaugurations-despaces-pedagogiques-et-tournee-des-ecoles-avec-le-dasen/image-5/index.html]
[www.ville-hoenheim.fr/wp-content/uploads/2021/09/20210918-Inauguration-jardin-pédagogique-écoles-Bouchesèche_0098-150x150.jpg]
[www.ville-hoenheim.fr/wp-content/uploads/2021/09/20210918-Inauguration-jardin-pédagogique-écoles-Bouchesèche_0096-150x150.jpg]
[www.ville-hoenheim.fr/wp-content/uploads/2021/09/20210918-Inauguration-jardin-pédagogique-écoles-Bouchesèche_0093-150x150.jpg]
[www.ville-hoenheim.fr/inaugurations-despaces-pedagogiques-et-tournee-des-ecoles-avec-le-dasen/image-6/index.html]
[www.ville-hoenheim.fr/wp-content/uploads/2021/09/20210918-Inauguration-jardin-pédagogique-écoles-Bouchesèche_0092-150x150.jpg]
[www.ville-hoenheim.fr/wp-content/uploads/2021/09/20210918-Inauguration-jardin-pédagogique-écoles-Bouchesèche_0087-150x150.jpg]
[www.ville-hoenheim.fr/wp-content/uploads/2021/09/20210918-Inauguration-jardin-pédagogique-écoles-Bouchesèche_0083-150x150.jpg]
[www.ville-hoenheim.fr/wp-content/uploads/2021/09/20210918-Inauguration-jardin-pédagogique-écoles-Bouchesèche_0079-150x150.jpg]
[www.ville-hoenheim.fr/inaugurations-despaces-pedagogiques-et-tournee-des-ecoles-avec-le-dasen/image-7/index.html]
[www.ville-hoenheim.fr/wp-content/uploads/2021/09/20210918-Inauguration-jardin-pédagogique-écoles-Bouchesèche_0078-150x150.jpg]
[www.ville-hoenheim.fr/inaugurations-despaces-pedagogiques-et-tournee-des-ecoles-avec-le-dasen/image-8/index.html]
[www.ville-hoenheim.fr/wp-content/uploads/2021/09/20210918-Inauguration-jardin-pédagogique-écoles-Bouchesèche_0075-150x150.jpg]
[www.ville-hoenheim.fr/wp-content/uploads/2021/09/20210918-Inauguration-jardin-pédagogique-écoles-Bouchesèche_0073-150x150.jpg]
[www.ville-hoenheim.fr/wp-content/uploads/2021/09/20210918-Inauguration-jardin-pédagogique-écoles-Bouchesèche_0072-150x150.jpg]
[www.ville-hoenheim.fr/inaugurations-despaces-pedagogiques-et-tournee-des-ecoles-avec-le-dasen/image-9/index.html]
[www.ville-hoenheim.fr/wp-content/uploads/2021/09/20210918-Inauguration-jardin-pédagogique-écoles-Bouchesèche_0070-150x150.jpg]
[www.ville-hoenheim.fr/wp-content/uploads/2021/09/20210918-Inauguration-jardin-pédagogique-écoles-Bouchesèche_0069-150x150.jpg]
[www.ville-hoenheim.fr/wp-content/uploads/2021/09/20210918-Inauguration-jardin-pédagogique-écoles-Bouchesèche_0068-150x150.jpg]
[www.ville-hoenheim.fr/wp-content/uploads/2021/09/20210918-Inauguration-jardin-pédagogique-écoles-Bouchesèche_0067-150x150.jpg]
[www.ville-hoenheim.fr/wp-content/uploads/2021/09/20210918-Inauguration-jardin-pédagogique-écoles-Bouchesèche_0065-150x150.jpg]
[www.ville-hoenheim.fr/inaugurations-despaces-pedagogiques-et-tournee-des-ecoles-avec-le-dasen/image-10/index.html]
[www.ville-hoenheim.fr/wp-content/uploads/2021/09/20210918-Inauguration-jardin-pédagogique-écoles-Bouchesèche_0062-150x150.jpg]
[www.ville-hoenheim.fr/inaugurations-despaces-pedagogiques-et-tournee-des-ecoles-avec-le-dasen/index.html]
[www.ville-hoenheim.fr/inaugurations-despaces-pedagogiques-et-tournee-des-ecoles-avec-le-dasen/image-11/index.html]
[www.ville-hoenheim.fr/inaugurations-despaces-pedagogiques-et-tournee-des-ecoles-avec-le-dasen/image-12/index.html]
[www.ville-hoenheim.fr/inaugurations-despaces-pedagogiques-et-tournee-des-ecoles-avec-le-dasen/image-14/index.html]
[www.ville-hoenheim.fr/inaugurations-despaces-pedagogiques-et-tournee-des-ecoles-avec-le-dasen/image-15/index.html]
[www.ville-hoenheim.fr/wp-json/wp/v2/posts/307.json]
[www.ville-hoenheim.fr/inaugurations-despaces-pedagogiques-et-tournee-des-ecoles-avec-le-dasen/image-16/index.html]
[www.ville-hoenheim.fr/inaugurations-despaces-pedagogiques-et-tournee-des-ecoles-avec-le-dasen/image-17/index.html]
[www.ville-hoenheim.fr/inaugurations-despaces-pedagogiques-et-tournee-des-ecoles-avec-le-dasen/image-18/index.html]
[www.ville-hoenheim.fr/wp-json/oembed/1.0/embedc1d4.json]
[www.ville-hoenheim.fr/indexf020.html]
[www.ville-hoenheim.fr/indexa050.html]
[www.ville-hoenheim.fr/index7faf.html]
[www.ville-hoenheim.fr/wp-json/oembed/1.0/embed6359]
[www.ville-hoenheim.fr/index3ca6.html]
[www.ville-hoenheim.fr/indexd40d.html]
[www.ville-hoenheim.fr/wp-content/uploads/2015/04/scolaire.jpg]
[www.ville-hoenheim.fr/scolaire/index.html]
[www.ville-hoenheim.fr/indexf7dd.html]
[www.ville-hoenheim.fr/indexdeb7.html]
[www.ville-hoenheim.fr/index023c.html]
[www.ville-hoenheim.fr/indexe1ce.html]
[www.ville-hoenheim.fr/index644a.html]
[www.ville-hoenheim.fr/wp-json/wp/v2/posts/6684.json]
[www.ville-hoenheim.fr/index21f3.html]
[www.ville-hoenheim.fr/index26ad.html]
[www.ville-hoenheim.fr/index8122.html]
[www.ville-hoenheim.fr/index03f2.html]
[www.ville-hoenheim.fr/wp-json/oembed/1.0/embeded97.json]
[www.ville-hoenheim.fr/indexf3ed.html]
[www.ville-hoenheim.fr/indexb0ca.html]
[www.ville-hoenheim.fr/indexdfa2.html]
[www.ville-hoenheim.fr/index996b.html]
[www.ville-hoenheim.fr/wp-json/oembed/1.0/embedcfe8]
[www.ville-hoenheim.fr/wp-content/uploads/2021/06/4294.jpg]
[www.ville-hoenheim.fr/les-clubs-de-la-ville-vous-informent/index.html]
[www.ville-hoenheim.fr/index863e.html]
[www.ville-hoenheim.fr/wp-json/wp/v2/posts/272.json]
[www.ville-hoenheim.fr/wp-json/oembed/1.0/embed6ef6.json]
[www.ville-hoenheim.fr/wp-json/oembed/1.0/embed8d94]
[www.ville-hoenheim.fr/wp-content/uploads/2015/04/assoc.jpg]
[www.ville-hoenheim.fr/wp-content/uploads/2015/04/Liste-des-associations-Hoenheim-12-2025.pdf]
[www.ville-hoenheim.fr/test-photo-2/index.html]
[www.ville-hoenheim.fr/category/services/jeunesse/programme-des-vacances-9-a-17-ans/feed/index.html]
[www.ville-hoenheim.fr/category/services/jeunesse/programme-des-vacances-9-a-17-ans/index.html]
[www.ville-hoenheim.fr/wp-json/wp/v2/categories/304.json]
[www.ville-hoenheim.fr/category/services/jeunesse/tickets-loisirs/index.html]
[www.ville-hoenheim.fr/wp-json/wp/v2/categories/59.json]
[www.ville-hoenheim.fr/category/services/jeunesse/tickets-loisirs/feed/index.html]
[www.ville-hoenheim.fr/category/services/services_sociaux/forum-des-seniors/index.html]
[www.ville-hoenheim.fr/wp-json/wp/v2/categories/285.json]
[www.ville-hoenheim.fr/category/services/services_sociaux/forum-des-seniors/feed/index.html]
[www.ville-hoenheim.fr/wp-json/wp/v2/posts/626.json]
[www.ville-hoenheim.fr/wp-json/oembed/1.0/embed704a.json]
[www.ville-hoenheim.fr/wp-json/oembed/1.0/embed21b0]
[www.ville-hoenheim.fr/wp-content/uploads/2015/04/maison-retraite.jpg]
[www.ville-hoenheim.fr/maisons-de-retraite/index.html]
[www.ville-hoenheim.fr/wp-json/wp/v2/posts/6890.json]
[www.ville-hoenheim.fr/wp-json/oembed/1.0/embedc985.json]
[www.ville-hoenheim.fr/wp-json/oembed/1.0/embed0d4b]
[www.ville-hoenheim.fr/les-defis-declics-2021-2022/index.html]
[www.ville-hoenheim.fr/wp-content/uploads/2021/09/DECLICS.jpg]
[www.ville-hoenheim.fr/wp-json/wp/v2/posts/32.json]
[www.ville-hoenheim.fr/wp-json/oembed/1.0/embedff53.json]
[www.ville-hoenheim.fr/wp-json/oembed/1.0/embed37a5]
[www.ville-hoenheim.fr/le-nouveau-virtuose/index.html]
[www.ville-hoenheim.fr/index0735.html]
[www.ville-hoenheim.fr/wp-json/wp/v2/categories/31.json]
[www.ville-hoenheim.fr/wp-content/uploads/2022/08/secheresse-300x150.jpg]
[www.ville-hoenheim.fr/wp-content/uploads/2026/07/2026-Colombes-accueil-caniculeok-212x300.jpg]
[www.ville-hoenheim.fr/category/article_accueil/index.html]
[www.ville-hoenheim.fr/category/article_accueil/feed/index.html]
[www.ville-hoenheim.fr/wp-json/wp/v2/posts/8955.json]
[www.ville-hoenheim.fr/category/article_accueil/page/2/index.html]
[www.ville-hoenheim.fr/category/article_accueil/page/15/index.html]
[www.ville-hoenheim.fr/wp-json/oembed/1.0/embed92b2.json]
[www.ville-hoenheim.fr/wp-json/oembed/1.0/embed6cdb]
[www.ville-hoenheim.fr/wp-content/uploads/2016/01/canicule.jpg]
[www.ville-hoenheim.fr/wp-content/uploads/2023/08/les_bons_reflexes_pendant_les_fortes_chaleurs_aff_tout_public.png]
[www.ville-hoenheim.fr/canicule-fortes-chaleurs-protegez-vous/index.html]
[www.ville-hoenheim.fr/wp-json/wp/v2/posts/8638.json]
[www.ville-hoenheim.fr/wp-json/oembed/1.0/embedcfd9.json]
[www.ville-hoenheim.fr/wp-json/oembed/1.0/embed117e]
[www.ville-hoenheim.fr/nouveau-le-quotient-familial-unique/index.html]
[www.ville-hoenheim.fr/wp-json/wp/v2/posts/7442.json]
[www.ville-hoenheim.fr/wp-json/oembed/1.0/embed3892.json]
[www.ville-hoenheim.fr/wp-json/oembed/1.0/embed9a7f]
[www.ville-hoenheim.fr/wp-content/uploads/2024/06/Affiche-livres-voyageurs-2026.jpg]
[www.ville-hoenheim.fr/livres-voyageurs/index.html]
[www.ville-hoenheim.fr/wp-json/wp/v2/posts/8442.json]
[www.ville-hoenheim.fr/wp-json/oembed/1.0/embed203b.json]
[www.ville-hoenheim.fr/wp-json/oembed/1.0/embedb4d9]
[www.ville-hoenheim.fr/wp-content/uploads/2024/03/20240312_151859-scaled.jpg]
[www.ville-hoenheim.fr/wp-content/uploads/2024/03/A5_CARTES_biodechet_2024_Hoenheim.pdf]
[www.ville-hoenheim.fr/la-collecte-des-dechets-alimentaires-cest-parti/index.html]
[www.ville-hoenheim.fr/wp-json/wp/v2/posts/8204.json]
[www.ville-hoenheim.fr/wp-json/oembed/1.0/embed6a33.json]
[www.ville-hoenheim.fr/wp-json/oembed/1.0/embed5f7c]
[www.ville-hoenheim.fr/wp-content/uploads/2020/05/marche-e1589262663603.jpg]
[www.ville-hoenheim.fr/deplacement-du-marche-du-mercredi-matin-a-partir-du-6-septembre/index.html]
[www.ville-hoenheim.fr/wp-json/wp/v2/posts/7899.json]
[www.ville-hoenheim.fr/wp-json/oembed/1.0/embeda77f.json]
[www.ville-hoenheim.fr/wp-json/oembed/1.0/embedc5d1]
[www.ville-hoenheim.fr/wp-content/uploads/2022/06/ZFE-m_Banniere_1200x428.jpg]
[www.ville-hoenheim.fr/zfe-m-ouverture-de-la-plate-forme-de-depot-et-dinstruction-des-demandes-de-derogations/index.html]
[www.ville-hoenheim.fr/wp-json/wp/v2/posts/7810.json]
[www.ville-hoenheim.fr/wp-json/oembed/1.0/embed93c5.json]
[www.ville-hoenheim.fr/wp-json/oembed/1.0/embedfa1a]
[www.ville-hoenheim.fr/wp-content/uploads/2022/10/Hoenheim_nouveaux-horaires.jpg]
[www.ville-hoenheim.fr/nouveaux-horaires-douverture-de-la-mairie/index.html]
[www.ville-hoenheim.fr/wp-json/wp/v2/posts/7800.json]
[www.ville-hoenheim.fr/wp-json/oembed/1.0/embed7083.json]
[www.ville-hoenheim.fr/wp-json/oembed/1.0/embed1f31]
[www.ville-hoenheim.fr/wp-content/uploads/2022/10/filament-bulb-lying-on-euro-coins-web.jpg]
[www.ville-hoenheim.fr/wp-content/uploads/2022/10/2022-51_lumiere-1-2.pdf]
[www.ville-hoenheim.fr/plan-deconomies-denergies/index.html]
[www.ville-hoenheim.fr/wp-json/wp/v2/posts/7793.json]
[www.ville-hoenheim.fr/wp-json/oembed/1.0/embed6624.json]
[www.ville-hoenheim.fr/wp-json/oembed/1.0/embed081a]
[www.ville-hoenheim.fr/wp-content/uploads/2022/10/5_MJ.jpg]
[www.ville-hoenheim.fr/marche-vitaboucle-du-16-octobre-2022/index.html]
[www.ville-hoenheim.fr/wp-json/wp/v2/posts/7587.json]
[www.ville-hoenheim.fr/wp-json/oembed/1.0/embedd883.json]
[www.ville-hoenheim.fr/wp-json/oembed/1.0/embedfe07]
[www.ville-hoenheim.fr/wp-content/uploads/2022/04/Elections.jpg]
[www.ville-hoenheim.fr/wp-content/uploads/2022/04/Elections-presidentielles-2022-1er-tour.pdf]
[www.ville-hoenheim.fr/wp-content/uploads/2022/04/Elections-presidentielles-2022-2e-tour.pdf]
[www.ville-hoenheim.fr/elections-presidentielles-2022-resultats-des-bureaux-de-votes-hoenheimois/index.html]
[www.ville-hoenheim.fr/wp-json/wp/v2/posts/7528.json]
[www.ville-hoenheim.fr/wp-json/oembed/1.0/embed223a.json]
[www.ville-hoenheim.fr/wp-json/oembed/1.0/embede282]
[www.ville-hoenheim.fr/wp-content/uploads/2022/03/20220304-SPONSOR-CYCLE-RECYCLE-HOENHEIM_0249-scaled.jpg]
[www.ville-hoenheim.fr/cyclerecyclez-bientot-a-hoenheim/index.html]
[www.ville-hoenheim.fr/wp-json/wp/v2/posts/7499.json]
[www.ville-hoenheim.fr/wp-json/oembed/1.0/embed3022.json]
[www.ville-hoenheim.fr/wp-json/oembed/1.0/embed4cbf]
[www.ville-hoenheim.fr/wp-content/uploads/2022/02/Capture-decran-2022-02-21-a-17.14.06.png]
[www.ville-hoenheim.fr/dematerialisation-des-autorisations-durbanisme/index.html]
[www.ville-hoenheim.fr/wp-json/wp/v2/posts/7480.json]
[www.ville-hoenheim.fr/wp-json/oembed/1.0/embed657d.json]
[www.ville-hoenheim.fr/wp-json/oembed/1.0/embed5023]
[www.ville-hoenheim.fr/wp-content/uploads/2022/02/pexels-elevate-digital-1647905-scaled.jpg]
[www.ville-hoenheim.fr/demarches-en-lignes-et-demandes-de-subventions/index.html]
[www.ville-hoenheim.fr/wp-json/wp/v2/posts/7465.json]
[www.ville-hoenheim.fr/wp-json/oembed/1.0/embede826.json]
[www.ville-hoenheim.fr/wp-json/oembed/1.0/embed35e7]
[www.ville-hoenheim.fr/remise-de-diplomes-et-vifs-remerciements/index.html]
[www.ville-hoenheim.fr/wp-content/uploads/2022/02/20220125_HONORARIAT_TRENEY_LUTZ_6539_DNA-scaled.jpg]
[www.ville-hoenheim.fr/wp-json/wp/v2/posts/7394.json]
[www.ville-hoenheim.fr/wp-json/oembed/1.0/embed530a.json]
[www.ville-hoenheim.fr/wp-json/oembed/1.0/embed93e2]
[www.ville-hoenheim.fr/wp-content/uploads/2022/01/image-29.jpg]
[www.ville-hoenheim.fr/wp-content/uploads/2022/01/20220128_PLANTATION_HAIE_142856_R-150x150.jpg]
[www.ville-hoenheim.fr/wp-content/uploads/2022/01/20220128_123602-150x150.jpg]
[www.ville-hoenheim.fr/wp-content/uploads/2022/01/20220128_124817-150x150.jpg]
[www.ville-hoenheim.fr/wp-content/uploads/2022/01/20220128_154422-150x150.jpg]
[www.ville-hoenheim.fr/wp-content/uploads/2022/01/20220128_equipe_155813-150x150.jpg]
[www.ville-hoenheim.fr/wp-content/uploads/2022/01/image-29-150x150.jpg]
[www.ville-hoenheim.fr/wp-content/uploads/2022/01/image-28-150x150.jpg]
[www.ville-hoenheim.fr/wp-content/uploads/2022/01/image-27-150x150.jpg]
[www.ville-hoenheim.fr/wp-content/uploads/2022/01/image-26-150x150.jpg]
[www.ville-hoenheim.fr/des-jeunes-pousses-rue-de-la-fontaine/20220128_plantation_haie_142856_r/index.html]
[www.ville-hoenheim.fr/wp-content/uploads/2022/01/image-25-150x150.jpg]
[www.ville-hoenheim.fr/wp-content/uploads/2022/01/image-24-150x150.jpg]
[www.ville-hoenheim.fr/wp-content/uploads/2022/01/image-23-150x150.jpg]
[www.ville-hoenheim.fr/wp-content/uploads/2022/01/image-22-150x150.jpg]
[www.ville-hoenheim.fr/wp-content/uploads/2022/01/image-21-150x150.jpg]
[www.ville-hoenheim.fr/wp-content/uploads/2022/01/image-20-150x150.jpg]
[www.ville-hoenheim.fr/des-jeunes-pousses-rue-de-la-fontaine/20220128_123602/index.html]
[www.ville-hoenheim.fr/des-jeunes-pousses-rue-de-la-fontaine/20220128_124817/index.html]
[www.ville-hoenheim.fr/des-jeunes-pousses-rue-de-la-fontaine/20220128_154422/index.html]
[www.ville-hoenheim.fr/wp-content/uploads/2022/01/image-19-150x150.jpg]
[www.ville-hoenheim.fr/wp-content/uploads/2022/01/image-18-150x150.jpg]
[www.ville-hoenheim.fr/wp-content/uploads/2022/01/image-17-150x150.jpg]
[www.ville-hoenheim.fr/wp-content/uploads/2022/01/image-16-150x150.jpg]
[www.ville-hoenheim.fr/wp-content/uploads/2022/01/image-15-150x150.jpg]
[www.ville-hoenheim.fr/des-jeunes-pousses-rue-de-la-fontaine/image-53/index.html]
[www.ville-hoenheim.fr/wp-content/uploads/2022/01/image-14-150x150.jpg]
[www.ville-hoenheim.fr/des-jeunes-pousses-rue-de-la-fontaine/20220128_equipe_155813/index.html]
[www.ville-hoenheim.fr/wp-content/uploads/2022/01/image-13-150x150.jpg]
[www.ville-hoenheim.fr/wp-content/uploads/2022/01/image-12-150x150.jpg]
[www.ville-hoenheim.fr/wp-content/uploads/2022/01/image-11-150x150.jpg]
[www.ville-hoenheim.fr/des-jeunes-pousses-rue-de-la-fontaine/image-52/index.html]
[www.ville-hoenheim.fr/wp-content/uploads/2022/01/image-10-150x150.jpg]
[www.ville-hoenheim.fr/wp-content/uploads/2022/01/image-9-150x150.jpg]
[www.ville-hoenheim.fr/wp-content/uploads/2022/01/image-8-150x150.jpg]
[www.ville-hoenheim.fr/wp-content/uploads/2022/01/image-7-150x150.jpg]
[www.ville-hoenheim.fr/des-jeunes-pousses-rue-de-la-fontaine/image-51/index.html]
[www.ville-hoenheim.fr/wp-content/uploads/2022/01/image-6-150x150.jpg]
[www.ville-hoenheim.fr/des-jeunes-pousses-rue-de-la-fontaine/index.html]
[www.ville-hoenheim.fr/des-jeunes-pousses-rue-de-la-fontaine/image-50/index.html]
[www.ville-hoenheim.fr/des-jeunes-pousses-rue-de-la-fontaine/image-49/index.html]
[www.ville-hoenheim.fr/des-jeunes-pousses-rue-de-la-fontaine/image-48/index.html]
[www.ville-hoenheim.fr/des-jeunes-pousses-rue-de-la-fontaine/image-47/index.html]
[www.ville-hoenheim.fr/wp-json/wp/v2/posts/6907.json]
[www.ville-hoenheim.fr/des-jeunes-pousses-rue-de-la-fontaine/image-46/index.html]
[www.ville-hoenheim.fr/des-jeunes-pousses-rue-de-la-fontaine/image-45/index.html]
[www.ville-hoenheim.fr/des-jeunes-pousses-rue-de-la-fontaine/image-44/index.html]
[www.ville-hoenheim.fr/des-jeunes-pousses-rue-de-la-fontaine/image-43/index.html]
[www.ville-hoenheim.fr/wp-json/oembed/1.0/embeda154.json]
[www.ville-hoenheim.fr/des-jeunes-pousses-rue-de-la-fontaine/image-42/index.html]
[www.ville-hoenheim.fr/des-jeunes-pousses-rue-de-la-fontaine/image-41/index.html]
[www.ville-hoenheim.fr/wp-json/oembed/1.0/embed31b5]
[www.ville-hoenheim.fr/des-jeunes-pousses-rue-de-la-fontaine/image-40/index.html]
[www.ville-hoenheim.fr/wp-content/uploads/2021/09/pexels-lucas-guimarães-5131406.jpg]
[www.ville-hoenheim.fr/bien-vieillir-a-hoenheim/index.html]
[www.ville-hoenheim.fr/des-jeunes-pousses-rue-de-la-fontaine/image-39/index.html]
[www.ville-hoenheim.fr/des-jeunes-pousses-rue-de-la-fontaine/image-38/index.html]
[www.ville-hoenheim.fr/des-jeunes-pousses-rue-de-la-fontaine/image-37/index.html]
[www.ville-hoenheim.fr/des-jeunes-pousses-rue-de-la-fontaine/image-36/index.html]
[www.ville-hoenheim.fr/des-jeunes-pousses-rue-de-la-fontaine/image-35/index.html]
[www.ville-hoenheim.fr/des-jeunes-pousses-rue-de-la-fontaine/image-34/index.html]
[www.ville-hoenheim.fr/des-jeunes-pousses-rue-de-la-fontaine/image-33/index.html]
[www.ville-hoenheim.fr/wp-json/wp/v2/posts/6901.json]
[www.ville-hoenheim.fr/des-jeunes-pousses-rue-de-la-fontaine/image-32/index.html]
[www.ville-hoenheim.fr/des-jeunes-pousses-rue-de-la-fontaine/image-31/index.html]
[www.ville-hoenheim.fr/des-jeunes-pousses-rue-de-la-fontaine/image-30/index.html]
[www.ville-hoenheim.fr/wp-json/oembed/1.0/embeda6c6.json]
[www.ville-hoenheim.fr/wp-json/oembed/1.0/embed98a6]
[www.ville-hoenheim.fr/wp-content/uploads/2021/09/Capture-d’écran-2021-09-06-à-13.53.20.png]
[www.ville-hoenheim.fr/benevolat-aide-aux-devoirs-du-cp-au-cm2/index.html]
[www.ville-hoenheim.fr/wp-json/wp/v2/posts/6826.json]
[www.ville-hoenheim.fr/wp-json/oembed/1.0/embeda819.json]
[www.ville-hoenheim.fr/wp-json/oembed/1.0/embed91fa]
[www.ville-hoenheim.fr/wp-content/uploads/2021/08/Avertissement-EDF-725x1024.jpg]
[www.ville-hoenheim.fr/prevention-de-risques-de-noyade-dans-le-rhin/index.html]
[www.ville-hoenheim.fr/wp-json/wp/v2/posts/6748.json]
[www.ville-hoenheim.fr/wp-json/oembed/1.0/embed360f.json]
[www.ville-hoenheim.fr/wp-json/oembed/1.0/embed792d]
[www.ville-hoenheim.fr/wp-content/uploads/2021/06/porte-demarchage-charlotte-may-5825395.jpg]
[www.ville-hoenheim.fr/demarchage-ou-porte-a-porte/index.html]
[www.ville-hoenheim.fr/wp-json/wp/v2/posts/6741.json]
[www.ville-hoenheim.fr/wp-json/oembed/1.0/embed6dde.json]
[www.ville-hoenheim.fr/wp-json/oembed/1.0/embed03df]
[www.ville-hoenheim.fr/secousses-sismiques-et-degats-2/index.html]
[www.ville-hoenheim.fr/wp-json/wp/v2/posts/6654.json]
[www.ville-hoenheim.fr/wp-json/oembed/1.0/embedbc78.json]
[www.ville-hoenheim.fr/wp-json/oembed/1.0/embed762f]
[www.ville-hoenheim.fr/wp-content/uploads/2021/06/196033451_1851485335059720_7568233114277060220_n.png]
[www.ville-hoenheim.fr/numeros-durgence/index.html]
[www.ville-hoenheim.fr/wp-json/wp/v2/posts/6635.json]
[www.ville-hoenheim.fr/numerosdurgence-plandelaville/indexedd0.html]
[www.ville-hoenheim.fr/wp-json/oembed/1.0/embedc14c.json]
[www.ville-hoenheim.fr/wp-json/oembed/1.0/embed51c3]
[www.ville-hoenheim.fr/ouverture-du-pass-culture-aux-18-ans-et-plus/index.html]
[www.ville-hoenheim.fr/wp-content/uploads/2021/05/image.png]
[www.ville-hoenheim.fr/wp-json/wp/v2/posts/6295.json]
[www.ville-hoenheim.fr/wp-json/oembed/1.0/embed71f6.json]
[www.ville-hoenheim.fr/wp-json/oembed/1.0/embed6902]
[www.ville-hoenheim.fr/wp-content/uploads/2021/03/écriture-rfstudio-3059691_bandeau.jpg]
[www.ville-hoenheim.fr/wp-content/uploads/2021/05/Les-étoiles-H.pdf]
[www.ville-hoenheim.fr/wp-content/uploads/2021/04/Liberté-RA.pdf]
[www.ville-hoenheim.fr/wp-content/uploads/2021/04/Sans-titre-BC.pdf]
[www.ville-hoenheim.fr/wp-content/uploads/2021/04/Points-de-repère-points-de-perdition-WMM.pdf]
[www.ville-hoenheim.fr/wp-content/uploads/2021/04/Envolée-musicale-DC.pdf]
[www.ville-hoenheim.fr/wp-content/uploads/2021/04/Sévader-avec-lart-voler-dans-sa-tête-CD.pdf]
[www.ville-hoenheim.fr/wp-content/uploads/2021/04/Envol-FC.pdf]
[www.ville-hoenheim.fr/wp-content/uploads/2021/04/Écrire-un-poème-pour-elle-RS.pdf]
[www.ville-hoenheim.fr/wp-content/uploads/2021/04/LenVolée-dune-confinée-MH.pdf]
[www.ville-hoenheim.fr/wp-content/uploads/2021/04/Le-soldat-de-porcelaine-DN.pdf]
[www.ville-hoenheim.fr/wp-content/uploads/2021/04/Regard-dEHPAD-DS.pdf]
[www.ville-hoenheim.fr/wp-content/uploads/2021/04/Là-haut-RF.pdf]
[www.ville-hoenheim.fr/wp-content/uploads/2021/04/Testament-à-la-jeunesse-CK.pdf]
[www.ville-hoenheim.fr/wp-content/uploads/2021/04/Que-restera-t-il-HM.pdf]
[www.ville-hoenheim.fr/wp-content/uploads/2021/04/Les-nuits-MM.pdf]
[www.ville-hoenheim.fr/wp-content/uploads/2021/04/Covid-RJ.pdf]
[www.ville-hoenheim.fr/wp-content/uploads/2021/04/Voyage-ML.pdf]
[www.ville-hoenheim.fr/wp-content/uploads/2021/04/A-lAimé.e-disparu.e-DC.pdf]
[www.ville-hoenheim.fr/wp-content/uploads/2021/04/Une-vie-MA.pdf]
[www.ville-hoenheim.fr/wp-content/uploads/2021/04/Sans-titre-DVE.pdf]
[www.ville-hoenheim.fr/wp-content/uploads/2021/04/Le-printemps-RMC.pdf]
[www.ville-hoenheim.fr/wp-content/uploads/2021/04/Le-retour-de-Michael-SB.pdf]
[www.ville-hoenheim.fr/wp-content/uploads/2021/04/Germination-FF.pdf]
[www.ville-hoenheim.fr/wp-content/uploads/2021/04/LenVolée-NA.pdf]
[www.ville-hoenheim.fr/wp-content/uploads/2021/04/Tous-des-oiseaux-HC.pdf]
[www.ville-hoenheim.fr/wp-content/uploads/2021/04/Humeurs-printanières-RA.pdf]
[www.ville-hoenheim.fr/wp-content/uploads/2021/04/Vole-FL.pdf]
[www.ville-hoenheim.fr/wp-content/uploads/2021/04/Vol-de-nuit-MLA.pdf]
[www.ville-hoenheim.fr/wp-content/uploads/2021/04/Un-bonjour-était-pétri-PJC.pdf]
[www.ville-hoenheim.fr/wp-content/uploads/2021/04/Le-Bal-du-Printemps-AMJ.pdf]
[www.ville-hoenheim.fr/wp-content/uploads/2021/04/Lettre-à-létoile-MK.pdf]
[www.ville-hoenheim.fr/wp-content/uploads/2021/04/Sans-titre-ME.jpg]
[www.ville-hoenheim.fr/wp-content/uploads/2021/04/Mes-contes-oniriques-SJ.pdf]
[www.ville-hoenheim.fr/wp-content/uploads/2021/04/Pour-toi-mon-amie-LCSC.pdf]
[www.ville-hoenheim.fr/wp-content/uploads/2021/04/Vue-des-Grands-Fonds-SH.pdf]
[www.ville-hoenheim.fr/wp-content/uploads/2021/04/Voyage-déconfiné-dans-le-temps-dun-confiné-CO.pdf]
[www.ville-hoenheim.fr/wp-content/uploads/2021/04/Lily-DM.pdf]
[www.ville-hoenheim.fr/wp-content/uploads/2021/04/Sans-titre-RG.pdf]
[www.ville-hoenheim.fr/wp-content/uploads/2021/04/Finalement-LA.pdf]
[www.ville-hoenheim.fr/wp-content/uploads/2021/04/Pour-seul-paysage-PP.pdf]
[www.ville-hoenheim.fr/wp-content/uploads/2021/04/Jour-et-Nuit-MB.pdf]
[www.ville-hoenheim.fr/wp-content/uploads/2021/04/Nuage-et-danse-AVR.pdf]
[www.ville-hoenheim.fr/wp-content/uploads/2021/04/Lenvolée-PM.pdf]
[www.ville-hoenheim.fr/wp-content/uploads/2021/04/Evasion-GI.pdf]
[www.ville-hoenheim.fr/wp-content/uploads/2021/04/Vu-et-connu-TP.pdf]
[www.ville-hoenheim.fr/wp-content/uploads/2021/04/Le-temps-des-petits-bonheurs-CC.pdf]
[www.ville-hoenheim.fr/wp-content/uploads/2021/04/Envol-suspendu-EC.pdf]
[www.ville-hoenheim.fr/wp-content/uploads/2021/04/Lenvolée-des-vraies-valeurs-MR.pdf]
[www.ville-hoenheim.fr/wp-content/uploads/2021/04/Cascade-LS.pdf]
[www.ville-hoenheim.fr/wp-content/uploads/2021/04/Lart-de-parler-avec-ses-mains-MM.pdf]
[www.ville-hoenheim.fr/wp-content/uploads/2021/05/Evasion-MG.pdf]
[www.ville-hoenheim.fr/concours-de-poesie-lenvolee/index.html]
[www.ville-hoenheim.fr/wp-json/wp/v2/posts/599.json]
[www.ville-hoenheim.fr/wp-json/oembed/1.0/embed8ef0.json]
[www.ville-hoenheim.fr/wp-json/oembed/1.0/embed9e7c]
[www.ville-hoenheim.fr/la-peche/index.html]
[www.ville-hoenheim.fr/wp-json/wp/v2/posts/5977.json]
[www.ville-hoenheim.fr/wp-json/oembed/1.0/embed4a32.json]
[www.ville-hoenheim.fr/wp-json/oembed/1.0/embedc44b]
[www.ville-hoenheim.fr/vos-droits-declaration-prealable-permis-de-construire-permis-de-demolir/index.html]
[www.ville-hoenheim.fr/wp-json/wp/v2/posts/5935.json]
[www.ville-hoenheim.fr/wp-json/oembed/1.0/embed6e0e.json]
[www.ville-hoenheim.fr/wp-json/oembed/1.0/embedddc8]
[www.ville-hoenheim.fr/wp-content/uploads/2021/02/MIEUX-LES-UTILISER3.-MIEUX-LES-JETER-143x300.png]
[www.ville-hoenheim.fr/wp-content/uploads/2021/02/EMS-Plaquette-DDM-100x210-2021_web.pdf]
[www.ville-hoenheim.fr/dechets-dangereux-des-menages/index.html]
[www.ville-hoenheim.fr/wp-json/wp/v2/posts/5931.json]
[www.ville-hoenheim.fr/wp-json/oembed/1.0/embed2852.json]
[www.ville-hoenheim.fr/wp-json/oembed/1.0/embed3cab]
[www.ville-hoenheim.fr/tous-a-velo/index.html]
[www.ville-hoenheim.fr/wp-content/uploads/2021/02/IMG_6774.jpg]
[www.ville-hoenheim.fr/wp-json/wp/v2/posts/5898.json]
[www.ville-hoenheim.fr/wp-json/oembed/1.0/embed2c73.json]
[www.ville-hoenheim.fr/wp-json/oembed/1.0/embeda800]
[www.ville-hoenheim.fr/je-protege-mon-enfant/index.html]
[www.ville-hoenheim.fr/wp-json/wp/v2/posts/5891.json]
[www.ville-hoenheim.fr/wp-json/oembed/1.0/embedd79b.json]
[www.ville-hoenheim.fr/wp-json/oembed/1.0/embed53dc]
[www.ville-hoenheim.fr/wp-content/uploads/2021/02/148934721_10157905045696497_1466178863276498681_o.jpg]
[www.ville-hoenheim.fr/pizzas-a-1-euro-et-collectes-pour-nos-etudiants/index.html]
[www.ville-hoenheim.fr/wp-json/wp/v2/posts/5809.json]
[www.ville-hoenheim.fr/wp-json/oembed/1.0/embed8b20.json]
[www.ville-hoenheim.fr/wp-json/oembed/1.0/embed80ce]
[www.ville-hoenheim.fr/faux-sites-administratifs-attention-aux-arnaques/index.html]
[www.ville-hoenheim.fr/wp-json/wp/v2/posts/5768.json]
[www.ville-hoenheim.fr/wp-json/oembed/1.0/embed2ce9.json]
[www.ville-hoenheim.fr/wp-json/oembed/1.0/embedf929]
[www.ville-hoenheim.fr/qui-doit-deneiger-le-trottoir-devant-chez-vous/index.html]
[www.ville-hoenheim.fr/wp-content/uploads/2021/01/I4318.png]
[www.ville-hoenheim.fr/wp-json/wp/v2/posts/5704.json]
[www.ville-hoenheim.fr/wp-json/oembed/1.0/embedeaaf.json]
[www.ville-hoenheim.fr/wp-json/oembed/1.0/embed3591]
[www.ville-hoenheim.fr/wp-content/uploads/2021/01/IMG_1435.jpg]
[www.ville-hoenheim.fr/wp-content/uploads/2021/01/IMG_1425-150x150.jpg]
[www.ville-hoenheim.fr/wp-content/uploads/2021/01/IMG_1426-150x150.jpg]
[www.ville-hoenheim.fr/wp-content/uploads/2021/01/IMG_1907-150x150.jpg]
[www.ville-hoenheim.fr/wp-content/uploads/2021/01/IMG_1428-150x150.jpg]
[www.ville-hoenheim.fr/wp-content/uploads/2021/01/IMG_1905-150x150.jpg]
[www.ville-hoenheim.fr/wp-content/uploads/2021/01/IMG_1430-150x150.jpg]
[www.ville-hoenheim.fr/wp-content/uploads/2021/01/IMG_1431-150x150.jpg]
[www.ville-hoenheim.fr/wp-content/uploads/2021/01/IMG_1014-1-150x150.jpg]
[www.ville-hoenheim.fr/wp-content/uploads/2021/01/IMG_1453-150x150.jpg]
[www.ville-hoenheim.fr/lhiver-nous-offre-son-beau-manteau-blanc/img_1425/index.html]
[www.ville-hoenheim.fr/wp-content/uploads/2021/01/IMG_1451-150x150.jpg]
[www.ville-hoenheim.fr/wp-content/uploads/2021/01/IMG_1455-150x150.jpg]
[www.ville-hoenheim.fr/wp-content/uploads/2021/01/IMG_1457-150x150.jpg]
[www.ville-hoenheim.fr/wp-content/uploads/2021/01/IMG_1459-150x150.jpg]
[www.ville-hoenheim.fr/lhiver-nous-offre-son-beau-manteau-blanc/img_1426/index.html]
[www.ville-hoenheim.fr/lhiver-nous-offre-son-beau-manteau-blanc/img_1907/index.html]
[www.ville-hoenheim.fr/wp-content/uploads/2021/01/IMG_1458-150x150.jpg]
[www.ville-hoenheim.fr/wp-content/uploads/2021/01/IMG_1450-150x150.jpg]
[www.ville-hoenheim.fr/lhiver-nous-offre-son-beau-manteau-blanc/img_1428/index.html]
[www.ville-hoenheim.fr/wp-content/uploads/2021/01/IMG_1456-150x150.jpg]
[www.ville-hoenheim.fr/wp-content/uploads/2021/01/IMG_1449-150x150.jpg]
[www.ville-hoenheim.fr/wp-content/uploads/2021/01/IMG_1444-150x150.jpg]
[www.ville-hoenheim.fr/wp-content/uploads/2021/01/IMG_1445-150x150.jpg]
[www.ville-hoenheim.fr/lhiver-nous-offre-son-beau-manteau-blanc/img_1905/index.html]
[www.ville-hoenheim.fr/wp-content/uploads/2021/01/IMG_1446-150x150.jpg]
[www.ville-hoenheim.fr/wp-content/uploads/2021/01/IMG_1447-150x150.jpg]
[www.ville-hoenheim.fr/wp-content/uploads/2021/01/IMG_1448-150x150.jpg]
[www.ville-hoenheim.fr/wp-content/uploads/2021/01/IMG_1443-150x150.jpeg]
[www.ville-hoenheim.fr/lhiver-nous-offre-son-beau-manteau-blanc/img_1430/index.html]
[www.ville-hoenheim.fr/wp-content/uploads/2021/01/IMG_1442-150x150.jpg]
[www.ville-hoenheim.fr/wp-content/uploads/2021/01/IMG_1018-150x150.jpg]
[www.ville-hoenheim.fr/wp-content/uploads/2021/01/IMG_1441-150x150.jpg]
[www.ville-hoenheim.fr/lhiver-nous-offre-son-beau-manteau-blanc/img_1431/index.html]
[www.ville-hoenheim.fr/lhiver-nous-offre-son-beau-manteau-blanc/img_1014-2/index.html]
[www.ville-hoenheim.fr/wp-content/uploads/2021/01/IMG_1440-150x150.jpg]
[www.ville-hoenheim.fr/lhiver-nous-offre-son-beau-manteau-blanc/img_1453/index.html]
[www.ville-hoenheim.fr/wp-content/uploads/2021/01/IMG_1439-150x150.jpg]
[www.ville-hoenheim.fr/lhiver-nous-offre-son-beau-manteau-blanc/img_1451/index.html]
[www.ville-hoenheim.fr/wp-content/uploads/2021/01/IMG_1438-150x150.jpg]
[www.ville-hoenheim.fr/wp-content/uploads/2021/01/IMG_1432-150x150.jpg]
[www.ville-hoenheim.fr/lhiver-nous-offre-son-beau-manteau-blanc/img_1455/index.html]
[www.ville-hoenheim.fr/lhiver-nous-offre-son-beau-manteau-blanc/img_1457/index.html]
[www.ville-hoenheim.fr/wp-content/uploads/2021/01/IMG_1433-150x150.jpg]
[www.ville-hoenheim.fr/lhiver-nous-offre-son-beau-manteau-blanc/img_1459/index.html]
[www.ville-hoenheim.fr/wp-content/uploads/2021/01/IMG_6376-150x150.jpg]
[www.ville-hoenheim.fr/wp-content/uploads/2021/01/IMG_6389-150x150.jpg]
[www.ville-hoenheim.fr/wp-content/uploads/2021/01/IMG_6377-150x150.jpg]
[www.ville-hoenheim.fr/lhiver-nous-offre-son-beau-manteau-blanc/img_1458/index.html]
[www.ville-hoenheim.fr/wp-content/uploads/2021/01/IMG_6379-150x150.jpg]
[www.ville-hoenheim.fr/wp-content/uploads/2021/01/IMG_6381-150x150.jpg]
[www.ville-hoenheim.fr/lhiver-nous-offre-son-beau-manteau-blanc/img_1450/index.html]
[www.ville-hoenheim.fr/wp-content/uploads/2021/01/IMG_6382-150x150.jpg]
[www.ville-hoenheim.fr/lhiver-nous-offre-son-beau-manteau-blanc/img_1456/index.html]
[www.ville-hoenheim.fr/wp-content/uploads/2021/01/IMG_1457-150x150-2.jpg]
[www.ville-hoenheim.fr/lhiver-nous-offre-son-beau-manteau-blanc/img_1449/index.html]
[www.ville-hoenheim.fr/wp-content/uploads/2021/01/IMG_0925-150x150.jpg]
[www.ville-hoenheim.fr/wp-content/uploads/2021/01/IMG_3771-150x150.jpg]
[www.ville-hoenheim.fr/wp-content/uploads/2021/01/IMG_1061-1-150x150.jpg]
[www.ville-hoenheim.fr/lhiver-nous-offre-son-beau-manteau-blanc/img_1444/index.html]
[www.ville-hoenheim.fr/wp-content/uploads/2021/01/IMG_3614-150x150.jpg]
[www.ville-hoenheim.fr/wp-content/uploads/2021/01/IMG_1218-1-150x150.jpg]
[www.ville-hoenheim.fr/wp-content/uploads/2021/01/IMG_1462-150x150.jpg]
[www.ville-hoenheim.fr/lhiver-nous-offre-son-beau-manteau-blanc/img_1445/index.html]
[www.ville-hoenheim.fr/wp-content/uploads/2021/01/5e18e936-1a87-43d6-8536-5fee726ba68d-150x150.jpg]
[www.ville-hoenheim.fr/wp-content/uploads/2021/01/8b36099d-453d-4c21-970d-82a87c4aed92-150x150.jpg]
[www.ville-hoenheim.fr/wp-content/uploads/2021/01/IMG_0292-150x150.jpg]
[www.ville-hoenheim.fr/lhiver-nous-offre-son-beau-manteau-blanc/img_1446/index.html]
[www.ville-hoenheim.fr/wp-content/uploads/2021/01/IMG_0297-150x150.jpg]
[www.ville-hoenheim.fr/wp-content/uploads/2021/01/IMG_0295-150x150.jpg]
[www.ville-hoenheim.fr/wp-content/uploads/2021/01/IMG_0296-150x150.jpg]
[www.ville-hoenheim.fr/lhiver-nous-offre-son-beau-manteau-blanc/img_1447/index.html]
[www.ville-hoenheim.fr/wp-content/uploads/2021/01/20210115-devant-la-salle-du-conseil_0547-1-150x150.jpg]
[www.ville-hoenheim.fr/lhiver-nous-offre-son-beau-manteau-blanc/img_1448/index.html]
[www.ville-hoenheim.fr/wp-content/uploads/2021/01/IMG_1894-150x150.jpg]
[www.ville-hoenheim.fr/lhiver-nous-offre-son-beau-manteau-blanc/img_1443/index.html]
[www.ville-hoenheim.fr/wp-content/uploads/2021/01/IMG_0553-150x150.jpg]
[www.ville-hoenheim.fr/lhiver-nous-offre-son-beau-manteau-blanc/img_1442/index.html]
[www.ville-hoenheim.fr/wp-content/uploads/2021/01/IMG_0939-150x150.jpg]
[www.ville-hoenheim.fr/lhiver-nous-offre-son-beau-manteau-blanc/img_1441/index.html]
[www.ville-hoenheim.fr/lhiver-nous-offre-son-beau-manteau-blanc/img_1018/index.html]
[www.ville-hoenheim.fr/wp-content/uploads/2021/01/IMG_1903-1-150x150.jpg]
[www.ville-hoenheim.fr/lhiver-nous-offre-son-beau-manteau-blanc/index.html]
[www.ville-hoenheim.fr/lhiver-nous-offre-son-beau-manteau-blanc/img_1440/index.html]
[www.ville-hoenheim.fr/lhiver-nous-offre-son-beau-manteau-blanc/img_1439/index.html]
[www.ville-hoenheim.fr/lhiver-nous-offre-son-beau-manteau-blanc/img_1432/index.html]
[www.ville-hoenheim.fr/lhiver-nous-offre-son-beau-manteau-blanc/img_1438/index.html]
[www.ville-hoenheim.fr/lhiver-nous-offre-son-beau-manteau-blanc/img_1433/index.html]
[www.ville-hoenheim.fr/lhiver-nous-offre-son-beau-manteau-blanc/img_6376/index.html]
[www.ville-hoenheim.fr/lhiver-nous-offre-son-beau-manteau-blanc/img_6389/index.html]
[www.ville-hoenheim.fr/wp-json/wp/v2/posts/5668.json]
[www.ville-hoenheim.fr/lhiver-nous-offre-son-beau-manteau-blanc/img_6379/index.html]
[www.ville-hoenheim.fr/lhiver-nous-offre-son-beau-manteau-blanc/img_6377/index.html]
[www.ville-hoenheim.fr/wp-json/oembed/1.0/embede871.json]
[www.ville-hoenheim.fr/lhiver-nous-offre-son-beau-manteau-blanc/img_6381/index.html]
[www.ville-hoenheim.fr/lhiver-nous-offre-son-beau-manteau-blanc/img_6382/index.html]
[www.ville-hoenheim.fr/lhiver-nous-offre-son-beau-manteau-blanc/img_1457-2/index.html]
[www.ville-hoenheim.fr/wp-json/oembed/1.0/embed7f7a]
[www.ville-hoenheim.fr/lhiver-nous-offre-son-beau-manteau-blanc/img_0925/index.html]
[www.ville-hoenheim.fr/lhiver-nous-offre-son-beau-manteau-blanc/img_1061-2/index.html]
[www.ville-hoenheim.fr/wp-content/uploads/2021/01/Etes-vous-pret-a-partir-Votre-vehicule.jpg]
[www.ville-hoenheim.fr/lhiver-nous-offre-son-beau-manteau-blanc/img_3771/index.html]
[www.ville-hoenheim.fr/pneus-hiver-chaines-a-neige-quelles-reglementations/index.html]
[www.ville-hoenheim.fr/lhiver-nous-offre-son-beau-manteau-blanc/img_3614/index.html]
[www.ville-hoenheim.fr/lhiver-nous-offre-son-beau-manteau-blanc/img_1218-2/index.html]
[www.ville-hoenheim.fr/lhiver-nous-offre-son-beau-manteau-blanc/img_1462/index.html]
[www.ville-hoenheim.fr/lhiver-nous-offre-son-beau-manteau-blanc/5e18e936-1a87-43d6-8536-5fee726ba68d/index.html]
[www.ville-hoenheim.fr/lhiver-nous-offre-son-beau-manteau-blanc/8b36099d-453d-4c21-970d-82a87c4aed92/index.html]
[www.ville-hoenheim.fr/lhiver-nous-offre-son-beau-manteau-blanc/img_0292/index.html]
[www.ville-hoenheim.fr/lhiver-nous-offre-son-beau-manteau-blanc/img_0297/index.html]
[www.ville-hoenheim.fr/wp-json/wp/v2/posts/5662.json]
[www.ville-hoenheim.fr/lhiver-nous-offre-son-beau-manteau-blanc/img_0296/index.html]
[www.ville-hoenheim.fr/lhiver-nous-offre-son-beau-manteau-blanc/img_0295/index.html]
[www.ville-hoenheim.fr/lhiver-nous-offre-son-beau-manteau-blanc/20210115-devant-la-salle-du-conseil_0547-2/index.html]
[www.ville-hoenheim.fr/wp-json/oembed/1.0/embed2aff.json]
[www.ville-hoenheim.fr/lhiver-nous-offre-son-beau-manteau-blanc/img_1894/index.html]
[www.ville-hoenheim.fr/lhiver-nous-offre-son-beau-manteau-blanc/img_0553/index.html]
[www.ville-hoenheim.fr/lhiver-nous-offre-son-beau-manteau-blanc/img_0939/index.html]
[www.ville-hoenheim.fr/wp-json/oembed/1.0/embed69d7]
[www.ville-hoenheim.fr/wp-content/uploads/2021/01/Marquage-de-velo_largeur_760.png]
[www.ville-hoenheim.fr/wp-content/uploads/2021/01/L-equipement-obligatoire-lorsque-l-on-circule-a-velo_largeur_760.jpg]
[www.ville-hoenheim.fr/wp-content/uploads/2021/01/Parcours-VTT-10-km.png]
[www.ville-hoenheim.fr/lhiver-nous-offre-son-beau-manteau-blanc/img_1903-2/index.html]
[www.ville-hoenheim.fr/wp-content/uploads/2021/01/Parcours-cyclotourisme-14km.png]
[www.ville-hoenheim.fr/cycliste-et-bien-equipe/index.html]
[www.ville-hoenheim.fr/wp-json/wp/v2/posts/5658.json]
[www.ville-hoenheim.fr/wp-json/oembed/1.0/embed25ec.json]
[www.ville-hoenheim.fr/wp-json/oembed/1.0/embed1405]
[www.ville-hoenheim.fr/wp-content/uploads/2021/01/20210111-Ramassage-de-sapins_6329.png]
[www.ville-hoenheim.fr/des-sapins-par-centaines/index.html]
[www.ville-hoenheim.fr/wp-json/wp/v2/posts/5610.json]
[www.ville-hoenheim.fr/wp-json/oembed/1.0/embed7761.json]
[www.ville-hoenheim.fr/wp-json/oembed/1.0/embed22e0]
[www.ville-hoenheim.fr/etes-vous-de-bon-poele/index.html]
[www.ville-hoenheim.fr/wp-content/uploads/2021/01/chauffageaubois.jpg]
[www.ville-hoenheim.fr/wp-json/wp/v2/posts/5539.json]
[www.ville-hoenheim.fr/wp-json/oembed/1.0/embeddb41.json]
[www.ville-hoenheim.fr/wp-json/oembed/1.0/embed06f7]
[www.ville-hoenheim.fr/wp-content/uploads/2020/12/app-elles.png]
[www.ville-hoenheim.fr/une-application-pour-venir-en-aide/index.html]
[www.ville-hoenheim.fr/wp-json/wp/v2/posts/5520.json]
[www.ville-hoenheim.fr/wp-json/oembed/1.0/embedd4d9.json]
[www.ville-hoenheim.fr/wp-json/oembed/1.0/embed42e7]
[www.ville-hoenheim.fr/wp-content/uploads/2020/12/IMG_6237.jpg]
[www.ville-hoenheim.fr/des-masques-aux-couleurs-de-noel/index.html]
[www.ville-hoenheim.fr/wp-json/wp/v2/posts/5355.json]
[www.ville-hoenheim.fr/wp-json/oembed/1.0/embeda557.json]
[www.ville-hoenheim.fr/wp-json/oembed/1.0/embedbab9]
[www.ville-hoenheim.fr/wp-content/uploads/2020/12/Le-Tramway-boîtes-de-Noël.jpg]
[www.ville-hoenheim.fr/wp-content/uploads/2020/12/Une-boîte-à-chaussures-pour-Noël.jpg]
[www.ville-hoenheim.fr/wp-content/uploads/2020/12/Une-boîte-à-chaussures-pour-Noël-212x300.jpg]
[www.ville-hoenheim.fr/operation-boites-de-noel-plus-de-2500/index.html]
[www.ville-hoenheim.fr/wp-json/wp/v2/posts/5285.json]
[www.ville-hoenheim.fr/wp-json/oembed/1.0/embedba32.json]
[www.ville-hoenheim.fr/wp-json/oembed/1.0/embed9630]
[www.ville-hoenheim.fr/wp-content/uploads/2020/11/commemoration-1000x443-pixB.jpg]
[www.ville-hoenheim.fr/commemoration-du-11-novembre/index.html]
[www.ville-hoenheim.fr/wp-json/wp/v2/posts/5281.json]
[www.ville-hoenheim.fr/wp-json/oembed/1.0/embed5a7a.json]
[www.ville-hoenheim.fr/wp-json/oembed/1.0/embed6fcb]
[www.ville-hoenheim.fr/wp-content/uploads/2020/11/ob_b8fd20_infographie-des-teleservices-illustrat.jpg]
[www.ville-hoenheim.fr/wp-content/uploads/2020/11/ob_0d0248_infographie-des-teleservices-page-1.jpg]
[www.ville-hoenheim.fr/moncommissariat-fr/index.html]
[www.ville-hoenheim.fr/wp-content/uploads/2020/11/ob_1a80af_infographie-des-teleservices-page-2.jpg]
[www.ville-hoenheim.fr/wp-json/wp/v2/posts/5201.json]
[www.ville-hoenheim.fr/wp-json/oembed/1.0/embedf4a4.json]
[www.ville-hoenheim.fr/wp-json/oembed/1.0/embedaa43]
[www.ville-hoenheim.fr/wp-content/uploads/2020/11/clic-1000x443-pix.jpg]
[www.ville-hoenheim.fr/wp-content/uploads/2020/11/20200908-JE-CONSOMME-LOCAL.jpg]
[www.ville-hoenheim.fr/wp-content/uploads/2020/11/20200908-JE-CONSOMME-LOCAL-212x300.jpg]
[www.ville-hoenheim.fr/cliquons-pour-nos-commerces-de-proximite-et-nos-artisans/communication@ville-hoenheim.fr]
[www.ville-hoenheim.fr/wp-content/uploads/2020/11/800px-Logo_Eurométropole_Strasbourg.svg.jpg]
[www.ville-hoenheim.fr/wp-content/uploads/2020/11/800px-Logo_Eurométropole_Strasbourg.svg-300x80.jpg]
[www.ville-hoenheim.fr/wp-content/uploads/2020/04/soutien_resistance-e1587557005991.jpg]
[www.ville-hoenheim.fr/wp-content/uploads/2020/04/soutien_resistance-300x225.jpg]
[www.ville-hoenheim.fr/wp-content/uploads/2020/11/1200px-Ministère_de_lÉconomie_des_Finances_et_de_la_Relance.png]
[www.ville-hoenheim.fr/wp-content/uploads/2020/11/1200px-Ministère_de_lÉconomie_des_Finances_et_de_la_Relance-300x257.png]
[www.ville-hoenheim.fr/wp-content/uploads/2020/11/Aides-aux-commerçants.pdf]
[www.ville-hoenheim.fr/wp-content/uploads/2020/11/picto-MIA.png]
[www.ville-hoenheim.fr/wp-content/uploads/2020/11/picto-MIA-298x300.png]
[www.ville-hoenheim.fr/cliquons-pour-nos-commerces-de-proximite-et-nos-artisans/index.html]
[www.ville-hoenheim.fr/wp-json/wp/v2/posts/5194.json]
[www.ville-hoenheim.fr/wp-json/oembed/1.0/embed10eb.json]
[www.ville-hoenheim.fr/wp-json/oembed/1.0/embedab64]
[www.ville-hoenheim.fr/wp-content/uploads/2020/11/inauguration-carre-jardin-1000x443-pix.jpg]
[www.ville-hoenheim.fr/un-jardin-en-devenir-au-coeur-du-ried/index.html]
[www.ville-hoenheim.fr/wp-json/wp/v2/posts/5148.json]
[www.ville-hoenheim.fr/wp-json/oembed/1.0/embedb3ac.json]
[www.ville-hoenheim.fr/wp-json/oembed/1.0/embeda650]
[www.ville-hoenheim.fr/la-mdph-en-service-continu/index.html]
[www.ville-hoenheim.fr/wp-content/uploads/2020/11/1000pix.jpg]
[www.ville-hoenheim.fr/wp-json/wp/v2/posts/5079.json]
[www.ville-hoenheim.fr/wp-json/oembed/1.0/embed5d7e.json]
[www.ville-hoenheim.fr/wp-json/oembed/1.0/embedbbac]
[www.ville-hoenheim.fr/pour-un-cadre-de-vie-propre/index.html]
[www.ville-hoenheim.fr/wp-content/uploads/2020/11/nettoyage-ban-communal-arrticle-1000x443-pix.jpg]
[www.ville-hoenheim.fr/wp-json/wp/v2/posts/5103.json]
[www.ville-hoenheim.fr/wp-json/oembed/1.0/embedfbad.json]
[www.ville-hoenheim.fr/wp-json/oembed/1.0/embed0b43]
[www.ville-hoenheim.fr/wp-content/uploads/2020/11/tonte-differenciee-desherbage-1000x443-pix.jpg]
[www.ville-hoenheim.fr/une-herbe-pas-si-mauvaise/index.html]
[www.ville-hoenheim.fr/wp-json/wp/v2/posts/5108.json]
[www.ville-hoenheim.fr/wp-json/oembed/1.0/embed55e9.json]
[www.ville-hoenheim.fr/wp-json/oembed/1.0/embed4ad7]
[www.ville-hoenheim.fr/travaux-sur-les-rails/index.html]
[www.ville-hoenheim.fr/wp-content/uploads/2020/11/tram-1000x443-pix.jpg]
[www.ville-hoenheim.fr/wp-json/wp/v2/posts/5251.json]
[www.ville-hoenheim.fr/wp-json/oembed/1.0/embed5dff.json]
[www.ville-hoenheim.fr/wp-json/oembed/1.0/embed7eed]
[www.ville-hoenheim.fr/wp-content/uploads/2020/11/octobre-rose-1000x443-pix.jpg]
[www.ville-hoenheim.fr/5-edition-populaire-pour-martine-et-ses-roses/martine.d.martin@ville-hoenheim.fr]
[www.ville-hoenheim.fr/5-edition-populaire-pour-martine-et-ses-roses/index.html]
[www.ville-hoenheim.fr/wp-json/wp/v2/posts/4893.json]
[www.ville-hoenheim.fr/wp-json/oembed/1.0/embed5e6b.json]
[www.ville-hoenheim.fr/wp-json/oembed/1.0/embed5313]
[www.ville-hoenheim.fr/wp-content/uploads/2020/09/tournee-des-ecoles-1000x443-pix.jpg]
[www.ville-hoenheim.fr/une-tournee-des-ecoles-avec-les-elus/index.html]
[www.ville-hoenheim.fr/wp-json/wp/v2/posts/4862.json]
[www.ville-hoenheim.fr/wp-json/oembed/1.0/embed8b4d.json]
[www.ville-hoenheim.fr/wp-json/oembed/1.0/embed17b2]
[www.ville-hoenheim.fr/un-formulaire-en-ligne-pour-signaler-un-nid-de-guepe/index.html]
[www.ville-hoenheim.fr/wp-content/uploads/2020/08/sdis-signaler-nid-de-guepes-1000x443-pix.jpg]
[www.ville-hoenheim.fr/wp-json/wp/v2/posts/4853.json]
[www.ville-hoenheim.fr/wp-json/oembed/1.0/embeda261.json]
[www.ville-hoenheim.fr/wp-json/oembed/1.0/embedc780]
[www.ville-hoenheim.fr/wp-content/uploads/2020/08/conference-st-vincent-de-paul-1000x443-pix.jpg]
[www.ville-hoenheim.fr/conference-st-vincent-de-paul/index.html]
[www.ville-hoenheim.fr/wp-json/wp/v2/posts/4650.json]
[www.ville-hoenheim.fr/wp-json/oembed/1.0/embed25ad.json]
[www.ville-hoenheim.fr/wp-json/oembed/1.0/embed75a1]
[www.ville-hoenheim.fr/wp-content/uploads/2020/04/affiche_CIDFF.jpg]
[www.ville-hoenheim.fr/wp-content/uploads/2020/04/affiche_CIDFF-720x1024.jpg]
[www.ville-hoenheim.fr/wp-content/uploads/2020/04/reagir_face_aux_violences_conjugales.pdf]
[www.ville-hoenheim.fr/reagir-face-aux-violences-conjugales/index.html]
[www.ville-hoenheim.fr/wp-json/wp/v2/posts/4638.json]
[www.ville-hoenheim.fr/wp-json/oembed/1.0/embedda0c.json]
[www.ville-hoenheim.fr/wp-json/oembed/1.0/embedecea]
[www.ville-hoenheim.fr/wp-content/uploads/2020/04/affiche_Covi_ecoute.png]
[www.ville-hoenheim.fr/wp-content/uploads/2020/04/Communiqué-de-presse-pref-coviecoute-310320.pdf]
[www.ville-hoenheim.fr/mise-en-place-dune-cellule-decoute/index.html]
[www.ville-hoenheim.fr/wp-json/wp/v2/posts/4610.json]
[www.ville-hoenheim.fr/wp-json/oembed/1.0/embedadee.json]
[www.ville-hoenheim.fr/wp-json/oembed/1.0/embed9bbe]
[www.ville-hoenheim.fr/wp-content/uploads/2020/03/jalmalv-e1585303950783.jpg]
[www.ville-hoenheim.fr/wp-content/uploads/2020/03/jalmalv-212x300.jpg]
[www.ville-hoenheim.fr/soutien-aux-personnes-en-deuil/index.html]
[www.ville-hoenheim.fr/wp-json/wp/v2/posts/4937.json]
[www.ville-hoenheim.fr/wp-json/oembed/1.0/embed10fa.json]
[www.ville-hoenheim.fr/wp-json/oembed/1.0/embed869a]
[www.ville-hoenheim.fr/wp-content/uploads/2020/09/nouvelle-ligne-découte-wie-gehts-1000x443-pix-1.jpg]
[www.ville-hoenheim.fr/wp-content/uploads/2020/09/CF-67-logo.jpg]
[www.ville-hoenheim.fr/wp-content/uploads/2020/09/CF-67-logo-300x96.jpg]
[www.ville-hoenheim.fr/wie-gehts/index.html]
[www.ville-hoenheim.fr/wp-json/wp/v2/posts/1050.json]
[www.ville-hoenheim.fr/wp-json/oembed/1.0/embed796d.json]
[www.ville-hoenheim.fr/wp-json/oembed/1.0/embed82f5]
[www.ville-hoenheim.fr/wp-content/uploads/2015/07/police.jpg]
[www.ville-hoenheim.fr/wp-content/uploads/2015/06/Opération-Tranquillité-Vacances.pdf]
[www.ville-hoenheim.fr/wp-content/uploads/2015/06/Conseils.pdf]
[www.ville-hoenheim.fr/wp-content/uploads/2015/06/Reagir-en-cas-d-attaque-terroriste.jpg]
[www.ville-hoenheim.fr/wp-content/uploads/2015/06/Reagir-en-cas-d-attaque-terroriste-212x300.jpg]
[www.ville-hoenheim.fr/securite/index.html]
[www.ville-hoenheim.fr/wp-json/wp/v2/posts/559.json]
[www.ville-hoenheim.fr/wp-json/oembed/1.0/embed31b8.json]
[www.ville-hoenheim.fr/wp-json/oembed/1.0/embed9cab]
[www.ville-hoenheim.fr/wp-content/uploads/2015/04/2021-A3-HOENHEIM-RV.pdf]
[www.ville-hoenheim.fr/wp-content/uploads/2015/04/PLAN-150x150.png]
[www.ville-hoenheim.fr/numerosdurgence-plandelaville/index.html]
[www.ville-hoenheim.fr/wp-json/wp/v2/posts/8313.json]
[www.ville-hoenheim.fr/wp-json/oembed/1.0/embed9adf.json]
[www.ville-hoenheim.fr/wp-json/oembed/1.0/embed796e]
[www.ville-hoenheim.fr/wp-content/uploads/2023/11/Visuel-RS-chronhop.png]
[www.cts-strasbourg.eu/export/sites/default/images/04SeDeplacer/04FichesHoraires/Chronhop-01.png_1815230746.42f.delayed]
[www.cts-strasbourg.eu/export/sites/default/images/03Actualites/divers/Plan-C3.jpg_887396489.430.delayed]
[www.cts-strasbourg.eu/export/sites/default/images/03Actualites/divers/C3_v2.jpg_283497465.431.delayed]
[www.cts-strasbourg.eu/export/sites/default/images/04SeDeplacer/04FichesHoraires/Chronhop-C9-01.png_1815230746.432.delayed]
[www.cts-strasbourg.eu/export/sites/default/images/03Actualites/divers/CTS_plan_C9_11-2023_148x210mm_v03.jpg_887396489.433.delayed]
[www.cts-strasbourg.eu/export/sites/default/images/03Actualites/divers/C9_v2.jpg_2072766201.434.delayed]
[www.ville-hoenheim.fr/les-lignes-de-bus-evoluent/index.html]
[www.ville-hoenheim.fr/wp-json/wp/v2/posts/3717.json]
[www.ville-hoenheim.fr/wp-json/oembed/1.0/embed284e.json]
[www.ville-hoenheim.fr/wp-json/oembed/1.0/embedc460]
[www.ville-hoenheim.fr/sorties-familles/index.html]
[www.ville-hoenheim.fr/wp-json/wp/v2/posts/3368.json]
[www.ville-hoenheim.fr/wp-json/oembed/1.0/embed3d76.json]
[www.ville-hoenheim.fr/wp-json/oembed/1.0/embed1a0c]
[www.ville-hoenheim.fr/wp-content/uploads/2018/02/FICHE-NAP-ELEMENTAIRE-2T-2019-2020.pdf]
[www.ville-hoenheim.fr/wp-content/uploads/2018/09/Fiche-de-renseignement.pdf]
[www.ville-hoenheim.fr/wp-content/uploads/2015/06/Tarifs-Services-periscolaires-2019_2020.pdf]
[www.ville-hoenheim.fr/httpwww-ville-hoenheim-frwp-contentuploads201802nap-elementaire-3e-trimestre2017-2018-pdf/index.html]
[www.ville-hoenheim.fr/wp-json/wp/v2/posts/3364.json]
[www.ville-hoenheim.fr/wp-json/oembed/1.0/embede5e0.json]
[www.ville-hoenheim.fr/wp-json/oembed/1.0/embed40ba]
[www.ville-hoenheim.fr/wp-content/uploads/2018/02/FICHE-NAP-MATERNELLE-2T-2019-2020.pdf]
[www.ville-hoenheim.fr/httpwww-ville-hoenheim-frwp-contentuploads201802nap-maternelle-3e-trimestre2017-2018-pdfnap-pour-les-eleves-des-ecoles-maternelles/index.html]
[www.ville-hoenheim.fr/wp-json/wp/v2/posts/1037.json]
[www.ville-hoenheim.fr/wp-json/oembed/1.0/embedf8be.json]
[www.ville-hoenheim.fr/wp-json/oembed/1.0/embedd20f]
[www.ville-hoenheim.fr/wp-content/uploads/2015/04/FORMULAIRE-CREATION-COMPTE.pdf]
[www.ville-hoenheim.fr/wp-content/uploads/2015/04/Dominoweb_première-connexion.pdf]
[www.ville-hoenheim.fr/garderie-des-vacances/index.html]
[www.ville-hoenheim.fr/wp-json/wp/v2/posts/573.json]
[www.ville-hoenheim.fr/wp-json/oembed/1.0/embedadc4.json]
[www.ville-hoenheim.fr/wp-json/oembed/1.0/embed32ea]
[www.ville-hoenheim.fr/vie-associative/index.html]
[www.ville-hoenheim.fr/wp-json/wp/v2/posts/35.json]
[www.ville-hoenheim.fr/wp-json/oembed/1.0/embedeced.json]
[www.ville-hoenheim.fr/wp-json/oembed/1.0/embedc325]
[www.ville-hoenheim.fr/article-pas-en-avant/index.html]
[www.ville-hoenheim.fr/wp-json/wp/v2/posts/1047.json]
[www.ville-hoenheim.fr/wp-json/oembed/1.0/embedb5bb.json]
[www.ville-hoenheim.fr/wp-json/oembed/1.0/embed8bed]
[www.ville-hoenheim.fr/services-aux-associations/index.html]
[www.ville-hoenheim.fr/wp-json/wp/v2/posts/4970.json]
[www.ville-hoenheim.fr/wp-json/oembed/1.0/embed5848.json]
[www.ville-hoenheim.fr/wp-json/oembed/1.0/embed4b86]
[www.ville-hoenheim.fr/wp-content/uploads/2020/10/dispositif-aide-numerique-ems-1000x443-pix.jpg]
[www.ville-hoenheim.fr/beecome-dispositif-daide-numerique-pour-les-entreprises-de-lems/index.html]
[www.ville-hoenheim.fr/wp-json/wp/v2/posts/892.json]
[www.ville-hoenheim.fr/wp-json/oembed/1.0/embed23fa.json]
[www.ville-hoenheim.fr/wp-json/oembed/1.0/embed5b35]
[www.ville-hoenheim.fr/vie-economique/index.html]
[www.ville-hoenheim.fr/wp-json/wp/v2/posts/1092.json]
[www.ville-hoenheim.fr/wp-json/oembed/1.0/embed3dfd.json]
[www.ville-hoenheim.fr/wp-json/oembed/1.0/embed64c5]
[www.ville-hoenheim.fr/annuaire-des-entreprises/index.html]
[www.ville-hoenheim.fr/wp-json/wp/v2/posts/6925.json]
[www.ville-hoenheim.fr/wp-json/oembed/1.0/embed482a.json]
[www.ville-hoenheim.fr/wp-json/oembed/1.0/embed49f1]
[www.ville-hoenheim.fr/le-parcours-emploi-competences/index.html]
[www.ville-hoenheim.fr/wp-json/wp/v2/posts/6897.json]
[www.ville-hoenheim.fr/wp-json/oembed/1.0/embed2596.json]
[www.ville-hoenheim.fr/wp-json/oembed/1.0/embed9fab]
[www.ville-hoenheim.fr/devenir-accompagnant-dun-eleve-en-situation-de-handicap/index.html]
[www.ville-hoenheim.fr/wp-content/uploads/2021/09/Doc2.jpg]
[www.ville-hoenheim.fr/wp-json/wp/v2/posts/268.json]
[www.ville-hoenheim.fr/wp-json/oembed/1.0/embed74c2.json]
[www.ville-hoenheim.fr/wp-json/oembed/1.0/embedf5bb]
[www.ville-hoenheim.fr/wp-content/uploads/2015/04/emploi.jpg]
[www.ville-hoenheim.fr/wp-content/uploads/2015/04/Logo-MLRE-2017_C-300x168.png]
[www.ville-hoenheim.fr/wp-content/uploads/2015/04/logopoleEmploi.jpg]
[www.ville-hoenheim.fr/les-services-pour-lemploi/index.html]
[www.ville-hoenheim.fr/wp-json/wp/v2/posts/255.json]
[www.ville-hoenheim.fr/wp-json/oembed/1.0/embed08e3.json]
[www.ville-hoenheim.fr/wp-json/oembed/1.0/embedec1d]
[www.ville-hoenheim.fr/marches-publics/index.html]
[www.ville-hoenheim.fr/wp-json/wp/v2/posts/1177.json]
[www.ville-hoenheim.fr/wp-json/oembed/1.0/embed0d7c.json]
[www.ville-hoenheim.fr/wp-json/oembed/1.0/embed184d]
[www.ville-hoenheim.fr/poles-economiques/index.html]
[www.ville-hoenheim.fr/wp-json/wp/v2/posts/1332.json]
[www.ville-hoenheim.fr/wp-json/oembed/1.0/embedef92.json]
[www.ville-hoenheim.fr/wp-json/oembed/1.0/embedbde6]
[www.ville-hoenheim.fr/commerce-de-proximite/index.html]
[www.ville-hoenheim.fr/wp-json/wp/v2/posts/266.json]
[www.ville-hoenheim.fr/wp-json/oembed/1.0/embed23d2.json]
[www.ville-hoenheim.fr/wp-json/oembed/1.0/embedcdf5]
[www.ville-hoenheim.fr/route-de-la-wantzenau-une-zone-dactivites-en-devenir/index.html]
[www.ville-hoenheim.fr/wp-json/wp/v2/posts/1334.json]
[www.ville-hoenheim.fr/wp-json/oembed/1.0/embedd286.json]
[www.ville-hoenheim.fr/wp-json/oembed/1.0/embedaf1e]
[www.ville-hoenheim.fr/zone-industrielle-intercommunale-bischheim-hoenheim/index.html]
[www.ville-hoenheim.fr/wp-json/wp/v2/posts/260.json]
[www.ville-hoenheim.fr/wp-json/oembed/1.0/embed3108.json]
[www.ville-hoenheim.fr/wp-json/oembed/1.0/embed3997]
[www.ville-hoenheim.fr/tlpe/index.html]
[www.ville-hoenheim.fr/wp-json/wp/v2/posts/110.json]
[www.ville-hoenheim.fr/wp-json/oembed/1.0/embeda483.json]
[www.ville-hoenheim.fr/wp-json/oembed/1.0/embedd816]
[www.ville-hoenheim.fr/nos-services/index.html]
[www.ville-hoenheim.fr/wp-json/wp/v2/posts/114.json]
[www.ville-hoenheim.fr/wp-json/oembed/1.0/embed016a.json]
[www.ville-hoenheim.fr/wp-json/oembed/1.0/embed2ffc]
[www.ville-hoenheim.fr/le-service-communication/index.html]
[www.ville-hoenheim.fr/wp-json/wp/v2/posts/6333.json]
[www.ville-hoenheim.fr/wp-json/oembed/1.0/embedc908.json]
[www.ville-hoenheim.fr/wp-json/oembed/1.0/embed6ba6]
[www.ville-hoenheim.fr/wp-content/uploads/2021/04/LAND-un-Sproch_7423.jpg]
[www.ville-hoenheim.fr/wp-content/uploads/2021/04/LAND-un-Sproch_7423-230x300.jpg]
[www.ville-hoenheim.fr/land-un-sproch-les-cahiers-du-bilinguisme/index.html]
[www.ville-hoenheim.fr/wp-json/wp/v2/posts/5856.json]
[www.ville-hoenheim.fr/wp-json/oembed/1.0/embed169d.json]
[www.ville-hoenheim.fr/wp-json/oembed/1.0/embed5e94]
[www.ville-hoenheim.fr/wp-content/uploads/2021/02/IMG_6524.jpg]
[www.ville-hoenheim.fr/covid-19-artiste-artisan-dart-exposez-sur-la-toile/index.html]
[www.ville-hoenheim.fr/wp-json/wp/v2/posts/642.json]
[www.ville-hoenheim.fr/wp-json/oembed/1.0/embedbff0.json]
[www.ville-hoenheim.fr/wp-json/oembed/1.0/embeda171]
[www.ville-hoenheim.fr/wp-content/uploads/2015/04/culture.jpg]
[www.ville-hoenheim.fr/culture/index.html]
[www.ville-hoenheim.fr/wp-json/wp/v2/posts/1029.json]
[www.ville-hoenheim.fr/wp-json/oembed/1.0/embeddaa8.json]
[www.ville-hoenheim.fr/wp-json/oembed/1.0/embed886c]
[www.ville-hoenheim.fr/direction-generale-des-services/index.html]
[www.ville-hoenheim.fr/wp-json/wp/v2/posts/663.json]
[www.ville-hoenheim.fr/wp-json/oembed/1.0/embeda1fb.json]
[www.ville-hoenheim.fr/wp-json/oembed/1.0/embed5425]
[www.ville-hoenheim.fr/ecole-de-musique/index.html]
[www.ville-hoenheim.fr/wp-json/wp/v2/posts/523.json]
[www.ville-hoenheim.fr/wp-json/oembed/1.0/embed7136.json]
[www.ville-hoenheim.fr/wp-json/oembed/1.0/embedc7b4]
[www.ville-hoenheim.fr/naissances/index.html]
[www.ville-hoenheim.fr/wp-json/wp/v2/posts/1104.json]
[www.ville-hoenheim.fr/wp-json/oembed/1.0/embedb8ec.json]
[www.ville-hoenheim.fr/wp-json/oembed/1.0/embedcdcb]
[www.ville-hoenheim.fr/mariage/index.html]
[www.ville-hoenheim.fr/wp-json/wp/v2/posts/431.json]
[www.ville-hoenheim.fr/wp-json/oembed/1.0/embed7c4c.json]
[www.ville-hoenheim.fr/wp-json/oembed/1.0/embed79fa]
[www.ville-hoenheim.fr/la-ville-vous-met-a-lhonneur/index.html]
[www.ville-hoenheim.fr/wp-json/wp/v2/posts/717.json]
[www.ville-hoenheim.fr/wp-json/oembed/1.0/embedc23b.json]
[www.ville-hoenheim.fr/wp-json/oembed/1.0/embed675c]
[www.ville-hoenheim.fr/cimetieres/index.html]
[www.ville-hoenheim.fr/wp-json/wp/v2/posts/2206.json]
[www.ville-hoenheim.fr/wp-json/oembed/1.0/embedd2a0.json]
[www.ville-hoenheim.fr/wp-json/oembed/1.0/embed48b1]
[www.ville-hoenheim.fr/autres-demarches/index.html]
[www.ville-hoenheim.fr/wp-json/wp/v2/posts/2233.json]
[www.ville-hoenheim.fr/wp-json/oembed/1.0/embed1355.json]
[www.ville-hoenheim.fr/wp-json/oembed/1.0/embedbe3a]
[www.ville-hoenheim.fr/demarches-en-ligne/index.html]
[www.ville-hoenheim.fr/wp-json/wp/v2/posts/1027.json]
[www.ville-hoenheim.fr/wp-json/oembed/1.0/embed1b8e.json]
[www.ville-hoenheim.fr/wp-json/oembed/1.0/embedd406]
[www.ville-hoenheim.fr/comptabilite/index.html]
[www.ville-hoenheim.fr/wp-json/wp/v2/posts/3119.json]
[www.ville-hoenheim.fr/wp-json/oembed/1.0/embedfd52.json]
[www.ville-hoenheim.fr/wp-json/oembed/1.0/embed3cfc]
[www.ville-hoenheim.fr/budgets-et-comptes-administratifs/index.html]
[www.ville-hoenheim.fr/wp-json/wp/v2/posts/3616.json]
[www.ville-hoenheim.fr/wp-json/oembed/1.0/embed2cd8.json]
[www.ville-hoenheim.fr/wp-json/oembed/1.0/embed0a5f]
[www.ville-hoenheim.fr/commande-publique/index.html]
[www.ville-hoenheim.fr/wp-json/wp/v2/posts/3125.json]
[www.ville-hoenheim.fr/wp-json/oembed/1.0/embed6bdc.json]
[www.ville-hoenheim.fr/wp-json/oembed/1.0/embed81b5]
[www.ville-hoenheim.fr/subventions-attribuees/index.html]
[www.ville-hoenheim.fr/wp-json/wp/v2/posts/224.json]
[www.ville-hoenheim.fr/wp-json/oembed/1.0/embedd9f5.json]
[www.ville-hoenheim.fr/wp-json/oembed/1.0/embed46ee]
[www.ville-hoenheim.fr/loisirs/index.html]
[www.ville-hoenheim.fr/wp-json/wp/v2/posts/724.json]
[www.ville-hoenheim.fr/wp-json/oembed/1.0/embed800f.json]
[www.ville-hoenheim.fr/wp-json/oembed/1.0/embed4a86]
[www.ville-hoenheim.fr/animations-dete-pour-les-jeunes/index.html]
[www.ville-hoenheim.fr/wp-json/wp/v2/posts/729.json]
[www.ville-hoenheim.fr/wp-json/oembed/1.0/embed99e4.json]
[www.ville-hoenheim.fr/wp-json/oembed/1.0/embed729e]
[www.ville-hoenheim.fr/sorties-culturelles-des-jeunes/index.html]
[www.ville-hoenheim.fr/wp-json/wp/v2/posts/952.json]
[www.ville-hoenheim.fr/wp-json/oembed/1.0/embed1c4a.json]
[www.ville-hoenheim.fr/wp-json/oembed/1.0/embeddb49]
[www.ville-hoenheim.fr/sorties-decouvertes-du-mercredi/index.html]
[www.ville-hoenheim.fr/wp-json/wp/v2/posts/281.json]
[www.ville-hoenheim.fr/wp-json/oembed/1.0/embedf116.json]
[www.ville-hoenheim.fr/wp-json/oembed/1.0/embed20a9]
[www.ville-hoenheim.fr/creche-familiale-les-tatilous/index.html]
[www.ville-hoenheim.fr/wp-json/wp/v2/posts/284.json]
[www.ville-hoenheim.fr/wp-json/oembed/1.0/embed4b91.json]
[www.ville-hoenheim.fr/wp-json/oembed/1.0/embed727e]
[www.ville-hoenheim.fr/halte-garderie-les-ptits-bouts/index.html]
[www.ville-hoenheim.fr/wp-json/wp/v2/posts/688.json]
[www.ville-hoenheim.fr/wp-json/oembed/1.0/embed0b09.json]
[www.ville-hoenheim.fr/wp-json/oembed/1.0/embedd490]
[www.ville-hoenheim.fr/wp-content/uploads/2015/04/mutliacc.jpg]
[www.ville-hoenheim.fr/wp-content/uploads/2015/04/Reglement_Multi-accueil_janvier-2025.pdf]
[www.ville-hoenheim.fr/multi-accueil-les-champs-fleuris/index.html]
[www.ville-hoenheim.fr/wp-json/wp/v2/posts/704.json]
[www.ville-hoenheim.fr/wp-json/oembed/1.0/embeda55c.json]
[www.ville-hoenheim.fr/wp-json/oembed/1.0/embedfd40]
[www.ville-hoenheim.fr/relais-des-assistantes-maternelles/index.html]
[www.ville-hoenheim.fr/wp-json/wp/v2/posts/1034.json]
[www.ville-hoenheim.fr/wp-json/oembed/1.0/embedd50c.json]
[www.ville-hoenheim.fr/wp-json/oembed/1.0/embed4f3e]
[www.ville-hoenheim.fr/ressources-humaines/index.html]
[www.ville-hoenheim.fr/wp-json/wp/v2/posts/293.json]
[www.ville-hoenheim.fr/wp-json/oembed/1.0/embed752e.json]
[www.ville-hoenheim.fr/wp-json/oembed/1.0/embedd051]
[www.ville-hoenheim.fr/etablissements-scolaires/index.html]
[www.ville-hoenheim.fr/wp-json/wp/v2/posts/742.json]
[www.ville-hoenheim.fr/wp-json/oembed/1.0/embed33f9.json]
[www.ville-hoenheim.fr/wp-json/oembed/1.0/embed2d97]
[www.ville-hoenheim.fr/wp-content/uploads/2015/04/REGLEMENT-INTERIEUR-DES-RESTAURANTS-SCOLAIRES-ET-SERVICES-DE-GARDERIES-2025.pdf]
[www.ville-hoenheim.fr/wp-content/uploads/2015/04/Menus4-8mai2026.pdf]
[www.ville-hoenheim.fr/wp-content/uploads/2015/04/ALLERGENES-4-8-MAI.pdf]
[www.ville-hoenheim.fr/periscolaire-extrascolaire/index.html]
[www.ville-hoenheim.fr/wp-json/wp/v2/posts/212.json]
[www.ville-hoenheim.fr/wp-json/oembed/1.0/embedc9d7.json]
[www.ville-hoenheim.fr/wp-json/oembed/1.0/embed108b]
[www.ville-hoenheim.fr/services-sociaux/index.html]
[www.ville-hoenheim.fr/wp-json/wp/v2/posts/4438.json]
[www.ville-hoenheim.fr/wp-json/oembed/1.0/embed6229.json]
[www.ville-hoenheim.fr/wp-json/oembed/1.0/embedc53f]
[www.ville-hoenheim.fr/wp-content/uploads/2020/01/Horaires-du-minibus-mardi-et-jeudi.-09-10-2025.pdf]
[www.ville-hoenheim.fr/service-de-transport-changement-de-jour/index.html]
[www.ville-hoenheim.fr/wp-json/wp/v2/posts/1514.json]
[www.ville-hoenheim.fr/wp-json/oembed/1.0/embedc207.json]
[www.ville-hoenheim.fr/wp-json/oembed/1.0/embed9b83]
[www.ville-hoenheim.fr/aide-sociale/index.html]
[www.ville-hoenheim.fr/wp-json/wp/v2/posts/9374.json]
[www.ville-hoenheim.fr/wp-json/oembed/1.0/embedcdae.json]
[www.ville-hoenheim.fr/wp-json/oembed/1.0/embed874f]
[www.ville-hoenheim.fr/wp-content/uploads/2026/06/CANICULE-formulaire-inscription.pdf]
[www.ville-hoenheim.fr/prevention-canicule-recensement-des-personnes-vulnerables/index.html]
[www.ville-hoenheim.fr/wp-json/wp/v2/posts/917.json]
[www.ville-hoenheim.fr/wp-json/oembed/1.0/embed0891.json]
[www.ville-hoenheim.fr/wp-json/oembed/1.0/embed29f3]
[www.ville-hoenheim.fr/cours-de-francais-pour-adultes/index.html]
[www.ville-hoenheim.fr/wp-json/wp/v2/posts/7090.json]
[www.ville-hoenheim.fr/wp-json/oembed/1.0/embed8c21.json]
[www.ville-hoenheim.fr/wp-json/oembed/1.0/embed715b]
[www.ville-hoenheim.fr/lepicerie-sociale-hoenheim-bischheim-schiltigheim/index.html]
[www.ville-hoenheim.fr/wp-json/wp/v2/posts/673.json]
[www.ville-hoenheim.fr/wp-json/oembed/1.0/embed3d6c.json]
[www.ville-hoenheim.fr/wp-json/oembed/1.0/embedc618]
[www.ville-hoenheim.fr/fete-des-personnes-agees/index.html]
[www.ville-hoenheim.fr/wp-json/wp/v2/posts/665.json]
[www.ville-hoenheim.fr/wp-json/oembed/1.0/embeda4ea.json]
[www.ville-hoenheim.fr/wp-json/oembed/1.0/embed2a0a]
[www.ville-hoenheim.fr/kaffeekranzel/index.html]
[www.ville-hoenheim.fr/wp-json/wp/v2/posts/7382.json]
[www.ville-hoenheim.fr/wp-json/oembed/1.0/embedba95.json]
[www.ville-hoenheim.fr/wp-json/oembed/1.0/embed93f4]
[www.ville-hoenheim.fr/demenagement-et-nouveau-logement-nota-bene/index.html]
[www.ville-hoenheim.fr/wp-json/wp/v2/posts/208.json]
[www.ville-hoenheim.fr/numerosdurgence-plandelaville/embed/index.html]
[www.ville-hoenheim.fr/wp-json/oembed/1.0/embede3f5.json]
[www.ville-hoenheim.fr/wp-json/oembed/1.0/embed2d78]
[www.ville-hoenheim.fr/demande-de-logement-social/index.html]
[www.ville-hoenheim.fr/wp-json/wp/v2/posts/657.json]
[www.ville-hoenheim.fr/wp-json/oembed/1.0/embed78a7.json]
[www.ville-hoenheim.fr/wp-json/oembed/1.0/embed6da7]
[www.ville-hoenheim.fr/technique/index.html]
[www.ville-hoenheim.fr/wp-json/wp/v2/posts/1013.json]
[www.ville-hoenheim.fr/wp-json/oembed/1.0/embeded32.json]
[www.ville-hoenheim.fr/wp-json/oembed/1.0/embed3ee6]
[www.ville-hoenheim.fr/formalites-avant-travaux/index.html]
[www.ville-hoenheim.fr/wp-json/wp/v2/posts/1998.json]
[www.ville-hoenheim.fr/wp-json/oembed/1.0/embed0b31.json]
[www.ville-hoenheim.fr/wp-json/oembed/1.0/embed5330]
[www.ville-hoenheim.fr/wp-content/uploads/2015/11/travaux_maison_de_la_musique.jpg]
[www.ville-hoenheim.fr/wp-content/uploads/2015/11/travaux_maison_de_la_musique-300x225.jpg]
[www.ville-hoenheim.fr/wp-content/uploads/2015/11/projection_lidl.jpg]
[www.ville-hoenheim.fr/wp-content/uploads/2015/11/projection_lidl-300x177.jpg]
[www.ville-hoenheim.fr/chantiers/index.html]
[www.ville-hoenheim.fr/wp-json/wp/v2/posts/155.json]
[www.ville-hoenheim.fr/wp-json/oembed/1.0/embedf25c.json]
[www.ville-hoenheim.fr/wp-json/oembed/1.0/embed6e47]
[www.ville-hoenheim.fr/titre-patrick/index.html]
[www.ville-hoenheim.fr/wp-json/wp/v2/posts/1368.json]
[www.ville-hoenheim.fr/wp-json/oembed/1.0/embed7766.json]
[www.ville-hoenheim.fr/wp-json/oembed/1.0/embed2d2b]
[www.ville-hoenheim.fr/ravalement/index.html]
[www.ville-hoenheim.fr/wp-json/wp/v2/posts/8088.json]
[www.ville-hoenheim.fr/wp-json/oembed/1.0/embedc426.json]
[www.ville-hoenheim.fr/wp-json/oembed/1.0/embed6bb2]
[www.ville-hoenheim.fr/borne-numerique/index.html]
[www.ville-hoenheim.fr/wp-json/wp/v2/posts/631.json]
[www.ville-hoenheim.fr/wp-json/oembed/1.0/embed81f7.json]
[www.ville-hoenheim.fr/wp-json/oembed/1.0/embeda42d]
[www.ville-hoenheim.fr/eco-quartier/index.html]
[www.ville-hoenheim.fr/wp-json/wp/v2/posts/8624.json]
[www.ville-hoenheim.fr/wp-json/oembed/1.0/embed0dbb.json]
[www.ville-hoenheim.fr/wp-json/oembed/1.0/embed9081]
[www.ville-hoenheim.fr/wp-content/uploads/2020/07/moustique-tigre.jpg]
[www.ville-hoenheim.fr/wp-content/uploads/2024/07/Hoenheim_Lutte_Integree.png]
[www.ville-hoenheim.fr/wp-content/uploads/2024/07/Hoenheim_Lutte_Integree-1024x724.png]
[www.ville-hoenheim.fr/moustique-tigre-traitement-davaloirs-de-rue/index.html]
[www.ville-hoenheim.fr/wp-json/wp/v2/posts/6297.json]
[www.ville-hoenheim.fr/wp-json/oembed/1.0/embedc6e3.json]
[www.ville-hoenheim.fr/wp-json/oembed/1.0/embed60eb]
[www.ville-hoenheim.fr/wp-content/uploads/2021/04/Don-de-vélo_7358_b.jpg]
[www.ville-hoenheim.fr/wp-content/uploads/2021/04/IMG_0830s-150x150.jpg]
[www.ville-hoenheim.fr/wp-content/uploads/2021/04/GEBUS_0827s-150x150.jpg]
[www.ville-hoenheim.fr/wp-content/uploads/2021/04/LAPP_0832s-150x150.jpg]
[www.ville-hoenheim.fr/wp-content/uploads/2021/04/SCHERRER_0828s-150x150.jpg]
[www.ville-hoenheim.fr/wp-content/uploads/2021/04/SCHIEL_0837s-150x150.jpg]
[www.ville-hoenheim.fr/wp-content/uploads/2021/04/BAUMANN_0834s-150x150.jpg]
[www.ville-hoenheim.fr/don-de-velo/index.html]
[www.ville-hoenheim.fr/don-de-velo/img_0830s/index.html]
[www.ville-hoenheim.fr/don-de-velo/gebus_0827s/index.html]
[www.ville-hoenheim.fr/don-de-velo/lapp_0832s/index.html]
[www.ville-hoenheim.fr/don-de-velo/scherrer_0828s/index.html]
[www.ville-hoenheim.fr/don-de-velo/schiel_0837s/index.html]
[www.ville-hoenheim.fr/wp-json/wp/v2/posts/6176.json]
[www.ville-hoenheim.fr/don-de-velo/baumann_0834s/index.html]
[www.ville-hoenheim.fr/wp-json/oembed/1.0/embed2d0e.json]
[www.ville-hoenheim.fr/wp-json/oembed/1.0/embed55d3]
[www.ville-hoenheim.fr/wp-content/uploads/2021/03/Qualité-de-lair-ZFE.png]
[www.ville-hoenheim.fr/wp-content/uploads/2021/03/Qualité-de-lair-il-est-temps-dagir.png]
[www.ville-hoenheim.fr/wp-content/uploads/2021/03/Qualité-de-lair-il-est-temps-dagir-722x1024.png]
[www.ville-hoenheim.fr/ems-grande-conference-citoyenne-sante-climat-quelles-solutions-de-mobilite/index.html]
[www.ville-hoenheim.fr/wp-json/wp/v2/posts/633.json]
[www.ville-hoenheim.fr/wp-json/oembed/1.0/embed0066.json]
[www.ville-hoenheim.fr/wp-json/oembed/1.0/embed81bf]
[www.ville-hoenheim.fr/wp-content/uploads/2015/04/environnement.jpg]
[www.ville-hoenheim.fr/wp-content/uploads/2015/04/Panneau2libel.jpg]
[www.ville-hoenheim.fr/wp-content/uploads/2015/04/Panneau2libel-300x150.jpg]
[www.ville-hoenheim.fr/wp-content/uploads/2015/04/logo_3fleurs.jpg]
[www.ville-hoenheim.fr/wp-content/uploads/2015/04/logo_3fleurs-300x111.jpg]
[www.ville-hoenheim.fr/environnement/index.html]
[www.ville-hoenheim.fr/wp-json/wp/v2/posts/635.json]
[www.ville-hoenheim.fr/wp-json/oembed/1.0/embedf760.json]
[www.ville-hoenheim.fr/wp-json/oembed/1.0/embedf9bb]
[www.ville-hoenheim.fr/marches-hebdomadaires/index.html]
[www.ville-hoenheim.fr/wp-json/wp/v2/posts/371.json]
[www.ville-hoenheim.fr/wp-json/oembed/1.0/embed6b78.json]
[www.ville-hoenheim.fr/wp-json/oembed/1.0/embedb19c]
[www.ville-hoenheim.fr/se-deplacer/index.html]
[www.ville-hoenheim.fr/wp-content/uploads/2015/04/sedeplacer2.jpg]
[www.ville-hoenheim.fr/wp-json/wp/v2/posts/1238.json]
[www.ville-hoenheim.fr/wp-json/oembed/1.0/embedc394.json]
[www.ville-hoenheim.fr/wp-json/oembed/1.0/embed5827]
[www.ville-hoenheim.fr/pole-automobile/index.html]
[www.ville-hoenheim.fr/wp-json/wp/v2/posts/276.json]
[www.ville-hoenheim.fr/wp-json/oembed/1.0/embed2c28.json]
[www.ville-hoenheim.fr/wp-json/oembed/1.0/embeda9b3]
[www.ville-hoenheim.fr/historique-de-hoenheim/index.html]
[www.ville-hoenheim.fr/wp-json/wp/v2/posts/501.json]
[www.ville-hoenheim.fr/wp-json/oembed/1.0/embedc1b8.json]
[www.ville-hoenheim.fr/wp-json/oembed/1.0/embed1230]
[www.ville-hoenheim.fr/infos-utiles/index.html]
[www.ville-hoenheim.fr/wp-json/wp/v2/posts/5821.json]
[www.ville-hoenheim.fr/wp-json/oembed/1.0/embed1e66.json]
[www.ville-hoenheim.fr/wp-json/oembed/1.0/embed2edf]
[www.ville-hoenheim.fr/freerelance-contre-labandon-des-animaux-de-compagnie/index.html]
[www.ville-hoenheim.fr/wp-json/wp/v2/posts/547.json]
[www.ville-hoenheim.fr/wp-json/oembed/1.0/embed181c.json]
[www.ville-hoenheim.fr/wp-json/oembed/1.0/embed2db2]
[www.ville-hoenheim.fr/wp-content/uploads/2015/04/dechet.jpg]
[www.ville-hoenheim.fr/dechetterie/index.html]
[www.ville-hoenheim.fr/wp-json/wp/v2/posts/1165.json]
[www.ville-hoenheim.fr/wp-json/oembed/1.0/embedc41e.json]
[www.ville-hoenheim.fr/wp-json/oembed/1.0/embede8e3]
[www.ville-hoenheim.fr/dicrim/index.html]
[www.ville-hoenheim.fr/wp-json/wp/v2/posts/6507.json]
[www.ville-hoenheim.fr/wp-json/oembed/1.0/embed7e46.json]
[www.ville-hoenheim.fr/wp-json/oembed/1.0/embed7a66]
[www.ville-hoenheim.fr/demande-dinformation-sur-la-zone-a-faibles-emissions-de-leurometropole-zfe/index.html]
[www.ville-hoenheim.fr/wp-json/wp/v2/posts/5879.json]
[www.ville-hoenheim.fr/wp-json/oembed/1.0/embedb105.json]
[www.ville-hoenheim.fr/wp-json/oembed/1.0/embed8a4b]
[www.ville-hoenheim.fr/flexhop-bientot-sur-la-2eme-couronne-de-lems/index.html]
[www.ville-hoenheim.fr/wp-content/uploads/2021/02/62D99EF1-CB6D-498A-BAA8-330FD509020A.jpg]
[www.ville-hoenheim.fr/wp-json/wp/v2/posts/505.json]
[www.ville-hoenheim.fr/wp-json/oembed/1.0/embedc63f.json]
[www.ville-hoenheim.fr/wp-json/oembed/1.0/embed6283]
[www.ville-hoenheim.fr/services-municipaux-de-la-ville/index.html]
[www.ville-hoenheim.fr/wp-json/wp/v2/posts/513.json]
[www.ville-hoenheim.fr/wp-json/oembed/1.0/embeda6b7.json]
[www.ville-hoenheim.fr/wp-json/oembed/1.0/embedbbcf]
[www.ville-hoenheim.fr/services-municipaux-de-la-ville-2/index.html]
[www.ville-hoenheim.fr/wp-json/wp/v2/posts/1031.json]
[www.ville-hoenheim.fr/wp-json/oembed/1.0/embed7efa.json]
[www.ville-hoenheim.fr/wp-json/oembed/1.0/embed9448]
[www.ville-hoenheim.fr/tarifs-municipaux/index.html]
[www.ville-hoenheim.fr/wp-json/wp/v2/posts/1172.json]
[www.ville-hoenheim.fr/wp-json/oembed/1.0/embedc632.json]
[www.ville-hoenheim.fr/wp-json/oembed/1.0/embed3134]
[www.ville-hoenheim.fr/vivre-ensemble/index.html]
[www.ville-hoenheim.fr/wp-json/wp/v2/posts/433.json]
[www.ville-hoenheim.fr/wp-json/oembed/1.0/embed1914.json]
[www.ville-hoenheim.fr/wp-json/oembed/1.0/embed2002]
[www.ville-hoenheim.fr/les-aires-de-jeux-et-promenades/index.html]
[www.ville-hoenheim.fr/wp-json/wp/v2/posts/1755.json]
[www.ville-hoenheim.fr/wp-json/oembed/1.0/embed23f5.json]
[www.ville-hoenheim.fr/wp-json/oembed/1.0/embed5bec]
[www.ville-hoenheim.fr/centre-socioculturel-de-hoenheim/index.html]
[www.ville-hoenheim.fr/wp-json/wp/v2/posts/508.json]
[www.ville-hoenheim.fr/wp-json/oembed/1.0/embed3714.json]
[www.ville-hoenheim.fr/wp-json/oembed/1.0/embed3add]
[www.ville-hoenheim.fr/fleurissement-et-deco-de-noel/index.html]
[www.ville-hoenheim.fr/wp-json/wp/v2/posts/939.json]
[www.ville-hoenheim.fr/wp-json/oembed/1.0/embede29e.json]
[www.ville-hoenheim.fr/wp-json/oembed/1.0/embed7a4b]
[www.ville-hoenheim.fr/jardins-familiaux/index.html]
[www.ville-hoenheim.fr/wp-json/wp/v2/posts/919.json]
[www.ville-hoenheim.fr/wp-json/oembed/1.0/embed0fb1.json]
[www.ville-hoenheim.fr/wp-json/oembed/1.0/embed0031]
[www.ville-hoenheim.fr/equipements-sportifs/index.html]
[www.ville-hoenheim.fr/wp-json/wp/v2/posts/412.json]
[www.ville-hoenheim.fr/wp-json/oembed/1.0/embedad4b.json]
[www.ville-hoenheim.fr/wp-json/oembed/1.0/embed7cf4]
[www.ville-hoenheim.fr/trombinoscope/index.html]
[www.ville-hoenheim.fr/wp-json/wp/v2/posts/239.json]
[www.ville-hoenheim.fr/wp-json/oembed/1.0/embeda965.json]
[www.ville-hoenheim.fr/wp-json/oembed/1.0/embed7fd0]
[www.ville-hoenheim.fr/wp-content/uploads/2015/04/2026-10-gw.pdf]
[www.ville-hoenheim.fr/wp-content/uploads/2015/04/2026-11-rg.pdf]
[www.ville-hoenheim.fr/wp-content/uploads/2015/04/2026-12-ah.pdf]
[www.ville-hoenheim.fr/wp-content/uploads/2015/04/2026-13-cf.pdf]
[www.ville-hoenheim.fr/wp-content/uploads/2015/04/2026-14-ef.pdf]
[www.ville-hoenheim.fr/wp-content/uploads/2015/04/2026-15-jma.pdf]
[www.ville-hoenheim.fr/wp-content/uploads/2015/04/2026-16-ma.pdf]
[www.ville-hoenheim.fr/wp-content/uploads/2015/04/2026-17-cb.pdf]
[www.ville-hoenheim.fr/wp-content/uploads/2015/04/arrete-gaby-wurtz.pdf]
[www.ville-hoenheim.fr/wp-content/uploads/2015/04/Arrete-F.HAMMES.pdf]
[www.ville-hoenheim.fr/wp-content/uploads/2015/04/liste-delib-CM_18.12.23.pdf]
[www.ville-hoenheim.fr/wp-content/uploads/2015/04/liste-delib-CM_25.09.23.pdf]
[www.ville-hoenheim.fr/wp-content/uploads/2015/04/liste_delib-CM_26.06.23.pdf]
[www.ville-hoenheim.fr/wp-content/uploads/2015/04/liste_delib-CM_13.03.23.pdf]
[www.ville-hoenheim.fr/wp-content/uploads/2015/04/liste_delib-CM_19.12.22.pdf]
[www.ville-hoenheim.fr/wp-content/uploads/2015/04/liste_delib-CM_14.11.22.pdf]
[www.ville-hoenheim.fr/wp-content/uploads/2015/04/liste_delib-CM_26.09.22.pdf]
[www.ville-hoenheim.fr/wp-content/uploads/2015/04/Compte-rendu-du-27-juin-2022.pdf]
[www.ville-hoenheim.fr/wp-content/uploads/2015/04/C-R-30.05.22.pdf]
[www.ville-hoenheim.fr/wp-content/uploads/2015/04/C-R-14.03.22.pdf]
[www.ville-hoenheim.fr/wp-content/uploads/2015/04/C-R-31.01.22.pdf]
[www.ville-hoenheim.fr/wp-content/uploads/2015/04/C-R-13.12.21.pdf]
[www.ville-hoenheim.fr/wp-content/uploads/2015/04/C-R-18.10.21.pdf]
[www.ville-hoenheim.fr/wp-content/uploads/2015/04/C-R-29.06.21.pdf]
[www.ville-hoenheim.fr/wp-content/uploads/2015/04/C-R-19.04.21.pdf]
[www.ville-hoenheim.fr/wp-content/uploads/2015/04/C-R-8.03.21.pdf]
[www.ville-hoenheim.fr/wp-content/uploads/2015/04/Compte-rendu-du-14-décembre-2020.pdf]
[www.ville-hoenheim.fr/wp-content/uploads/2020/07/C-R-10.07.20.pdf]
[www.ville-hoenheim.fr/wp-content/uploads/2020/06/C-R-22.06.20.pdf]
[www.ville-hoenheim.fr/wp-content/uploads/2020/03/C-R-2.03.20.pdf]
[www.ville-hoenheim.fr/wp-content/uploads/2019/12/C-R-9.12.19.pdf]
[www.ville-hoenheim.fr/wp-content/uploads/2015/04/2019_10_21_pv_cm_web.pdf]
[www.ville-hoenheim.fr/wp-content/uploads/2019/10/C-R-1.07.19.pdf]
[www.ville-hoenheim.fr/wp-content/uploads/2019/05/C-R-29.04.19.pdf]
[www.ville-hoenheim.fr/wp-content/uploads/2019/04/C-R-1.04.19.pdf]
[www.ville-hoenheim.fr/wp-content/uploads/2019/02/C-R-4.02.19.pdf]
[www.ville-hoenheim.fr/wp-content/uploads/2018/12/C-R-10.12.18.pdf]
[www.ville-hoenheim.fr/wp-content/uploads/2018/10/C-R-15.10.18.pdf]
[www.ville-hoenheim.fr/wp-content/uploads/2018/07/C-R-2.07.18.pdf]
[www.ville-hoenheim.fr/wp-content/uploads/2018/04/C-R-9.04.18.pdf]
[www.ville-hoenheim.fr/wp-content/uploads/2018/02/Compte-rendu-du-19-février-2018.pdf]
[www.ville-hoenheim.fr/wp-content/uploads/2015/04/C-R-18.12.17.pdf]
[www.ville-hoenheim.fr/wp-content/uploads/2015/04/C-R-25.09.17.pdf]
[www.ville-hoenheim.fr/wp-content/uploads/2015/04/C-R-26.06.17.pdf]
[www.ville-hoenheim.fr/wp-content/uploads/2015/04/C-R-20.03.17.pdf]
[www.ville-hoenheim.fr/wp-content/uploads/2015/04/C-R-19.12.16.pdf]
[www.ville-hoenheim.fr/wp-content/uploads/2015/04/C-R-14.11.16.pdf]
[www.ville-hoenheim.fr/wp-content/uploads/2015/04/C-R-26.09.16.pdf]
[www.ville-hoenheim.fr/wp-content/uploads/2015/04/C-R-27.06.16.pdf]
[www.ville-hoenheim.fr/wp-content/uploads/2015/04/C-R-21.03.16.pdf]
[www.ville-hoenheim.fr/wp-content/uploads/2015/04/C-R-8.02.16.pdf]
[www.ville-hoenheim.fr/wp-content/uploads/2015/04/C-R-14.12.15.pdf]
[www.ville-hoenheim.fr/wp-content/uploads/2015/04/C-R-26.10.15.pdf]
[www.ville-hoenheim.fr/wp-content/uploads/2015/04/ANNEXE-126.10.15.pdf]
[www.ville-hoenheim.fr/wp-content/uploads/2015/04/C-R-28-09-15.pdf]
[www.ville-hoenheim.fr/wp-content/uploads/2015/04/C-R-8.06.15.pdf]
[www.ville-hoenheim.fr/wp-content/uploads/2015/04/C-R-16.02.15.pdf]
[www.ville-hoenheim.fr/le-conseil-municipal/index.html]
[www.ville-hoenheim.fr/wp-content/uploads/2018/05/recueil-des-actes-administratifs-1er-trimestre-2018.pdf]
[www.ville-hoenheim.fr/wp-json/wp/v2/posts/403.json]
[www.ville-hoenheim.fr/wp-json/oembed/1.0/embed8187.json]
[www.ville-hoenheim.fr/wp-json/oembed/1.0/embedf51a]
[www.ville-hoenheim.fr/le-conseil-des-aines/index.html]
[www.ville-hoenheim.fr/wp-json/wp/v2/posts/344.json]
[www.ville-hoenheim.fr/wp-json/oembed/1.0/embedd378.json]
[www.ville-hoenheim.fr/wp-json/oembed/1.0/embed1c09]
[www.ville-hoenheim.fr/les-commissions-municipales/index.html]
[www.ville-hoenheim.fr/wp-json/wp/v2/posts/1911.json]
[www.ville-hoenheim.fr/wp-json/oembed/1.0/embed13cd.json]
[www.ville-hoenheim.fr/wp-json/oembed/1.0/embed0d9b]
[www.ville-hoenheim.fr/libres-propos/index.html]
[www.ville-hoenheim.fr/index0345.html]
[www.ville-hoenheim.fr/wp-content/uploads/2021/03/Qualité-de-lair-ZFE-300x123.png]
[www.ville-hoenheim.fr/wp-content/uploads/2021/02/IMG_6774-300x237.jpg]
[www.ville-hoenheim.fr/wp-content/uploads/2021/01/IMG_1435-300x225.jpg]
[www.ville-hoenheim.fr/wp-content/uploads/2021/01/20210111-Ramassage-de-sapins_6329-300x278.png]
[www.ville-hoenheim.fr/category/votre-ville/attractivite/environnement/page/2/index.html]
[www.ville-hoenheim.fr/wp-content/uploads/2021/01/chauffageaubois-300x149.jpg]
[www.ville-hoenheim.fr/wp-content/uploads/2020/11/inauguration-carre-jardin-1000x443-pix-300x133.jpg]
[www.ville-hoenheim.fr/wp-content/uploads/2020/11/nettoyage-ban-communal-arrticle-1000x443-pix-300x133.jpg]
[www.ville-hoenheim.fr/wp-content/uploads/2020/11/tonte-differenciee-desherbage-1000x443-pix-300x133.jpg]
[www.ville-hoenheim.fr/wp-content/uploads/2015/04/environnement-300x101.jpg]
[www.ville-hoenheim.fr/category/votre-ville/attractivite/environnement/page/3/index.html]
[www.ville-hoenheim.fr/category/votre-ville/attractivite/transport/index.html]
[www.ville-hoenheim.fr/wp-json/wp/v2/categories/13.json]
[www.ville-hoenheim.fr/category/votre-ville/attractivite/transport/feed/index.html]
[www.ville-hoenheim.fr/category/votre-ville/attractivite/pole-automobile-attractivite/index.html]
[www.ville-hoenheim.fr/wp-content/plugins/the-events-calendar/vendor/bootstrap-datepicker/css/datepickerf658.css]
[www.ville-hoenheim.fr/wp-json/wp/v2/categories/272.json]
[www.ville-hoenheim.fr/wp-content/plugins/the-events-calendar/vendor/jquery/smoothness/images/ui-bg_flat_75_ffffff_40x100.png]
[www.ville-hoenheim.fr/category/votre-ville/attractivite/pole-automobile-attractivite/feed/index.html]
[www.ville-hoenheim.fr/wp-content/plugins/the-events-calendar/vendor/jquery/smoothness/images/ui-bg_highlight-soft_75_cccccc_1x100.png]
[www.ville-hoenheim.fr/wp-content/plugins/the-events-calendar/vendor/jquery/smoothness/images/ui-bg_glass_75_e6e6e6_1x400.png]
[www.ville-hoenheim.fr/wp-content/plugins/the-events-calendar/vendor/jquery/smoothness/images/ui-bg_glass_75_dadada_1x400.png]
[www.ville-hoenheim.fr/wp-content/plugins/the-events-calendar/vendor/jquery/smoothness/images/ui-bg_glass_65_ffffff_1x400.png]
[www.ville-hoenheim.fr/wp-content/plugins/the-events-calendar/vendor/jquery/smoothness/images/ui-bg_glass_55_fbf9ee_1x400.png]
[www.ville-hoenheim.fr/wp-content/plugins/the-events-calendar/vendor/jquery/smoothness/images/ui-bg_glass_95_fef1ec_1x400.png]
[www.ville-hoenheim.fr/wp-content/plugins/the-events-calendar/vendor/jquery/smoothness/images/ui-icons_222222_256x240.png]
[www.ville-hoenheim.fr/wp-content/plugins/the-events-calendar/vendor/jquery/smoothness/images/ui-icons_888888_256x240.png]
[www.ville-hoenheim.fr/wp-content/plugins/the-events-calendar/vendor/jquery/smoothness/images/ui-icons_454545_256x240.png]
[www.ville-hoenheim.fr/wp-content/plugins/the-events-calendar/vendor/jquery/smoothness/images/ui-icons_2e83ff_256x240.png]
[www.ville-hoenheim.fr/wp-content/plugins/the-events-calendar/vendor/jquery/smoothness/images/ui-icons_cd0a0a_256x240.png]
[www.ville-hoenheim.fr/wp-content/plugins/the-events-calendar/vendor/jquery/smoothness/images/ui-bg_flat_0_aaaaaa_40x100.png]
[www.ville-hoenheim.fr/wp-content/plugins/the-events-calendar/vendor/jquery/smoothness/jquery-ui-1.8.23.customf658.css]
[www.ville-hoenheim.fr/events/liste/index.html]
[www.ville-hoenheim.fr/wp-json/oembed/1.0/embed40bf.json]
[www.ville-hoenheim.fr/wp-json/oembed/1.0/embedb661]
[www.ville-hoenheim.fr/wp-content/uploads/2026/08/20260908_enfant-roi.jpg]
[www.ville-hoenheim.fr/event/cinema-les-caprices-de-lenfant-roi/index.html]
[www.ville-hoenheim.fr/wp-content/uploads/2020/11/clic-1000x443-pix-300x133.jpg]
[www.ville-hoenheim.fr/wp-content/uploads/2020/10/dispositif-aide-numerique-ems-1000x443-pix-300x133.jpg]
[www.ville-hoenheim.fr/category/vie-economique/page/2/index.html]
[www.ville-hoenheim.fr/indexb8ab.html]
[www.ville-hoenheim.fr/wp-json/oembed/1.0/embed8488.json]
[www.ville-hoenheim.fr/wp-json/oembed/1.0/embed5b4d]
[www.ville-hoenheim.fr/wp-content/uploads/2026/06/affiche-report-Fete-CSC2026.jpg]
[www.ville-hoenheim.fr/event/fete-du-centre-socioculturel/index.html]
[www.ville-hoenheim.fr/wp-json/oembed/1.0/embedb064.json]
[www.ville-hoenheim.fr/events/categorie/rendez-vous-musique-et-culture/centre-socioculturel/index.html]
[www.ville-hoenheim.fr/wp-json/oembed/1.0/embedb116]
[www.ville-hoenheim.fr/event/theatre-cafe-des-sports/index.html]
[www.ville-hoenheim.fr/wp-content/uploads/2026/08/20260926_originoux.jpg]
[www.ville-hoenheim.fr/wp-content/uploads/2026/06/affiche-report-Fete-CSC2026-200x300.jpg]
[www.ville-hoenheim.fr/wp-content/uploads/2025/08/20260913_concert-cest-pas-classique-212x300.jpg]
[www.ville-hoenheim.fr/wp-content/uploads/2026/08/20260926_originoux-212x300.jpg]
[www.ville-hoenheim.fr/wp-content/uploads/2024/07/affiche-marche-puces-212x300.jpg]
[www.ville-hoenheim.fr/events/categorie/rendez-vous-musique-et-culture/index.html]
[www.ville-hoenheim.fr/index2caf.html]
[www.ville-hoenheim.fr/events/categorie/association/index.html]
[www.ville-hoenheim.fr/event/marche-aux-puces-rue-du-stade/index.html]
[www.ville-hoenheim.fr/events/categorie/rendez-vous-musique-et-culture/liste/index.html]
[www.ville-hoenheim.fr/events/categorie/rendez-vous-musique-et-culture/feed/index.html]
[www.ville-hoenheim.fr/index97e1.html]
[www.ville-hoenheim.fr/index3df6.html]
[www.ville-hoenheim.fr/events/categorie/association/feed/index.html]
[www.ville-hoenheim.fr/events/categorie/association/liste/index.html]
[www.ville-hoenheim.fr/wp-content/uploads/2025/06/20260713_affiche-13juillet.jpg]
[www.ville-hoenheim.fr/event/festivites-fete-nationale/index.html]
[www.ville-hoenheim.fr/indexa379.html]
[www.ville-hoenheim.fr/wp-content/uploads/2015/05/Service-jeunesse-Autorisation-parentale-activités-été.html]
[www.ville-hoenheim.fr/indexcf92.html]
[www.ville-hoenheim.fr/wp-content/uploads/2024/06/multi3-300x225.jpg]
[www.ville-hoenheim.fr/events/categorie/service-social/index.html]
[www.ville-hoenheim.fr/event/reunion-du-quartier-champfleury/index.html]
[www.ville-hoenheim.fr/events/categorie/service-social/liste/index.html]
[www.ville-hoenheim.fr/events/categorie/service-social/feed/index.html]
[www.ville-hoenheim.fr/wp-json/oembed/1.0/embed12b4.json]
[www.ville-hoenheim.fr/event/kaffekranzel-intergenerationnel-reporte-au-30-septembre/index.html]
[www.ville-hoenheim.fr/wp-json/oembed/1.0/embed64e9]
[www.ville-hoenheim.fr/wp-content/uploads/2026/06/69_VaH_avril-2026-web-1.jpg]
[www.ville-hoenheim.fr/magazine/vivre-a-hoenheim-n69/index.html]
[www.ville-hoenheim.fr/wp-json/wp/v2/posts/4580.json]
[www.ville-hoenheim.fr/www.ville-hoenheim.fr/category/services/communication/index.html]
[www.ville-hoenheim.fr/wp-json/oembed/1.0/embed69f6.json]
[www.ville-hoenheim.fr/wp-json/oembed/1.0/embed3473]
[www.ville-hoenheim.fr/wp-content/uploads/2020/03/Formulaire-Enquete-Herisson.pdf]
[www.ville-hoenheim.fr/wp-content/uploads/2020/08/202007-enquête-hérisson.jpg]
[www.ville-hoenheim.fr/wp-content/uploads/2020/08/202007-enquête-hérisson-212x300.jpg]
[www.ville-hoenheim.fr/participez-a-lenquete-sur-le-herisson/index.html]
[www.ville-hoenheim.fr/wp-json/wp/v2/posts/8990.json]
[www.ville-hoenheim.fr/wp-json/oembed/1.0/embed6f77.json]
[www.ville-hoenheim.fr/wp-json/oembed/1.0/embedb452]
[www.ville-hoenheim.fr/wp-content/uploads/2026/07/AP-signe-002.pdf]
[www.ville-hoenheim.fr/secheresse-alerte-renforcee-2/index.html]
[www.ville-hoenheim.fr/indexbc6b.html]
[www.ville-hoenheim.fr/index52a4.html]
[www.ville-hoenheim.fr/indexaa2b.html]
[www.ville-hoenheim.fr/index1cd4.html]
[www.ville-hoenheim.fr/wp-json/wp/v2/categories/43.json]
[www.ville-hoenheim.fr/wp-content/uploads/2025/12/68_VaH_dec-2025-web-1-212x300.jpg]
[www.ville-hoenheim.fr/wp-content/uploads/2025/09/67_VaH_septembre-2025-web-1-212x300.jpg]
[www.ville-hoenheim.fr/category/services/communication/mag/feed/index.html]
[www.ville-hoenheim.fr/wp-content/uploads/2025/06/66_VaH_juin-2025-web-1-210x300.jpg]
[www.ville-hoenheim.fr/wp-content/uploads/2025/03/65_VaH_mars-2025-web-1-212x300.jpg]
[www.ville-hoenheim.fr/category/services/communication/mag/index.html]
[www.ville-hoenheim.fr/wp-content/uploads/2021/03/écriture-rfstudio-3059691_bandeau-300x182.html]
[www.ville-hoenheim.fr/magazine/vivre-a-hoenheim-n68/index.html]
[www.ville-hoenheim.fr/magazine/vivre-a-hoenheim-n67/index.html]
[www.ville-hoenheim.fr/magazine/vivre-a-hoenheim-n66/index.html]
[www.ville-hoenheim.fr/wp-content/uploads/2015/04/culture-300x94.jpg]
[www.ville-hoenheim.fr/category/services/culture/page/2/index.html]
[www.ville-hoenheim.fr/wp-content/uploads/2017/07/Subventions-attribuées-en-2015.html]
[www.ville-hoenheim.fr/wp-content/uploads/2017/07/Subventions-attribuées-en-2016.html]
[www.ville-hoenheim.fr/wp-content/uploads/2018/09/©Visualhunt.html]
[www.ville-hoenheim.fr/magazine/vivre-a-hoenheim-n-65/index.html]
[www.ville-hoenheim.fr/wp-content/uploads/2015/07/police-300x97.jpg]
[www.ville-hoenheim.fr/category/services/securite/page/2/index.html]
[www.ville-hoenheim.fr/wp-content/uploads/2015/06/seances_aide_au_francais_septembre_2019_web.html]
[www.ville-hoenheim.fr/wp-content/uploads/2020/11/1000pix-300x133.jpg]
[www.ville-hoenheim.fr/category/services/services_sociaux/page/2/index.html]
[www.ville-hoenheim.fr/wp-content/uploads/2020/09/nouvelle-ligne-découte-wie-gehts-1000x443-pix-1-300x133.jpg]
[www.ville-hoenheim.fr/index07bb.html]
[www.ville-hoenheim.fr/index00ec.html]
[www.ville-hoenheim.fr/index2ec5.html]
[www.ville-hoenheim.fr/index336f.html]
[www.ville-hoenheim.fr/wp-content/plugins/pointelle-slider/css/css/star.html]
[www.ville-hoenheim.fr/wp-content/themes/jolene/genericons/genericons/Genericons.svg]
[www.ville-hoenheim.fr/category/non-classe/page/2/index.html]
[www.ville-hoenheim.fr/category/non-classe/page/3/index.html]
[www.ville-hoenheim.fr/indexefb3.html]
[www.ville-hoenheim.fr/indexe539.html]
[www.ville-hoenheim.fr/indexf3b7.html]
[www.ville-hoenheim.fr/index6c3c.html]
[www.ville-hoenheim.fr/index2df6.html]
[www.ville-hoenheim.fr/category/services/communication/mag/page/10/index.html]
[www.ville-hoenheim.fr/category/services/communication/mag/page/2/index.html]
[www.ville-hoenheim.fr/wp-json/wp/v2/media/7538.json]
[www.ville-hoenheim.fr/wp-json/oembed/1.0/embed7369.json]
[www.ville-hoenheim.fr/wp-json/oembed/1.0/embed1779]
[www.ville-hoenheim.fr/wp-content/uploads/2022/03/20220304-CARNAVAL-MATERNELLE-CENTRE_2-scaled.jpg]
[www.ville-hoenheim.fr/des-nouvelles-de-nos-bambins/20220304-carnaval-maternelle-centre_2/index.html]
[www.ville-hoenheim.fr/wp-json/wp/v2/media/7537.json]
[www.ville-hoenheim.fr/wp-json/oembed/1.0/embed031f.json]
[www.ville-hoenheim.fr/wp-json/oembed/1.0/embed043e]
[www.ville-hoenheim.fr/wp-content/uploads/2022/03/20220304-CARNAVAL-MATERNELLE-CENTRE_1.jpg]
[www.ville-hoenheim.fr/des-nouvelles-de-nos-bambins/20220304-carnaval-maternelle-centre_1/index.html]
[www.ville-hoenheim.fr/wp-json/wp/v2/media/7539.json]
[www.ville-hoenheim.fr/wp-json/oembed/1.0/embed8ba4.json]
[www.ville-hoenheim.fr/wp-json/oembed/1.0/embed4621]
[www.ville-hoenheim.fr/wp-content/uploads/2022/03/20220304-CARNAVAL-MATERNELLE-CENTRE_3-scaled.jpg]
[www.ville-hoenheim.fr/des-nouvelles-de-nos-bambins/20220304-carnaval-maternelle-centre_3/index.html]
[www.ville-hoenheim.fr/wp-json/wp/v2/media/7540.json]
[www.ville-hoenheim.fr/wp-json/oembed/1.0/embed9919.json]
[www.ville-hoenheim.fr/wp-json/oembed/1.0/embed270c]
[www.ville-hoenheim.fr/wp-content/uploads/2022/03/20220301-MARDI-GRAS_2504.jpg]
[www.ville-hoenheim.fr/des-nouvelles-de-nos-bambins/20220301-mardi-gras_2504/index.html]
[www.ville-hoenheim.fr/wp-json/wp/v2/media/7541.json]
[www.ville-hoenheim.fr/wp-json/oembed/1.0/embedf942.json]
[www.ville-hoenheim.fr/wp-json/oembed/1.0/embed6050]
[www.ville-hoenheim.fr/des-nouvelles-de-nos-bambins/20220301-mardi-gras_2506/index.html]
[www.ville-hoenheim.fr/wp-content/uploads/2022/03/20220301-MARDI-GRAS_2506-rotated.jpg]
[www.ville-hoenheim.fr/wp-json/wp/v2/media/7543.json]
[www.ville-hoenheim.fr/des-nouvelles-de-nos-bambins/20220301-mardi-gras_2507/index.html]
[www.ville-hoenheim.fr/wp-json/oembed/1.0/embed7c04.json]
[www.ville-hoenheim.fr/wp-json/oembed/1.0/embed50f3]
[www.ville-hoenheim.fr/wp-content/uploads/2022/03/20220301-MARDI-GRAS_2508.jpg]
[www.ville-hoenheim.fr/des-nouvelles-de-nos-bambins/20220301-mardi-gras_2508/index.html]
[www.ville-hoenheim.fr/index7fff.html]
[www.ville-hoenheim.fr/wp-json/wp/v2/media/6496.json]
[www.ville-hoenheim.fr/wp-json/oembed/1.0/embedc9fe.json]
[www.ville-hoenheim.fr/wp-json/oembed/1.0/embed745f]
[www.ville-hoenheim.fr/wp-content/uploads/2021/04/BARTH-CAYROL-Louis.jpg]
[www.ville-hoenheim.fr/le-lapin-de-paques-est-passe-a-hoenheim/barth-cayrol-louis/index.html]
[www.ville-hoenheim.fr/wp-json/wp/v2/media/6497.json]
[www.ville-hoenheim.fr/wp-json/oembed/1.0/embed39da.json]
[www.ville-hoenheim.fr/wp-json/oembed/1.0/embedc248]
[www.ville-hoenheim.fr/wp-content/uploads/2021/04/BASSE-Alexandre-et-BASSE-Clara.jpg]
[www.ville-hoenheim.fr/le-lapin-de-paques-est-passe-a-hoenheim/basse-alexandre-et-basse-clara/index.html]
[www.ville-hoenheim.fr/wp-json/wp/v2/media/6498.json]
[www.ville-hoenheim.fr/wp-json/oembed/1.0/embed7fe0.json]
[www.ville-hoenheim.fr/wp-json/oembed/1.0/embed5444]
[www.ville-hoenheim.fr/wp-content/uploads/2021/04/CASTAGNA-Olivia.jpg]
[www.ville-hoenheim.fr/le-lapin-de-paques-est-passe-a-hoenheim/castagna-olivia/index.html]
[www.ville-hoenheim.fr/wp-json/wp/v2/media/6499.json]
[www.ville-hoenheim.fr/wp-json/oembed/1.0/embed129b.json]
[www.ville-hoenheim.fr/wp-json/oembed/1.0/embed59c9]
[www.ville-hoenheim.fr/le-lapin-de-paques-est-passe-a-hoenheim/diakite-amber-et-alix-de-noni/index.html]
[www.ville-hoenheim.fr/wp-content/uploads/2021/04/DIAKITE-Amber-et-Alix-De-Noni.jpg]
[www.ville-hoenheim.fr/wp-json/wp/v2/media/6502.json]
[www.ville-hoenheim.fr/wp-json/oembed/1.0/embede6f4.json]
[www.ville-hoenheim.fr/wp-json/oembed/1.0/embed2351]
[www.ville-hoenheim.fr/wp-content/uploads/2021/04/e65bcecc-2830-4d0c-b482-dc12b814a951.jpg]
[www.ville-hoenheim.fr/le-lapin-de-paques-est-passe-a-hoenheim/e65bcecc-2830-4d0c-b482-dc12b814a951/index.html]
[www.ville-hoenheim.fr/wp-json/wp/v2/media/6501.json]
[www.ville-hoenheim.fr/wp-json/oembed/1.0/embed0dc5.json]
[www.ville-hoenheim.fr/wp-json/oembed/1.0/embedf03d]
[www.ville-hoenheim.fr/le-lapin-de-paques-est-passe-a-hoenheim/d729bcae-cef0-4dfb-a001-f30931328da3/index.html]
[www.ville-hoenheim.fr/wp-json/wp/v2/media/6500.json]
[www.ville-hoenheim.fr/wp-json/oembed/1.0/embedf1f7.json]
[www.ville-hoenheim.fr/wp-json/oembed/1.0/embed501a]
[www.ville-hoenheim.fr/wp-content/uploads/2021/04/173406a6-aa58-4622-b1fa-cda3ee4df1e5.jpg]
[www.ville-hoenheim.fr/le-lapin-de-paques-est-passe-a-hoenheim/173406a6-aa58-4622-b1fa-cda3ee4df1e5/index.html]
[www.ville-hoenheim.fr/index3dc6.html]
[www.ville-hoenheim.fr/index4eb6.html]
[www.ville-hoenheim.fr/index6ba9.html]
[www.ville-hoenheim.fr/wp-json/wp/v2/media/7059.json]
[www.ville-hoenheim.fr/wp-json/oembed/1.0/embed4951.json]
[www.ville-hoenheim.fr/wp-json/oembed/1.0/embedac1f]
[www.ville-hoenheim.fr/wp-content/uploads/2021/09/image-16.jpg]
[www.ville-hoenheim.fr/inaugurations-despaces-pedagogiques-et-tournee-des-ecoles-avec-le-dasen/image-19/index.html]
[www.ville-hoenheim.fr/inaugurations-despaces-pedagogiques-et-tournee-des-ecoles-avec-le-dasen/20210906-visite-du-dasden-dans-les-ecoles_e8955/index.html]
[www.ville-hoenheim.fr/wp-json/wp/v2/media/7044.json]
[www.ville-hoenheim.fr/wp-json/oembed/1.0/embed6c92.json]
[www.ville-hoenheim.fr/wp-json/oembed/1.0/embed904b]
[www.ville-hoenheim.fr/inaugurations-despaces-pedagogiques-et-tournee-des-ecoles-avec-le-dasen/image-4/index.html]
[www.ville-hoenheim.fr/wp-json/wp/v2/media/7045.json]
[www.ville-hoenheim.fr/wp-json/oembed/1.0/embed1a8c.json]
[www.ville-hoenheim.fr/wp-json/oembed/1.0/embed449b]
[www.ville-hoenheim.fr/wp-content/uploads/2021/09/image-2.jpg]
[www.ville-hoenheim.fr/inaugurations-despaces-pedagogiques-et-tournee-des-ecoles-avec-le-dasen/image-5/index.html]
[www.ville-hoenheim.fr/wp-json/wp/v2/media/7046.json]
[www.ville-hoenheim.fr/wp-json/oembed/1.0/embed0637.json]
[www.ville-hoenheim.fr/wp-json/oembed/1.0/embed403f]
[www.ville-hoenheim.fr/wp-content/uploads/2021/09/image-3.jpg]
[www.ville-hoenheim.fr/inaugurations-despaces-pedagogiques-et-tournee-des-ecoles-avec-le-dasen/image-6/index.html]
[www.ville-hoenheim.fr/wp-json/wp/v2/media/7047.json]
[www.ville-hoenheim.fr/wp-json/oembed/1.0/embed9512.json]
[www.ville-hoenheim.fr/wp-json/oembed/1.0/embedf8c1]
[www.ville-hoenheim.fr/wp-content/uploads/2021/09/image-4.jpg]
[www.ville-hoenheim.fr/inaugurations-despaces-pedagogiques-et-tournee-des-ecoles-avec-le-dasen/image-7/index.html]
[www.ville-hoenheim.fr/wp-json/wp/v2/media/7048.json]
[www.ville-hoenheim.fr/wp-json/oembed/1.0/embed52d6.json]
[www.ville-hoenheim.fr/wp-json/oembed/1.0/embed9270]
[www.ville-hoenheim.fr/wp-content/uploads/2021/09/image-5.jpg]
[www.ville-hoenheim.fr/inaugurations-despaces-pedagogiques-et-tournee-des-ecoles-avec-le-dasen/image-8/index.html]
[www.ville-hoenheim.fr/wp-json/wp/v2/media/7049.json]
[www.ville-hoenheim.fr/wp-json/oembed/1.0/embed0bac.json]
[www.ville-hoenheim.fr/wp-json/oembed/1.0/embed7cfc]
[www.ville-hoenheim.fr/wp-content/uploads/2021/09/image-6.jpg]
[www.ville-hoenheim.fr/inaugurations-despaces-pedagogiques-et-tournee-des-ecoles-avec-le-dasen/image-9/index.html]
[www.ville-hoenheim.fr/wp-json/wp/v2/media/7050.json]
[www.ville-hoenheim.fr/wp-json/oembed/1.0/embed8ad1.json]
[www.ville-hoenheim.fr/wp-json/oembed/1.0/embed5e04]
[www.ville-hoenheim.fr/wp-content/uploads/2021/09/image-7.jpg]
[www.ville-hoenheim.fr/inaugurations-despaces-pedagogiques-et-tournee-des-ecoles-avec-le-dasen/image-10/index.html]
[www.ville-hoenheim.fr/wp-json/wp/v2/media/7051.json]
[www.ville-hoenheim.fr/wp-json/oembed/1.0/embedc84a.json]
[www.ville-hoenheim.fr/wp-json/oembed/1.0/embedc706]
[www.ville-hoenheim.fr/wp-content/uploads/2021/09/image-8.jpg]
[www.ville-hoenheim.fr/inaugurations-despaces-pedagogiques-et-tournee-des-ecoles-avec-le-dasen/image-11/index.html]
[www.ville-hoenheim.fr/wp-json/wp/v2/media/7052.json]
[www.ville-hoenheim.fr/wp-json/oembed/1.0/embedff22.json]
[www.ville-hoenheim.fr/wp-json/oembed/1.0/embed762c]
[www.ville-hoenheim.fr/wp-content/uploads/2021/09/image-9.jpg]
[www.ville-hoenheim.fr/inaugurations-despaces-pedagogiques-et-tournee-des-ecoles-avec-le-dasen/image-12/index.html]
[www.ville-hoenheim.fr/inaugurations-despaces-pedagogiques-et-tournee-des-ecoles-avec-le-dasen/image-13/index.html]
[www.ville-hoenheim.fr/wp-json/wp/v2/media/7054.json]
[www.ville-hoenheim.fr/wp-json/oembed/1.0/embedc43d.json]
[www.ville-hoenheim.fr/wp-json/oembed/1.0/embed85a8]
[www.ville-hoenheim.fr/wp-content/uploads/2021/09/image-11.jpg]
[www.ville-hoenheim.fr/inaugurations-despaces-pedagogiques-et-tournee-des-ecoles-avec-le-dasen/image-14/index.html]
[www.ville-hoenheim.fr/wp-json/wp/v2/media/7055.json]
[www.ville-hoenheim.fr/wp-json/oembed/1.0/embedb36d.json]
[www.ville-hoenheim.fr/wp-json/oembed/1.0/embedc72b]
[www.ville-hoenheim.fr/wp-content/uploads/2021/09/image-12.jpg]
[www.ville-hoenheim.fr/inaugurations-despaces-pedagogiques-et-tournee-des-ecoles-avec-le-dasen/image-15/index.html]
[www.ville-hoenheim.fr/wp-json/wp/v2/media/7056.json]
[www.ville-hoenheim.fr/wp-json/oembed/1.0/embed7f85.json]
[www.ville-hoenheim.fr/wp-json/oembed/1.0/embede286]
[www.ville-hoenheim.fr/wp-content/uploads/2021/09/image-13.jpg]
[www.ville-hoenheim.fr/inaugurations-despaces-pedagogiques-et-tournee-des-ecoles-avec-le-dasen/image-16/index.html]
[www.ville-hoenheim.fr/wp-json/wp/v2/media/7057.json]
[www.ville-hoenheim.fr/wp-json/oembed/1.0/embed4a99.json]
[www.ville-hoenheim.fr/wp-json/oembed/1.0/embed399b]
[www.ville-hoenheim.fr/wp-content/uploads/2021/09/image-14.jpg]
[www.ville-hoenheim.fr/inaugurations-despaces-pedagogiques-et-tournee-des-ecoles-avec-le-dasen/image-17/index.html]
[www.ville-hoenheim.fr/wp-json/wp/v2/media/7058.json]
[www.ville-hoenheim.fr/wp-json/oembed/1.0/embed5130.json]
[www.ville-hoenheim.fr/wp-json/oembed/1.0/embedc64a]
[www.ville-hoenheim.fr/wp-content/uploads/2021/09/image-15.jpg]
[www.ville-hoenheim.fr/inaugurations-despaces-pedagogiques-et-tournee-des-ecoles-avec-le-dasen/image-18/index.html]
[www.ville-hoenheim.fr/indexf020.html]
[www.ville-hoenheim.fr/indexa050.html]
[www.ville-hoenheim.fr/index7faf.html]
[www.ville-hoenheim.fr/indexd40d.html]
[www.ville-hoenheim.fr/index3ca6.html]
[www.ville-hoenheim.fr/indexf7dd.html]
[www.ville-hoenheim.fr/indexdeb7.html]
[www.ville-hoenheim.fr/index023c.html]
[www.ville-hoenheim.fr/indexe1ce.html]
[www.ville-hoenheim.fr/index644a.html]
[www.ville-hoenheim.fr/index21f3.html]
[www.ville-hoenheim.fr/index26ad.html]
[www.ville-hoenheim.fr/index8122.html]
[www.ville-hoenheim.fr/index03f2.html]
[www.ville-hoenheim.fr/indexf3ed.html]
[www.ville-hoenheim.fr/indexb0ca.html]
[www.ville-hoenheim.fr/indexdfa2.html]
[www.ville-hoenheim.fr/index996b.html]
[www.ville-hoenheim.fr/index863e.html]
[www.ville-hoenheim.fr/index2915.html]
[www.ville-hoenheim.fr/index353f.html]
[www.ville-hoenheim.fr/indexcde3.html]
[www.ville-hoenheim.fr/indexe90e.html]
[www.ville-hoenheim.fr/index49a5.html]
[www.ville-hoenheim.fr/index6c46.html]
[www.ville-hoenheim.fr/category/article_accueil/page/2/index.html]
[www.ville-hoenheim.fr/category/article_accueil/page/15/index.html]
[www.ville-hoenheim.fr/indexffbe.html]
[www.ville-hoenheim.fr/index0d86.html]
[www.ville-hoenheim.fr/indexd82c.html]
[www.ville-hoenheim.fr/index5907.html]
[www.ville-hoenheim.fr/index1e52.html]
[www.ville-hoenheim.fr/indexe76a.html]
[www.ville-hoenheim.fr/index6b12.html]
[www.ville-hoenheim.fr/index6fae.html]
[www.ville-hoenheim.fr/index57b5.html]
[www.ville-hoenheim.fr/indexb4cd.html]
[www.ville-hoenheim.fr/index40d5.html]
[www.ville-hoenheim.fr/index41bd.html]
[www.ville-hoenheim.fr/indexcdde.html]
[www.ville-hoenheim.fr/index8207.html]
[www.ville-hoenheim.fr/indexe4d0.html]
[www.ville-hoenheim.fr/category/article_accueil/page/3/index.html]
[www.ville-hoenheim.fr/category/article_accueil/page/14/index.html]
[www.ville-hoenheim.fr/wp-json/wp/v2/media/7402.json]
[www.ville-hoenheim.fr/wp-json/oembed/1.0/embed4014.json]
[www.ville-hoenheim.fr/wp-json/oembed/1.0/embed1bfc]
[www.ville-hoenheim.fr/wp-content/uploads/2022/01/20220128_PLANTATION_HAIE_142856_R-scaled.jpg]
[www.ville-hoenheim.fr/des-jeunes-pousses-rue-de-la-fontaine/20220128_plantation_haie_142856_r/index.html]
[www.ville-hoenheim.fr/wp-json/wp/v2/media/7397.json]
[www.ville-hoenheim.fr/des-jeunes-pousses-rue-de-la-fontaine/20220128_120300/index.html]
[www.ville-hoenheim.fr/des-jeunes-pousses-rue-de-la-fontaine/20220128_ecole-elementaire-centre-cp_142856/index.html]
[www.ville-hoenheim.fr/wp-json/oembed/1.0/embed93b7.json]
[www.ville-hoenheim.fr/wp-json/oembed/1.0/embed5062]
[www.ville-hoenheim.fr/des-jeunes-pousses-rue-de-la-fontaine/20220128_123602/index.html]
[www.ville-hoenheim.fr/wp-content/uploads/2022/01/20220128_123602-scaled.jpg]
[www.ville-hoenheim.fr/des-jeunes-pousses-rue-de-la-fontaine/20220128_121349/index.html]
[www.ville-hoenheim.fr/wp-json/wp/v2/media/7398.json]
[www.ville-hoenheim.fr/wp-json/oembed/1.0/embed39e4.json]
[www.ville-hoenheim.fr/wp-json/oembed/1.0/embed405d]
[www.ville-hoenheim.fr/wp-content/uploads/2022/01/20220128_124817-scaled.jpg]
[www.ville-hoenheim.fr/des-jeunes-pousses-rue-de-la-fontaine/20220128_124817/index.html]
[www.ville-hoenheim.fr/des-jeunes-pousses-rue-de-la-fontaine/20220128_141744/index.html]
[www.ville-hoenheim.fr/wp-json/wp/v2/media/7400.json]
[www.ville-hoenheim.fr/wp-json/oembed/1.0/embed3f6e.json]
[www.ville-hoenheim.fr/wp-json/oembed/1.0/embed05d0]
[www.ville-hoenheim.fr/wp-content/uploads/2022/01/20220128_154422-scaled.jpg]
[www.ville-hoenheim.fr/des-jeunes-pousses-rue-de-la-fontaine/20220128_154422/index.html]
[www.ville-hoenheim.fr/wp-json/wp/v2/media/7403.json]
[www.ville-hoenheim.fr/wp-json/oembed/1.0/embed4809.json]
[www.ville-hoenheim.fr/wp-json/oembed/1.0/embedf645]
[www.ville-hoenheim.fr/des-jeunes-pousses-rue-de-la-fontaine/20220128_equipe_155813/index.html]
[www.ville-hoenheim.fr/wp-content/uploads/2022/01/20220128_equipe_155813-scaled.jpg]
[www.ville-hoenheim.fr/wp-json/wp/v2/media/7432.json]
[www.ville-hoenheim.fr/wp-json/oembed/1.0/embed84eb.json]
[www.ville-hoenheim.fr/wp-json/oembed/1.0/embed7a39]
[www.ville-hoenheim.fr/des-jeunes-pousses-rue-de-la-fontaine/image-53/index.html]
[www.ville-hoenheim.fr/wp-json/wp/v2/media/7431.json]
[www.ville-hoenheim.fr/des-jeunes-pousses-rue-de-la-fontaine/image-54/index.html]
[www.ville-hoenheim.fr/wp-json/oembed/1.0/embedbdc0.json]
[www.ville-hoenheim.fr/wp-json/oembed/1.0/embed5f4e]
[www.ville-hoenheim.fr/wp-content/uploads/2022/01/image-28.jpg]
[www.ville-hoenheim.fr/des-jeunes-pousses-rue-de-la-fontaine/image-52/index.html]
[www.ville-hoenheim.fr/wp-json/wp/v2/media/7430.json]
[www.ville-hoenheim.fr/wp-json/oembed/1.0/embed7f0b.json]
[www.ville-hoenheim.fr/wp-json/oembed/1.0/embed6e6e]
[www.ville-hoenheim.fr/wp-content/uploads/2022/01/image-27.jpg]
[www.ville-hoenheim.fr/des-jeunes-pousses-rue-de-la-fontaine/image-51/index.html]
[www.ville-hoenheim.fr/wp-json/wp/v2/media/7429.json]
[www.ville-hoenheim.fr/wp-json/oembed/1.0/embedce11.json]
[www.ville-hoenheim.fr/wp-json/oembed/1.0/embedbfe4]
[www.ville-hoenheim.fr/des-jeunes-pousses-rue-de-la-fontaine/image-50/index.html]
[www.ville-hoenheim.fr/wp-content/uploads/2022/01/image-26.jpg]
[www.ville-hoenheim.fr/wp-json/wp/v2/media/7428.json]
[www.ville-hoenheim.fr/wp-json/oembed/1.0/embed1cf7.json]
[www.ville-hoenheim.fr/wp-json/oembed/1.0/embed85a6]
[www.ville-hoenheim.fr/wp-content/uploads/2022/01/image-25.jpg]
[www.ville-hoenheim.fr/des-jeunes-pousses-rue-de-la-fontaine/image-49/index.html]
[www.ville-hoenheim.fr/wp-json/wp/v2/media/7427.json]
[www.ville-hoenheim.fr/wp-json/oembed/1.0/embed2a36.json]
[www.ville-hoenheim.fr/wp-json/oembed/1.0/embed0598]
[www.ville-hoenheim.fr/wp-content/uploads/2022/01/image-24.jpg]
[www.ville-hoenheim.fr/des-jeunes-pousses-rue-de-la-fontaine/image-48/index.html]
[www.ville-hoenheim.fr/wp-json/wp/v2/media/7426.json]
[www.ville-hoenheim.fr/wp-json/oembed/1.0/embeded51.json]
[www.ville-hoenheim.fr/wp-json/oembed/1.0/embed26b8]
[www.ville-hoenheim.fr/wp-content/uploads/2022/01/image-23.jpg]
[www.ville-hoenheim.fr/des-jeunes-pousses-rue-de-la-fontaine/image-47/index.html]
[www.ville-hoenheim.fr/wp-json/wp/v2/media/7425.json]
[www.ville-hoenheim.fr/wp-json/oembed/1.0/embed7447.json]
[www.ville-hoenheim.fr/wp-json/oembed/1.0/embede667]
[www.ville-hoenheim.fr/wp-content/uploads/2022/01/image-22.jpg]
[www.ville-hoenheim.fr/des-jeunes-pousses-rue-de-la-fontaine/image-46/index.html]
[www.ville-hoenheim.fr/wp-json/wp/v2/media/7424.json]
[www.ville-hoenheim.fr/wp-json/oembed/1.0/embed1be9.json]
[www.ville-hoenheim.fr/wp-json/oembed/1.0/embed9080]
[www.ville-hoenheim.fr/des-jeunes-pousses-rue-de-la-fontaine/image-45/index.html]
[www.ville-hoenheim.fr/wp-content/uploads/2022/01/image-21.jpg]
[www.ville-hoenheim.fr/wp-json/wp/v2/media/7423.json]
[www.ville-hoenheim.fr/wp-json/oembed/1.0/embed3b5c.json]
[www.ville-hoenheim.fr/wp-json/oembed/1.0/embed3b0f]
[www.ville-hoenheim.fr/wp-content/uploads/2022/01/image-20.jpg]
[www.ville-hoenheim.fr/des-jeunes-pousses-rue-de-la-fontaine/image-44/index.html]
[www.ville-hoenheim.fr/wp-json/wp/v2/media/7422.json]
[www.ville-hoenheim.fr/wp-json/oembed/1.0/embed5b6a.json]
[www.ville-hoenheim.fr/wp-json/oembed/1.0/embed3d5c]
[www.ville-hoenheim.fr/wp-content/uploads/2022/01/image-19.jpg]
[www.ville-hoenheim.fr/des-jeunes-pousses-rue-de-la-fontaine/image-43/index.html]
[www.ville-hoenheim.fr/wp-json/wp/v2/media/7421.json]
[www.ville-hoenheim.fr/wp-json/oembed/1.0/embed2f4b.json]
[www.ville-hoenheim.fr/wp-json/oembed/1.0/embeda825]
[www.ville-hoenheim.fr/des-jeunes-pousses-rue-de-la-fontaine/image-42/index.html]
[www.ville-hoenheim.fr/wp-content/uploads/2022/01/image-18.jpg]
[www.ville-hoenheim.fr/wp-json/wp/v2/media/7420.json]
[www.ville-hoenheim.fr/wp-json/oembed/1.0/embed58a4.json]
[www.ville-hoenheim.fr/wp-json/oembed/1.0/embed9848]
[www.ville-hoenheim.fr/wp-content/uploads/2022/01/image-17.jpg]
[www.ville-hoenheim.fr/des-jeunes-pousses-rue-de-la-fontaine/image-41/index.html]
[www.ville-hoenheim.fr/wp-json/wp/v2/media/7419.json]
[www.ville-hoenheim.fr/wp-json/oembed/1.0/embed09ab.json]
[www.ville-hoenheim.fr/wp-json/oembed/1.0/embed5ac9]
[www.ville-hoenheim.fr/wp-content/uploads/2022/01/image-16.jpg]
[www.ville-hoenheim.fr/des-jeunes-pousses-rue-de-la-fontaine/image-40/index.html]
[www.ville-hoenheim.fr/wp-json/wp/v2/media/7418.json]
[www.ville-hoenheim.fr/wp-json/oembed/1.0/embedf22e.json]
[www.ville-hoenheim.fr/wp-json/oembed/1.0/embed1c0f]
[www.ville-hoenheim.fr/wp-content/uploads/2022/01/image-15.jpg]
[www.ville-hoenheim.fr/des-jeunes-pousses-rue-de-la-fontaine/image-39/index.html]
[www.ville-hoenheim.fr/wp-json/wp/v2/media/7417.json]
[www.ville-hoenheim.fr/wp-json/oembed/1.0/embedab27.json]
[www.ville-hoenheim.fr/wp-json/oembed/1.0/embed89c4]
[www.ville-hoenheim.fr/wp-content/uploads/2022/01/image-14.jpg]
[www.ville-hoenheim.fr/des-jeunes-pousses-rue-de-la-fontaine/image-38/index.html]
[www.ville-hoenheim.fr/wp-json/wp/v2/media/7416.json]
[www.ville-hoenheim.fr/wp-json/oembed/1.0/embed2f4e.json]
[www.ville-hoenheim.fr/wp-json/oembed/1.0/embed5607]
[www.ville-hoenheim.fr/wp-content/uploads/2022/01/image-13.jpg]
[www.ville-hoenheim.fr/des-jeunes-pousses-rue-de-la-fontaine/image-37/index.html]
[www.ville-hoenheim.fr/wp-json/wp/v2/media/7415.json]
[www.ville-hoenheim.fr/wp-json/oembed/1.0/embed91f4.json]
[www.ville-hoenheim.fr/wp-json/oembed/1.0/embed28ec]
[www.ville-hoenheim.fr/des-jeunes-pousses-rue-de-la-fontaine/image-36/index.html]
[www.ville-hoenheim.fr/wp-content/uploads/2022/01/image-12.jpg]
[www.ville-hoenheim.fr/wp-json/wp/v2/media/7414.json]
[www.ville-hoenheim.fr/wp-json/oembed/1.0/embedf116-2.json]
[www.ville-hoenheim.fr/wp-json/oembed/1.0/embed82b9]
[www.ville-hoenheim.fr/wp-content/uploads/2022/01/image-11.jpg]
[www.ville-hoenheim.fr/des-jeunes-pousses-rue-de-la-fontaine/image-35/index.html]
[www.ville-hoenheim.fr/wp-json/wp/v2/media/7413.json]
[www.ville-hoenheim.fr/wp-json/oembed/1.0/embed7e58.json]
[www.ville-hoenheim.fr/wp-json/oembed/1.0/embed83dd]
[www.ville-hoenheim.fr/wp-content/uploads/2022/01/image-10.jpg]
[www.ville-hoenheim.fr/des-jeunes-pousses-rue-de-la-fontaine/image-34/index.html]
[www.ville-hoenheim.fr/wp-json/wp/v2/media/7412.json]
[www.ville-hoenheim.fr/wp-json/oembed/1.0/embed4b8b.json]
[www.ville-hoenheim.fr/wp-json/oembed/1.0/embedfe91]
[www.ville-hoenheim.fr/des-jeunes-pousses-rue-de-la-fontaine/image-33/index.html]
[www.ville-hoenheim.fr/wp-content/uploads/2022/01/image-9.jpg]
[www.ville-hoenheim.fr/wp-json/wp/v2/media/7411.json]
[www.ville-hoenheim.fr/wp-json/oembed/1.0/embed35f2.json]
[www.ville-hoenheim.fr/wp-json/oembed/1.0/embed180f]
[www.ville-hoenheim.fr/wp-content/uploads/2022/01/image-8.jpg]
[www.ville-hoenheim.fr/des-jeunes-pousses-rue-de-la-fontaine/image-32/index.html]
[www.ville-hoenheim.fr/wp-json/wp/v2/media/7410.json]
[www.ville-hoenheim.fr/wp-json/oembed/1.0/embed5549.json]
[www.ville-hoenheim.fr/wp-json/oembed/1.0/embed6262]
[www.ville-hoenheim.fr/wp-content/uploads/2022/01/image-7.jpg]
[www.ville-hoenheim.fr/des-jeunes-pousses-rue-de-la-fontaine/image-31/index.html]
[www.ville-hoenheim.fr/wp-json/wp/v2/media/7409.json]
[www.ville-hoenheim.fr/wp-json/oembed/1.0/embed11cb.json]
[www.ville-hoenheim.fr/wp-json/oembed/1.0/embed54c6]
[www.ville-hoenheim.fr/wp-content/uploads/2022/01/image-6.jpg]
[www.ville-hoenheim.fr/des-jeunes-pousses-rue-de-la-fontaine/image-30/index.html]
[www.ville-hoenheim.fr/index685a.html]
[www.ville-hoenheim.fr/indexd864.html]
[www.ville-hoenheim.fr/index038e.html]
[www.ville-hoenheim.fr/indexa67c.html]
[www.ville-hoenheim.fr/index9317.html]
[www.ville-hoenheim.fr/indexa3f2.html]
[www.ville-hoenheim.fr/numerosdurgence-plandelaville/indexedd0.html]
[www.ville-hoenheim.fr/index61b9.html]
[www.ville-hoenheim.fr/indexabdd.html]
[www.ville-hoenheim.fr/wp-content/uploads/2021/03/écriture-rfstudio-3059691_bandeau.html]
[www.ville-hoenheim.fr/wp-content/uploads/2021/04/Écrire-un-poème-pour-elle-RS.html]
[www.ville-hoenheim.fr/indexa9e1.html]
[www.ville-hoenheim.fr/indexb0dd.html]
[www.ville-hoenheim.fr/index8cc6.html]
[www.ville-hoenheim.fr/indexbb02.html]
[www.ville-hoenheim.fr/index7d21.html]
[www.ville-hoenheim.fr/index29b5.html]
[www.ville-hoenheim.fr/index35a0.html]
[www.ville-hoenheim.fr/index2caf-2.html]
[www.ville-hoenheim.fr/indexf57b.html]
[www.ville-hoenheim.fr/wp-json/wp/v2/media/5705.json]
[www.ville-hoenheim.fr/wp-json/oembed/1.0/embedc662.json]
[www.ville-hoenheim.fr/wp-json/oembed/1.0/embed4687]
[www.ville-hoenheim.fr/wp-content/uploads/2021/01/IMG_1425.jpg]
[www.ville-hoenheim.fr/lhiver-nous-offre-son-beau-manteau-blanc/img_1425/index.html]
[www.ville-hoenheim.fr/wp-json/wp/v2/media/5706.json]
[www.ville-hoenheim.fr/wp-json/oembed/1.0/embed2585.json]
[www.ville-hoenheim.fr/wp-json/oembed/1.0/embedc80c]
[www.ville-hoenheim.fr/wp-content/uploads/2021/01/IMG_1426.jpg]
[www.ville-hoenheim.fr/lhiver-nous-offre-son-beau-manteau-blanc/img_1426/index.html]
[www.ville-hoenheim.fr/lhiver-nous-offre-son-beau-manteau-blanc/img_1427/index.html]
[www.ville-hoenheim.fr/wp-json/wp/v2/media/5745.json]
[www.ville-hoenheim.fr/wp-json/oembed/1.0/embed8744.json]
[www.ville-hoenheim.fr/wp-json/oembed/1.0/embedc91a]
[www.ville-hoenheim.fr/wp-content/uploads/2021/01/IMG_1907.jpg]
[www.ville-hoenheim.fr/lhiver-nous-offre-son-beau-manteau-blanc/img_1907/index.html]
[www.ville-hoenheim.fr/wp-json/wp/v2/media/5755.json]
[www.ville-hoenheim.fr/wp-json/oembed/1.0/embedfcc8.json]
[www.ville-hoenheim.fr/wp-json/oembed/1.0/embed9934]
[www.ville-hoenheim.fr/wp-content/uploads/2021/01/IMG_1428.jpg]
[www.ville-hoenheim.fr/lhiver-nous-offre-son-beau-manteau-blanc/img_1428/index.html]
[www.ville-hoenheim.fr/wp-json/wp/v2/media/5744.json]
[www.ville-hoenheim.fr/lhiver-nous-offre-son-beau-manteau-blanc/img_6390/index.html]
[www.ville-hoenheim.fr/wp-json/oembed/1.0/embed010f.json]
[www.ville-hoenheim.fr/wp-json/oembed/1.0/embeded41]
[www.ville-hoenheim.fr/wp-content/uploads/2021/01/IMG_1905.jpg]
[www.ville-hoenheim.fr/lhiver-nous-offre-son-beau-manteau-blanc/img_1905/index.html]
[www.ville-hoenheim.fr/lhiver-nous-offre-son-beau-manteau-blanc/img_1903/index.html]
[www.ville-hoenheim.fr/wp-json/wp/v2/media/5710.json]
[www.ville-hoenheim.fr/wp-json/oembed/1.0/embed68be.json]
[www.ville-hoenheim.fr/wp-json/oembed/1.0/embedc8f8]
[www.ville-hoenheim.fr/wp-content/uploads/2021/01/IMG_1430.jpg]
[www.ville-hoenheim.fr/lhiver-nous-offre-son-beau-manteau-blanc/img_1430/index.html]
[www.ville-hoenheim.fr/wp-json/wp/v2/media/5711.json]
[www.ville-hoenheim.fr/lhiver-nous-offre-son-beau-manteau-blanc/img_1429/index.html]
[www.ville-hoenheim.fr/wp-json/oembed/1.0/embedd2d4.json]
[www.ville-hoenheim.fr/wp-json/oembed/1.0/embed305f]
[www.ville-hoenheim.fr/wp-content/uploads/2021/01/IMG_1431.jpg]
[www.ville-hoenheim.fr/lhiver-nous-offre-son-beau-manteau-blanc/img_1431/index.html]
[www.ville-hoenheim.fr/wp-json/wp/v2/media/5793.json]
[www.ville-hoenheim.fr/wp-json/oembed/1.0/embedbcb4.json]
[www.ville-hoenheim.fr/wp-json/oembed/1.0/embed2095]
[www.ville-hoenheim.fr/wp-content/uploads/2021/01/IMG_1014-1.jpg]
[www.ville-hoenheim.fr/lhiver-nous-offre-son-beau-manteau-blanc/img_1014-2/index.html]
[www.ville-hoenheim.fr/wp-json/wp/v2/media/5730.json]
[www.ville-hoenheim.fr/lhiver-nous-offre-son-beau-manteau-blanc/img_1061/index.html]
[www.ville-hoenheim.fr/wp-json/oembed/1.0/embed8395.json]
[www.ville-hoenheim.fr/wp-json/oembed/1.0/embed8f4d]
[www.ville-hoenheim.fr/wp-content/uploads/2021/01/IMG_1453.jpg]
[www.ville-hoenheim.fr/lhiver-nous-offre-son-beau-manteau-blanc/img_1453/index.html]
[www.ville-hoenheim.fr/wp-json/wp/v2/media/5728.json]
[www.ville-hoenheim.fr/wp-json/oembed/1.0/embed5dd0.json]
[www.ville-hoenheim.fr/wp-json/oembed/1.0/embedb985]
[www.ville-hoenheim.fr/lhiver-nous-offre-son-beau-manteau-blanc/img_1451/index.html]
[www.ville-hoenheim.fr/wp-content/uploads/2021/01/IMG_1451.jpg]
[www.ville-hoenheim.fr/wp-json/wp/v2/media/5732.json]
[www.ville-hoenheim.fr/wp-json/oembed/1.0/embed11fb.json]
[www.ville-hoenheim.fr/wp-json/oembed/1.0/embed8df9]
[www.ville-hoenheim.fr/lhiver-nous-offre-son-beau-manteau-blanc/img_1455/index.html]
[www.ville-hoenheim.fr/wp-content/uploads/2021/01/IMG_1455.jpg]
[www.ville-hoenheim.fr/wp-json/wp/v2/media/5734.json]
[www.ville-hoenheim.fr/wp-json/oembed/1.0/embed2d9b.json]
[www.ville-hoenheim.fr/wp-json/oembed/1.0/embed1e63]
[www.ville-hoenheim.fr/lhiver-nous-offre-son-beau-manteau-blanc/img_1457/index.html]
[www.ville-hoenheim.fr/wp-content/uploads/2021/01/IMG_1457.jpg]
[www.ville-hoenheim.fr/wp-json/wp/v2/media/5736.json]
[www.ville-hoenheim.fr/wp-json/oembed/1.0/embedc4ba.json]
[www.ville-hoenheim.fr/wp-json/oembed/1.0/embed64f0]
[www.ville-hoenheim.fr/lhiver-nous-offre-son-beau-manteau-blanc/img_1459/index.html]
[www.ville-hoenheim.fr/wp-content/uploads/2021/01/IMG_1459.jpg]
[www.ville-hoenheim.fr/wp-json/wp/v2/media/5735.json]
[www.ville-hoenheim.fr/wp-json/oembed/1.0/embeda051.json]
[www.ville-hoenheim.fr/wp-json/oembed/1.0/embeda589]
[www.ville-hoenheim.fr/wp-content/uploads/2021/01/IMG_1458.jpg]
[www.ville-hoenheim.fr/lhiver-nous-offre-son-beau-manteau-blanc/img_1458/index.html]
[www.ville-hoenheim.fr/wp-json/wp/v2/media/5727.json]
[www.ville-hoenheim.fr/wp-json/oembed/1.0/embed218f.json]
[www.ville-hoenheim.fr/wp-json/oembed/1.0/embedccdf]
[www.ville-hoenheim.fr/wp-content/uploads/2021/01/IMG_1450.jpg]
[www.ville-hoenheim.fr/lhiver-nous-offre-son-beau-manteau-blanc/img_1450/index.html]
[www.ville-hoenheim.fr/wp-json/wp/v2/media/5733.json]
[www.ville-hoenheim.fr/wp-json/oembed/1.0/embedd5f2.json]
[www.ville-hoenheim.fr/wp-json/oembed/1.0/embedb0ec]
[www.ville-hoenheim.fr/wp-content/uploads/2021/01/IMG_1456.jpg]
[www.ville-hoenheim.fr/lhiver-nous-offre-son-beau-manteau-blanc/img_1456/index.html]
[www.ville-hoenheim.fr/wp-json/wp/v2/media/5726.json]
[www.ville-hoenheim.fr/wp-json/oembed/1.0/embed8930.json]
[www.ville-hoenheim.fr/wp-json/oembed/1.0/embed00e0]
[www.ville-hoenheim.fr/lhiver-nous-offre-son-beau-manteau-blanc/img_1449/index.html]
[www.ville-hoenheim.fr/wp-content/uploads/2021/01/IMG_1449.jpg]
[www.ville-hoenheim.fr/wp-json/wp/v2/media/5721.json]
[www.ville-hoenheim.fr/wp-json/oembed/1.0/embed18d2.json]
[www.ville-hoenheim.fr/wp-json/oembed/1.0/embed9052]
[www.ville-hoenheim.fr/lhiver-nous-offre-son-beau-manteau-blanc/img_1444/index.html]
[www.ville-hoenheim.fr/wp-content/uploads/2021/01/IMG_1444.jpg]
[www.ville-hoenheim.fr/wp-json/wp/v2/media/5722.json]
[www.ville-hoenheim.fr/wp-json/oembed/1.0/embed101e.json]
[www.ville-hoenheim.fr/wp-json/oembed/1.0/embed201a]
[www.ville-hoenheim.fr/lhiver-nous-offre-son-beau-manteau-blanc/img_1445/index.html]
[www.ville-hoenheim.fr/wp-content/uploads/2021/01/IMG_1445.jpg]
[www.ville-hoenheim.fr/wp-json/wp/v2/media/5723.json]
[www.ville-hoenheim.fr/wp-json/oembed/1.0/embedcb1c.json]
[www.ville-hoenheim.fr/wp-json/oembed/1.0/embeda354]
[www.ville-hoenheim.fr/wp-content/uploads/2021/01/IMG_1446.jpg]
[www.ville-hoenheim.fr/lhiver-nous-offre-son-beau-manteau-blanc/img_1446/index.html]
[www.ville-hoenheim.fr/wp-json/wp/v2/media/5724.json]
[www.ville-hoenheim.fr/wp-json/oembed/1.0/embedaf46.json]
[www.ville-hoenheim.fr/wp-json/oembed/1.0/embedf37e]
[www.ville-hoenheim.fr/wp-content/uploads/2021/01/IMG_1447.jpg]
[www.ville-hoenheim.fr/lhiver-nous-offre-son-beau-manteau-blanc/img_1447/index.html]
[www.ville-hoenheim.fr/wp-json/wp/v2/media/5725.json]
[www.ville-hoenheim.fr/wp-json/oembed/1.0/embed16e6.json]
[www.ville-hoenheim.fr/wp-json/oembed/1.0/embeddefa]
[www.ville-hoenheim.fr/wp-content/uploads/2021/01/IMG_1448.jpg]
[www.ville-hoenheim.fr/lhiver-nous-offre-son-beau-manteau-blanc/img_1448/index.html]
[www.ville-hoenheim.fr/wp-json/wp/v2/media/5720.json]
[www.ville-hoenheim.fr/wp-json/oembed/1.0/embed9b2f.json]
[www.ville-hoenheim.fr/wp-json/oembed/1.0/embed3b98]
[www.ville-hoenheim.fr/wp-content/uploads/2021/01/IMG_1443.jpg]
[www.ville-hoenheim.fr/lhiver-nous-offre-son-beau-manteau-blanc/img_1443/index.html]
[www.ville-hoenheim.fr/wp-json/wp/v2/media/5719.json]
[www.ville-hoenheim.fr/wp-json/oembed/1.0/embedd24c.json]
[www.ville-hoenheim.fr/wp-json/oembed/1.0/embed32d3]
[www.ville-hoenheim.fr/lhiver-nous-offre-son-beau-manteau-blanc/img_1442/index.html]
[www.ville-hoenheim.fr/wp-content/uploads/2021/01/IMG_1442.jpg]
[www.ville-hoenheim.fr/wp-json/wp/v2/media/5783.json]
[www.ville-hoenheim.fr/wp-json/oembed/1.0/embedb996.json]
[www.ville-hoenheim.fr/wp-json/oembed/1.0/embed9b75]
[www.ville-hoenheim.fr/wp-content/uploads/2021/01/IMG_1018.jpg]
[www.ville-hoenheim.fr/lhiver-nous-offre-son-beau-manteau-blanc/img_1018/index.html]
[www.ville-hoenheim.fr/lhiver-nous-offre-son-beau-manteau-blanc/img_1014/index.html]
[www.ville-hoenheim.fr/wp-json/wp/v2/media/5718.json]
[www.ville-hoenheim.fr/wp-json/oembed/1.0/embed83f2.json]
[www.ville-hoenheim.fr/wp-json/oembed/1.0/embeda54c]
[www.ville-hoenheim.fr/wp-content/uploads/2021/01/IMG_1441.jpg]
[www.ville-hoenheim.fr/lhiver-nous-offre-son-beau-manteau-blanc/img_1441/index.html]
[www.ville-hoenheim.fr/wp-json/wp/v2/media/5717.json]
[www.ville-hoenheim.fr/wp-json/oembed/1.0/embedc96f.json]
[www.ville-hoenheim.fr/wp-json/oembed/1.0/embedc06b]
[www.ville-hoenheim.fr/lhiver-nous-offre-son-beau-manteau-blanc/img_1440/index.html]
[www.ville-hoenheim.fr/wp-content/uploads/2021/01/IMG_1440.jpg]
[www.ville-hoenheim.fr/wp-json/wp/v2/media/5716.json]
[www.ville-hoenheim.fr/wp-json/oembed/1.0/embed4bbb.json]
[www.ville-hoenheim.fr/wp-json/oembed/1.0/embed4039]
[www.ville-hoenheim.fr/lhiver-nous-offre-son-beau-manteau-blanc/img_1439/index.html]
[www.ville-hoenheim.fr/wp-content/uploads/2021/01/IMG_1439.jpg]
[www.ville-hoenheim.fr/wp-json/wp/v2/media/5715.json]
[www.ville-hoenheim.fr/wp-json/oembed/1.0/embedeb36.json]
[www.ville-hoenheim.fr/wp-json/oembed/1.0/embed526e]
[www.ville-hoenheim.fr/wp-content/uploads/2021/01/IMG_1438.jpg]
[www.ville-hoenheim.fr/lhiver-nous-offre-son-beau-manteau-blanc/img_1438/index.html]
[www.ville-hoenheim.fr/lhiver-nous-offre-son-beau-manteau-blanc/img_1435/index.html]
[www.ville-hoenheim.fr/wp-json/wp/v2/media/5712.json]
[www.ville-hoenheim.fr/wp-json/oembed/1.0/embed1455.json]
[www.ville-hoenheim.fr/wp-json/oembed/1.0/embedb31d]
[www.ville-hoenheim.fr/wp-content/uploads/2021/01/IMG_1432.jpg]
[www.ville-hoenheim.fr/lhiver-nous-offre-son-beau-manteau-blanc/img_1432/index.html]
[www.ville-hoenheim.fr/wp-json/wp/v2/media/5713.json]
[www.ville-hoenheim.fr/wp-json/oembed/1.0/embedf3d0.json]
[www.ville-hoenheim.fr/wp-json/oembed/1.0/embed3e45]
[www.ville-hoenheim.fr/wp-content/uploads/2021/01/IMG_1433.jpg]
[www.ville-hoenheim.fr/lhiver-nous-offre-son-beau-manteau-blanc/img_1433/index.html]
[www.ville-hoenheim.fr/wp-json/wp/v2/media/5746.json]
[www.ville-hoenheim.fr/wp-json/oembed/1.0/embed2b47.json]
[www.ville-hoenheim.fr/wp-json/oembed/1.0/embed4ddf]
[www.ville-hoenheim.fr/wp-content/uploads/2021/01/IMG_6376.jpg]
[www.ville-hoenheim.fr/lhiver-nous-offre-son-beau-manteau-blanc/img_6376/index.html]
[www.ville-hoenheim.fr/wp-json/wp/v2/media/5753.json]
[www.ville-hoenheim.fr/wp-json/oembed/1.0/embed5c99.json]
[www.ville-hoenheim.fr/wp-json/oembed/1.0/embed481b]
[www.ville-hoenheim.fr/wp-content/uploads/2021/01/IMG_6389.jpg]
[www.ville-hoenheim.fr/lhiver-nous-offre-son-beau-manteau-blanc/img_6389/index.html]
[www.ville-hoenheim.fr/lhiver-nous-offre-son-beau-manteau-blanc/img_6388/index.html]
[www.ville-hoenheim.fr/wp-json/wp/v2/media/5747.json]
[www.ville-hoenheim.fr/wp-json/oembed/1.0/embed5163.json]
[www.ville-hoenheim.fr/wp-json/oembed/1.0/embedf14e]
[www.ville-hoenheim.fr/wp-content/uploads/2021/01/IMG_6377.jpg]
[www.ville-hoenheim.fr/lhiver-nous-offre-son-beau-manteau-blanc/img_6377/index.html]
[www.ville-hoenheim.fr/wp-json/wp/v2/media/5748.json]
[www.ville-hoenheim.fr/wp-json/oembed/1.0/embed45cc.json]
[www.ville-hoenheim.fr/wp-json/oembed/1.0/embedc6b7]
[www.ville-hoenheim.fr/wp-content/uploads/2021/01/IMG_6379.jpg]
[www.ville-hoenheim.fr/lhiver-nous-offre-son-beau-manteau-blanc/img_6379/index.html]
[www.ville-hoenheim.fr/lhiver-nous-offre-son-beau-manteau-blanc/img_6380/index.html]
[www.ville-hoenheim.fr/wp-json/wp/v2/media/5750.json]
[www.ville-hoenheim.fr/wp-json/oembed/1.0/embed4970.json]
[www.ville-hoenheim.fr/wp-json/oembed/1.0/embed11aa]
[www.ville-hoenheim.fr/lhiver-nous-offre-son-beau-manteau-blanc/img_6381/index.html]
[www.ville-hoenheim.fr/wp-content/uploads/2021/01/IMG_6381.jpg]
[www.ville-hoenheim.fr/wp-json/wp/v2/media/5751.json]
[www.ville-hoenheim.fr/wp-json/oembed/1.0/embedbcd2.json]
[www.ville-hoenheim.fr/wp-json/oembed/1.0/embed890e]
[www.ville-hoenheim.fr/wp-content/uploads/2021/01/IMG_6382.jpg]
[www.ville-hoenheim.fr/lhiver-nous-offre-son-beau-manteau-blanc/img_6382/index.html]
[www.ville-hoenheim.fr/wp-json/wp/v2/media/5787.json]
[www.ville-hoenheim.fr/wp-json/oembed/1.0/embed0cbe.json]
[www.ville-hoenheim.fr/wp-json/oembed/1.0/embed74ea]
[www.ville-hoenheim.fr/lhiver-nous-offre-son-beau-manteau-blanc/img_1457-2/index.html]
[www.ville-hoenheim.fr/wp-content/uploads/2021/01/IMG_1457-2.jpg]
[www.ville-hoenheim.fr/wp-json/wp/v2/media/5780.json]
[www.ville-hoenheim.fr/wp-json/oembed/1.0/embedc1d6.json]
[www.ville-hoenheim.fr/wp-json/oembed/1.0/embed91d3]
[www.ville-hoenheim.fr/wp-content/uploads/2021/01/IMG_0925.jpg]
[www.ville-hoenheim.fr/lhiver-nous-offre-son-beau-manteau-blanc/img_0925/index.html]
[www.ville-hoenheim.fr/wp-json/wp/v2/media/5782.json]
[www.ville-hoenheim.fr/wp-json/oembed/1.0/embedc399.json]
[www.ville-hoenheim.fr/wp-json/oembed/1.0/embed41cc]
[www.ville-hoenheim.fr/wp-content/uploads/2021/01/IMG_3771.jpg]
[www.ville-hoenheim.fr/lhiver-nous-offre-son-beau-manteau-blanc/img_3771/index.html]
[www.ville-hoenheim.fr/wp-json/wp/v2/media/5796.json]
[www.ville-hoenheim.fr/wp-json/oembed/1.0/embed57de.json]
[www.ville-hoenheim.fr/wp-json/oembed/1.0/embed7a39-2]
[www.ville-hoenheim.fr/wp-content/uploads/2021/01/IMG_1061-1.jpg]
[www.ville-hoenheim.fr/lhiver-nous-offre-son-beau-manteau-blanc/img_1061-2/index.html]
[www.ville-hoenheim.fr/lhiver-nous-offre-son-beau-manteau-blanc/img_1014-3/index.html]
[www.ville-hoenheim.fr/wp-json/wp/v2/media/5774.json]
[www.ville-hoenheim.fr/wp-json/oembed/1.0/embeddfbe.json]
[www.ville-hoenheim.fr/wp-json/oembed/1.0/embeda383]
[www.ville-hoenheim.fr/wp-content/uploads/2021/01/IMG_3614.jpg]
[www.ville-hoenheim.fr/lhiver-nous-offre-son-beau-manteau-blanc/img_3614/index.html]
[www.ville-hoenheim.fr/wp-json/wp/v2/media/5794.json]
[www.ville-hoenheim.fr/wp-json/oembed/1.0/embed66f3.json]
[www.ville-hoenheim.fr/wp-json/oembed/1.0/embed2969]
[www.ville-hoenheim.fr/lhiver-nous-offre-son-beau-manteau-blanc/img_1218-2/index.html]
[www.ville-hoenheim.fr/wp-content/uploads/2021/01/IMG_1218-1.jpg]
[www.ville-hoenheim.fr/wp-json/wp/v2/media/5778.json]
[www.ville-hoenheim.fr/wp-json/oembed/1.0/embed55f0.json]
[www.ville-hoenheim.fr/wp-json/oembed/1.0/embed85b0]
[www.ville-hoenheim.fr/wp-content/uploads/2021/01/IMG_1462.jpg]
[www.ville-hoenheim.fr/lhiver-nous-offre-son-beau-manteau-blanc/img_1462/index.html]
[www.ville-hoenheim.fr/wp-json/wp/v2/media/5781.json]
[www.ville-hoenheim.fr/wp-json/oembed/1.0/embede9c9.json]
[www.ville-hoenheim.fr/wp-json/oembed/1.0/embeddb7d]
[www.ville-hoenheim.fr/wp-content/uploads/2021/01/5e18e936-1a87-43d6-8536-5fee726ba68d.jpg]
[www.ville-hoenheim.fr/lhiver-nous-offre-son-beau-manteau-blanc/5e18e936-1a87-43d6-8536-5fee726ba68d/index.html]
[www.ville-hoenheim.fr/wp-json/wp/v2/media/5788.json]
[www.ville-hoenheim.fr/wp-json/oembed/1.0/embed2dee.json]
[www.ville-hoenheim.fr/wp-json/oembed/1.0/embedcf61]
[www.ville-hoenheim.fr/lhiver-nous-offre-son-beau-manteau-blanc/8b36099d-453d-4c21-970d-82a87c4aed92/index.html]
[www.ville-hoenheim.fr/wp-content/uploads/2021/01/8b36099d-453d-4c21-970d-82a87c4aed92.jpg]
[www.ville-hoenheim.fr/wp-json/wp/v2/media/5791.json]
[www.ville-hoenheim.fr/wp-json/oembed/1.0/embedbc57.json]
[www.ville-hoenheim.fr/wp-json/oembed/1.0/embed3f93]
[www.ville-hoenheim.fr/wp-content/uploads/2021/01/IMG_0292.jpg]
[www.ville-hoenheim.fr/lhiver-nous-offre-son-beau-manteau-blanc/img_0292/index.html]
[www.ville-hoenheim.fr/wp-json/wp/v2/media/5786.json]
[www.ville-hoenheim.fr/wp-json/oembed/1.0/embed2250.json]
[www.ville-hoenheim.fr/wp-json/oembed/1.0/embed2fe2]
[www.ville-hoenheim.fr/lhiver-nous-offre-son-beau-manteau-blanc/img_0297/index.html]
[www.ville-hoenheim.fr/wp-content/uploads/2021/01/IMG_0297.jpg]
[www.ville-hoenheim.fr/lhiver-nous-offre-son-beau-manteau-blanc/img_1218/index.html]
[www.ville-hoenheim.fr/wp-json/wp/v2/media/5790.json]
[www.ville-hoenheim.fr/wp-json/oembed/1.0/embed78e6.json]
[www.ville-hoenheim.fr/wp-json/oembed/1.0/embedabd6]
[www.ville-hoenheim.fr/lhiver-nous-offre-son-beau-manteau-blanc/img_0295/index.html]
[www.ville-hoenheim.fr/wp-content/uploads/2021/01/IMG_0295.jpg]
[www.ville-hoenheim.fr/wp-json/wp/v2/media/5789.json]
[www.ville-hoenheim.fr/wp-json/oembed/1.0/embed9775.json]
[www.ville-hoenheim.fr/wp-json/oembed/1.0/embed90bf]
[www.ville-hoenheim.fr/wp-content/uploads/2021/01/IMG_0296.jpg]
[www.ville-hoenheim.fr/lhiver-nous-offre-son-beau-manteau-blanc/img_0296/index.html]
[www.ville-hoenheim.fr/wp-json/wp/v2/media/5762.json]
[www.ville-hoenheim.fr/wp-json/oembed/1.0/embedee32.json]
[www.ville-hoenheim.fr/wp-json/oembed/1.0/embed4049]
[www.ville-hoenheim.fr/wp-content/uploads/2021/01/20210115-devant-la-salle-du-conseil_0547-1.jpg]
[www.ville-hoenheim.fr/lhiver-nous-offre-son-beau-manteau-blanc/20210115-devant-la-salle-du-conseil_0547-2/index.html]
[www.ville-hoenheim.fr/wp-json/wp/v2/media/5742.json]
[www.ville-hoenheim.fr/wp-json/oembed/1.0/embede502.json]
[www.ville-hoenheim.fr/wp-json/oembed/1.0/embeddbcb]
[www.ville-hoenheim.fr/lhiver-nous-offre-son-beau-manteau-blanc/img_1894/index.html]
[www.ville-hoenheim.fr/wp-content/uploads/2021/01/IMG_1894.jpg]
[www.ville-hoenheim.fr/wp-json/wp/v2/media/5763.json]
[www.ville-hoenheim.fr/wp-json/oembed/1.0/embed2098.json]
[www.ville-hoenheim.fr/wp-json/oembed/1.0/embeda590]
[www.ville-hoenheim.fr/wp-content/uploads/2021/01/IMG_0553.jpg]
[www.ville-hoenheim.fr/lhiver-nous-offre-son-beau-manteau-blanc/img_0553/index.html]
[www.ville-hoenheim.fr/wp-json/wp/v2/media/5779.json]
[www.ville-hoenheim.fr/wp-json/oembed/1.0/embed8797.json]
[www.ville-hoenheim.fr/wp-json/oembed/1.0/embed4046]
[www.ville-hoenheim.fr/lhiver-nous-offre-son-beau-manteau-blanc/img_0939/index.html]
[www.ville-hoenheim.fr/wp-content/uploads/2021/01/IMG_0939.jpg]
[www.ville-hoenheim.fr/wp-json/wp/v2/media/5756.json]
[www.ville-hoenheim.fr/wp-json/oembed/1.0/embed3414.json]
[www.ville-hoenheim.fr/wp-json/oembed/1.0/embed6b29]
[www.ville-hoenheim.fr/lhiver-nous-offre-son-beau-manteau-blanc/img_1903-2/index.html]
[www.ville-hoenheim.fr/wp-content/uploads/2021/01/IMG_1903-1.jpg]
[www.ville-hoenheim.fr/index18a8.html]
[www.ville-hoenheim.fr/indexb4f6.html]
[www.ville-hoenheim.fr/indexf4e7.html]
[www.ville-hoenheim.fr/indexf710.html]
[www.ville-hoenheim.fr/indexe3d2.html]
[www.ville-hoenheim.fr/index0f35.html]
[www.ville-hoenheim.fr/indexf36e.html]
[www.ville-hoenheim.fr/indexc9f1.html]
[www.ville-hoenheim.fr/index7f83.html]
[www.ville-hoenheim.fr/indexca76.html]
[www.ville-hoenheim.fr/cliquons-pour-nos-commerces-de-proximite-et-nos-artisans/communication@ville-hoenheim.html]
[www.ville-hoenheim.fr/index1fc6.html]
[www.ville-hoenheim.fr/index697e.html]
[www.ville-hoenheim.fr/indexb8f8.html]
[www.ville-hoenheim.fr/indexa221.html]
[www.ville-hoenheim.fr/index15c0.html]
[www.ville-hoenheim.fr/index398a.html]
[www.ville-hoenheim.fr/5-edition-populaire-pour-martine-et-ses-roses/martine.d.martin@ville-hoenheim.html]
[www.ville-hoenheim.fr/index4e36.html]
[www.ville-hoenheim.fr/index6e86.html]
[www.ville-hoenheim.fr/index68a1.html]
[www.ville-hoenheim.fr/indexb287.html]
[www.ville-hoenheim.fr/index4fb2.html]
[www.ville-hoenheim.fr/index2e17.html]
[www.ville-hoenheim.fr/index1da3.html]
[www.ville-hoenheim.fr/index93a0.html]
[www.ville-hoenheim.fr/index45ff.html]
[www.ville-hoenheim.fr/index6c27.html]
[www.cts-strasbourg.eu/export/sites/default/images/04SeDeplacer/04FichesHoraires/Chronhop-01.png_1815230746.html]
[www.cts-strasbourg.eu/export/sites/default/images/03Actualites/divers/Plan-C3.jpg_887396489.html]
[www.cts-strasbourg.eu/export/sites/default/images/03Actualites/divers/C3_v2.jpg_283497465.html]
[www.cts-strasbourg.eu/export/sites/default/images/04SeDeplacer/04FichesHoraires/Chronhop-C9-01.png_1815230746.html]
[www.cts-strasbourg.eu/export/sites/default/images/03Actualites/divers/CTS_plan_C9_11-2023_148x210mm_v03.jpg_887396489.html]
[www.cts-strasbourg.eu/export/sites/default/images/03Actualites/divers/C9_v2.jpg_2072766201.html]
[www.ville-hoenheim.fr/index9555.html]
[www.ville-hoenheim.fr/index471e.html]
[www.ville-hoenheim.fr/wp-content/uploads/2015/06/Tarifs-Services-periscolaires-2019_2020.html]
[www.ville-hoenheim.fr/index9e5d.html]
[www.ville-hoenheim.fr/indexea31.html]
[www.ville-hoenheim.fr/indexa1e2.html]
[www.ville-hoenheim.fr/index5c90.html]
[www.ville-hoenheim.fr/indexa741.html]
[www.ville-hoenheim.fr/index612a.html]
[www.ville-hoenheim.fr/index2b62.html]
[www.ville-hoenheim.fr/index3b75.html]
[www.ville-hoenheim.fr/indexc593.html]
[www.ville-hoenheim.fr/indexac4c.html]
[www.ville-hoenheim.fr/indexc524.html]
[www.ville-hoenheim.fr/index0c93.html]
[www.ville-hoenheim.fr/index3f7a.html]
[www.ville-hoenheim.fr/indexd20a.html]
[www.ville-hoenheim.fr/index6543.html]
[www.ville-hoenheim.fr/indexbd47.html]
[www.ville-hoenheim.fr/index8e1b.html]
[www.ville-hoenheim.fr/index5f87.html]
[www.ville-hoenheim.fr/index30a5.html]
[www.ville-hoenheim.fr/indexe1d2.html]
[www.ville-hoenheim.fr/indexdd7a.html]
[www.ville-hoenheim.fr/indexd1c3.html]
[www.ville-hoenheim.fr/indexd589.html]
[www.ville-hoenheim.fr/indexb1f0.html]
[www.ville-hoenheim.fr/index16bc.html]
[www.ville-hoenheim.fr/index994c.html]
[www.ville-hoenheim.fr/index88c3.html]
[www.ville-hoenheim.fr/index6683.html]
[www.ville-hoenheim.fr/index4887.html]
[www.ville-hoenheim.fr/indexbebf.html]
[www.ville-hoenheim.fr/index1303.html]
[www.ville-hoenheim.fr/index3309.html]
[www.ville-hoenheim.fr/index08ab.html]
[www.ville-hoenheim.fr/index8c8d.html]
[www.ville-hoenheim.fr/indexc902.html]
[www.ville-hoenheim.fr/index52c0.html]
[www.ville-hoenheim.fr/index66f9.html]
[www.ville-hoenheim.fr/index1025.html]
[www.ville-hoenheim.fr/index73fa.html]
[www.ville-hoenheim.fr/index7b2c.html]
[www.ville-hoenheim.fr/index5723.html]
[www.ville-hoenheim.fr/index5d09.html]
[www.ville-hoenheim.fr/indexff6b.html]
[www.ville-hoenheim.fr/index89a1.html]
[www.ville-hoenheim.fr/indexe0d2.html]
[www.ville-hoenheim.fr/index905c.html]
[www.ville-hoenheim.fr/index8201.html]
[www.ville-hoenheim.fr/indexbd8b.html]
[www.ville-hoenheim.fr/indexf9f3.html]
[www.ville-hoenheim.fr/index4181.html]
[www.ville-hoenheim.fr/index8911.html]
[www.ville-hoenheim.fr/index8631.html]
[www.ville-hoenheim.fr/index2bcd.html]
[www.ville-hoenheim.fr/indexdf7c.html]
[www.ville-hoenheim.fr/wp-includes/images/w-logo-blue.png]
[www.ville-hoenheim.fr/numerosdurgence-plandelaville/embed/index.html]
[www.ville-hoenheim.fr/index0eba.html]
[www.ville-hoenheim.fr/index7d08.html]
[www.ville-hoenheim.fr/index5a2e.html]
[www.ville-hoenheim.fr/indexb582.html]
[www.ville-hoenheim.fr/index43b2.html]
[www.ville-hoenheim.fr/index027d.html]
[www.ville-hoenheim.fr/index1335.html]
[www.ville-hoenheim.fr/indexa123.html]
[www.ville-hoenheim.fr/indexf908.html]
[www.ville-hoenheim.fr/index7633.html]
[www.ville-hoenheim.fr/wp-json/wp/v2/media/6311.json]
[www.ville-hoenheim.fr/wp-json/oembed/1.0/embed3203.json]
[www.ville-hoenheim.fr/wp-json/oembed/1.0/embedd066]
[www.ville-hoenheim.fr/wp-content/uploads/2021/04/IMG_0830s.jpg]
[www.ville-hoenheim.fr/don-de-velo/img_0830s/index.html]
[www.ville-hoenheim.fr/don-de-velo/don-de-velo_7358_b/index.html]
[www.ville-hoenheim.fr/wp-json/wp/v2/media/6312.json]
[www.ville-hoenheim.fr/wp-json/oembed/1.0/embed9c13.json]
[www.ville-hoenheim.fr/wp-json/oembed/1.0/embeda6c3]
[www.ville-hoenheim.fr/wp-content/uploads/2021/04/GEBUS_0827s.jpg]
[www.ville-hoenheim.fr/don-de-velo/gebus_0827s/index.html]
[www.ville-hoenheim.fr/wp-json/wp/v2/media/6313.json]
[www.ville-hoenheim.fr/wp-json/oembed/1.0/embed8941.json]
[www.ville-hoenheim.fr/wp-json/oembed/1.0/embed36bd]
[www.ville-hoenheim.fr/don-de-velo/lapp_0832s/index.html]
[www.ville-hoenheim.fr/wp-content/uploads/2021/04/LAPP_0832s.jpg]
[www.ville-hoenheim.fr/wp-json/wp/v2/media/6314.json]
[www.ville-hoenheim.fr/wp-json/oembed/1.0/embed0c9a.json]
[www.ville-hoenheim.fr/wp-json/oembed/1.0/embed6b40]
[www.ville-hoenheim.fr/wp-content/uploads/2021/04/SCHERRER_0828s.jpg]
[www.ville-hoenheim.fr/don-de-velo/scherrer_0828s/index.html]
[www.ville-hoenheim.fr/wp-json/wp/v2/media/6315.json]
[www.ville-hoenheim.fr/wp-json/oembed/1.0/embed9e65.json]
[www.ville-hoenheim.fr/wp-json/oembed/1.0/embed9d7c]
[www.ville-hoenheim.fr/wp-content/uploads/2021/04/SCHIEL_0837s.jpg]
[www.ville-hoenheim.fr/don-de-velo/schiel_0837s/index.html]
[www.ville-hoenheim.fr/wp-json/wp/v2/media/6317.json]
[www.ville-hoenheim.fr/don-de-velo/stein_0830s/index.html]
[www.ville-hoenheim.fr/wp-json/oembed/1.0/embed5195.json]
[www.ville-hoenheim.fr/wp-json/oembed/1.0/embed9564]
[www.ville-hoenheim.fr/wp-content/uploads/2021/04/BAUMANN_0834s.jpg]
[www.ville-hoenheim.fr/don-de-velo/baumann_0834s/index.html]
[www.ville-hoenheim.fr/index3333.html]
[www.ville-hoenheim.fr/index4db6.html]
[www.ville-hoenheim.fr/indexb753.html]
[www.ville-hoenheim.fr/index9f0a.html]
[www.ville-hoenheim.fr/index9544.html]
[www.ville-hoenheim.fr/index44be.html]
[www.ville-hoenheim.fr/indexc508.html]
[www.ville-hoenheim.fr/index1334.html]
[www.ville-hoenheim.fr/index7cc7.html]
[www.ville-hoenheim.fr/indexa7f7.html]
[www.ville-hoenheim.fr/index9077.html]
[www.ville-hoenheim.fr/index78b2.html]
[www.ville-hoenheim.fr/index9b9e.html]
[www.ville-hoenheim.fr/index3dea.html]
[www.ville-hoenheim.fr/index59fe.html]
[www.ville-hoenheim.fr/index74ef.html]
[www.ville-hoenheim.fr/index1557.html]
[www.ville-hoenheim.fr/index6a11.html]
[www.ville-hoenheim.fr/indexa5f2.html]
[www.ville-hoenheim.fr/index68cd.html]
[www.ville-hoenheim.fr/index6f5e.html]
[www.ville-hoenheim.fr/index5604.html]
[www.ville-hoenheim.fr/index1639.html]
[www.ville-hoenheim.fr/index23ea.html]
[www.ville-hoenheim.fr/index6150.html]
[www.ville-hoenheim.fr/index9c7c.html]
[www.ville-hoenheim.fr/index25af.html]
[www.ville-hoenheim.fr/index1bce.html]
[www.ville-hoenheim.fr/events/categorie/rendez-vous-musique-et-culture/centre-socioculturel/index.html]
[www.ville-hoenheim.fr/indexd7b7.html]
[www.ville-hoenheim.fr/events/categorie/rendez-vous-musique-et-culture/centre-socioculturel/feed/index.html]
[www.ville-hoenheim.fr/wp-json/oembed/1.0/embed8c97.json]
[www.ville-hoenheim.fr/events/categorie/rendez-vous-musique-et-culture/centre-socioculturel/liste/index.html]
[www.ville-hoenheim.fr/wp-json/oembed/1.0/embed6689]
[www.ville-hoenheim.fr/wp-content/uploads/2024/07/affiche-marche-puces.jpg]
[www.ville-hoenheim.fr/event/marche-aux-puces-rue-du-stade/index.html]
[www.ville-hoenheim.fr/events/categorie/rendez-vous-musique-et-culture/liste/index.html]
[www.ville-hoenheim.fr/events/categorie/association/liste/index.html]
[www.ville-hoenheim.fr/index8aac.html]
[www.ville-hoenheim.fr/wp-json/oembed/1.0/embed7edf.json]
[www.ville-hoenheim.fr/wp-json/oembed/1.0/embed34f2]
[www.ville-hoenheim.fr/event/conseil-municipal-2/index.html]
[www.ville-hoenheim.fr/wp-content/uploads/2021/10/Capture-decran-2021-10-25-a-10.07.30.png]
[www.ville-hoenheim.fr/wp-content/uploads/2026/05/2026-HOENHEIM-QUARTIERS-copie.pdf]
[www.ville-hoenheim.fr/event/reunion-du-quartier-champfleury/index.html]
[www.ville-hoenheim.fr/event/concert-piano-et-violoncelle/index.html]
[www.ville-hoenheim.fr/events/categorie/service-social/liste/index.html]
[www.ville-hoenheim.fr/events/categorie/divers/municipalite/index.html]
[www.ville-hoenheim.fr/wp-json/oembed/1.0/embed1118.json]
[www.ville-hoenheim.fr/wp-json/oembed/1.0/embed65ab]
[www.ville-hoenheim.fr/wp-content/uploads/2024/06/multi3.jpg]
[www.ville-hoenheim.fr/event/kaffekranzel-intergenerationnel-reporte-au-30-septembre/index.html]
[www.ville-hoenheim.fr/index8ac3.html]
[www.ville-hoenheim.fr/www.ville-hoenheim.fr/category/services/communication/index.html]
[www.ville-hoenheim.fr/indexfb5d.html]
[www.ville-hoenheim.fr/index9394.html]
[www.ville-hoenheim.fr/event/bourse-aux-jouets-et-articles-de-puericulture/index.html]
[www.ville-hoenheim.fr/wp-json/oembed/1.0/embed9b2a.json]
[www.ville-hoenheim.fr/wp-json/oembed/1.0/embedbc5c]
[www.ville-hoenheim.fr/wp-content/uploads/2025/12/68_VaH_dec-2025-web-1.jpg]
[www.ville-hoenheim.fr/wp-content/uploads/2025/12/68_VaH_dec-2025-web.pdf]
[www.ville-hoenheim.fr/magazine/vivre-a-hoenheim-n68/index.html]
[www.ville-hoenheim.fr/wp-json/oembed/1.0/embedb406.json]
[www.ville-hoenheim.fr/wp-json/oembed/1.0/embed1796]
[www.ville-hoenheim.fr/wp-content/uploads/2025/09/67_VaH_septembre-2025-web-1.jpg]
[www.ville-hoenheim.fr/wp-content/uploads/2025/09/67_VaH_septembre-2025-web.pdf]
[www.ville-hoenheim.fr/magazine/vivre-a-hoenheim-n67/index.html]
[www.ville-hoenheim.fr/wp-json/oembed/1.0/embed0543.json]
[www.ville-hoenheim.fr/wp-json/oembed/1.0/embedcb6f]
[www.ville-hoenheim.fr/wp-content/uploads/2025/06/66_VaH_juin-2025-web-1.jpg]
[www.ville-hoenheim.fr/wp-content/uploads/2025/06/66_VaH_juin-2025-Web.pdf]
[www.ville-hoenheim.fr/magazine/vivre-a-hoenheim-n66/index.html]
[www.ville-hoenheim.fr/wp-json/oembed/1.0/embed0ee7.json]
[www.ville-hoenheim.fr/wp-json/oembed/1.0/embed9700]
[www.ville-hoenheim.fr/wp-content/uploads/2025/03/65_VaH_mars-2025-web-1.jpg]
[www.ville-hoenheim.fr/wp-content/uploads/2025/03/65_VaH_mars-2025-OK-web.pdf]
[www.ville-hoenheim.fr/magazine/vivre-a-hoenheim-n-65/index.html]
[www.ville-hoenheim.fr/wp-content/uploads/2024/12/64_VaH_dec-2024-OK-212x300.jpg]
[www.ville-hoenheim.fr/wp-content/uploads/2024/09/63_VaH_sept-2024-web-1-215x300.jpg]
[www.ville-hoenheim.fr/wp-content/uploads/2024/06/62_VaH_juin-2024-web-1-212x300.png]
[www.ville-hoenheim.fr/wp-content/uploads/2024/03/61_VaH_mars-2024-w-1-212x300.jpg]
[www.ville-hoenheim.fr/wp-content/uploads/2023/12/60_VaH_dec-2023_web-1-212x300.jpg]
[www.ville-hoenheim.fr/magazine/vivre-a-hoenheim-n-64/index.html]
[www.ville-hoenheim.fr/category/services/communication/mag/page/2/index.html]
[www.ville-hoenheim.fr/magazine/vivre-a-hoenheim-n-63/index.html]
[www.ville-hoenheim.fr/wp-content/uploads/2015/04/couv24-212x300.jpg]
[www.ville-hoenheim.fr/category/services/communication/mag/page/10/index.html]
[www.ville-hoenheim.fr/magazine/vivre-a-hoenheim-n61/index.html]
[www.ville-hoenheim.fr/magazine/vivre-a-hoenheim-n-62/index.html]
[www.ville-hoenheim.fr/magazine/vivre-a-hoenheim-n60/index.html]
[www.ville-hoenheim.fr/indexa849.html]
[www.ville-hoenheim.fr/category/services/communication/mag/page/3/index.html]
[www.ville-hoenheim.fr/magazine/vivre-a-hoenheim-n24/index.html]
[www.ville-hoenheim.fr/indexf580.html]
[www.ville-hoenheim.fr/indexa00a.html]
[www.ville-hoenheim.fr/indexe1c9.html]
[www.ville-hoenheim.fr/index4949.html]
[www.ville-hoenheim.fr/category/services/communication/mag/page/9/index.html]
[www.ville-hoenheim.fr/wp-json/wp/v2/media/7542.json]
[www.ville-hoenheim.fr/wp-json/oembed/1.0/embed8622.json]
[www.ville-hoenheim.fr/wp-json/oembed/1.0/embed540d]
[www.ville-hoenheim.fr/des-nouvelles-de-nos-bambins/20220301-mardi-gras_2507/index.html]
[www.ville-hoenheim.fr/index3686.html]
[www.ville-hoenheim.fr/indexa7cb.html]
[www.ville-hoenheim.fr/index16fd.html]
[www.ville-hoenheim.fr/index0a62.html]
[www.ville-hoenheim.fr/index096e.html]
[www.ville-hoenheim.fr/index15bb.html]
[www.ville-hoenheim.fr/index15d5.html]
[www.ville-hoenheim.fr/indexc5c8.html]
[www.ville-hoenheim.fr/index5225.html]
[www.ville-hoenheim.fr/wp-json/wp/v2/media/7060.json]
[www.ville-hoenheim.fr/wp-json/oembed/1.0/embedf8a9.json]
[www.ville-hoenheim.fr/wp-json/oembed/1.0/embed173a]
[www.ville-hoenheim.fr/inaugurations-despaces-pedagogiques-et-tournee-des-ecoles-avec-le-dasen/20210906-visite-du-dasden-dans-les-ecoles_e8955/index.html]
[www.ville-hoenheim.fr/wp-content/uploads/2021/09/20210906-Visite-du-DASDEN-dans-les-écoles_E8955.jpg]
[www.ville-hoenheim.fr/index36de.html]
[www.ville-hoenheim.fr/indexc878.html]
[www.ville-hoenheim.fr/indexae9c.html]
[www.ville-hoenheim.fr/index6224.html]
[www.ville-hoenheim.fr/indexc671.html]
[www.ville-hoenheim.fr/index6397.html]
[www.ville-hoenheim.fr/index028f.html]
[www.ville-hoenheim.fr/index49d1.html]
[www.ville-hoenheim.fr/indexf6c3.html]
[www.ville-hoenheim.fr/inaugurations-despaces-pedagogiques-et-tournee-des-ecoles-avec-le-dasen/20210906-visite-du-dasden-dans-les-ecoles_e8948/index.html]
[www.ville-hoenheim.fr/wp-json/wp/v2/media/7053.json]
[www.ville-hoenheim.fr/wp-json/oembed/1.0/embed28a2.json]
[www.ville-hoenheim.fr/wp-json/oembed/1.0/embed3618]
[www.ville-hoenheim.fr/wp-content/uploads/2021/09/image-10.jpg]
[www.ville-hoenheim.fr/inaugurations-despaces-pedagogiques-et-tournee-des-ecoles-avec-le-dasen/image-13/index.html]
[www.ville-hoenheim.fr/indexd459.html]
[www.ville-hoenheim.fr/index7d02.html]
[www.ville-hoenheim.fr/indexe662.html]
[www.ville-hoenheim.fr/index456c.html]
[www.ville-hoenheim.fr/index57ca.html]
[www.ville-hoenheim.fr/wp-content/uploads/2024/03/20240312_151859-300x135.jpg]
[www.ville-hoenheim.fr/wp-content/uploads/2022/06/ZFE-m_Banniere_1200x428-300x107.jpg]
[www.ville-hoenheim.fr/category/article_accueil/page/3/index.html]
[www.ville-hoenheim.fr/category/article_accueil/page/14/index.html]
[www.ville-hoenheim.fr/indexcf0a.html]
[www.ville-hoenheim.fr/category/article_accueil/page/13/index.html]
[www.ville-hoenheim.fr/wp-json/wp/v2/media/7395.json]
[www.ville-hoenheim.fr/category/article_accueil/page/4/index.html]
[www.ville-hoenheim.fr/wp-json/oembed/1.0/embedca6e.json]
[www.ville-hoenheim.fr/wp-json/oembed/1.0/embed0cc2]
[www.ville-hoenheim.fr/des-jeunes-pousses-rue-de-la-fontaine/20220128_120300/index.html]
[www.ville-hoenheim.fr/wp-content/uploads/2022/01/20220128_120300-scaled.jpg]
[www.ville-hoenheim.fr/wp-json/wp/v2/media/7401.json]
[www.ville-hoenheim.fr/wp-json/oembed/1.0/embed353d.json]
[www.ville-hoenheim.fr/wp-json/oembed/1.0/embed11b9]
[www.ville-hoenheim.fr/des-jeunes-pousses-rue-de-la-fontaine/20220128_ecole-elementaire-centre-cp_142856/index.html]
[www.ville-hoenheim.fr/wp-content/uploads/2022/01/20220128_Ecole-elementaire-centre-CP_142856-scaled.jpg]
[www.ville-hoenheim.fr/index108d.html]
[www.ville-hoenheim.fr/wp-json/wp/v2/media/7396.json]
[www.ville-hoenheim.fr/wp-json/oembed/1.0/embedb496.json]
[www.ville-hoenheim.fr/wp-json/oembed/1.0/embed6dba]
[www.ville-hoenheim.fr/des-jeunes-pousses-rue-de-la-fontaine/20220128_121349/index.html]
[www.ville-hoenheim.fr/wp-content/uploads/2022/01/20220128_121349-scaled.jpg]
[www.ville-hoenheim.fr/index458d.html]
[www.ville-hoenheim.fr/wp-json/wp/v2/media/7399.json]
[www.ville-hoenheim.fr/wp-json/oembed/1.0/embed7ab2.json]
[www.ville-hoenheim.fr/wp-json/oembed/1.0/embedad6d]
[www.ville-hoenheim.fr/wp-content/uploads/2022/01/20220128_141744-scaled.jpg]
[www.ville-hoenheim.fr/des-jeunes-pousses-rue-de-la-fontaine/20220128_141744/index.html]
[www.ville-hoenheim.fr/indexda5c.html]
[www.ville-hoenheim.fr/index8edb.html]
[www.ville-hoenheim.fr/indexc921.html]
[www.ville-hoenheim.fr/wp-json/wp/v2/media/7433.json]
[www.ville-hoenheim.fr/wp-json/oembed/1.0/embeda8d7.json]
[www.ville-hoenheim.fr/wp-json/oembed/1.0/embed7e4a]
[www.ville-hoenheim.fr/des-jeunes-pousses-rue-de-la-fontaine/image-54/index.html]
[www.ville-hoenheim.fr/wp-content/uploads/2022/01/image-30.jpg]
[www.ville-hoenheim.fr/indexaad0.html]
[www.ville-hoenheim.fr/index6069.html]
[www.ville-hoenheim.fr/indexe659.html]
[www.ville-hoenheim.fr/indexb0e7.html]
[www.ville-hoenheim.fr/indexe1cb.html]
[www.ville-hoenheim.fr/index98a7.html]
[www.ville-hoenheim.fr/index1967.html]
[www.ville-hoenheim.fr/index4e73.html]
[www.ville-hoenheim.fr/indexf98d.html]
[www.ville-hoenheim.fr/indexfd07.html]
[www.ville-hoenheim.fr/index45c1.html]
[www.ville-hoenheim.fr/indexeefb.html]
[www.ville-hoenheim.fr/indexbac9.html]
[www.ville-hoenheim.fr/indexb58e.html]
[www.ville-hoenheim.fr/index19f5.html]
[www.ville-hoenheim.fr/index5840.html]
[www.ville-hoenheim.fr/index345d.html]
[www.ville-hoenheim.fr/index68d8.html]
[www.ville-hoenheim.fr/indexf9d3.html]
[www.ville-hoenheim.fr/index2e82.html]
[www.ville-hoenheim.fr/index3b93.html]
[www.ville-hoenheim.fr/indexa793.html]
[www.ville-hoenheim.fr/indexad4a.html]
[www.ville-hoenheim.fr/index8080.html]
[www.ville-hoenheim.fr/index97c4.html]
[www.ville-hoenheim.fr/wp-json/wp/v2/media/5707.json]
[www.ville-hoenheim.fr/wp-json/oembed/1.0/embedd55f.json]
[www.ville-hoenheim.fr/wp-json/oembed/1.0/embedea3e]
[www.ville-hoenheim.fr/wp-content/uploads/2021/01/IMG_1427.jpg]
[www.ville-hoenheim.fr/lhiver-nous-offre-son-beau-manteau-blanc/img_1427/index.html]
[www.ville-hoenheim.fr/indexb8d8.html]
[www.ville-hoenheim.fr/index83d5.html]
[www.ville-hoenheim.fr/wp-json/wp/v2/media/5754.json]
[www.ville-hoenheim.fr/wp-json/oembed/1.0/embedbad7.json]
[www.ville-hoenheim.fr/wp-json/oembed/1.0/embedd458]
[www.ville-hoenheim.fr/lhiver-nous-offre-son-beau-manteau-blanc/img_6390/index.html]
[www.ville-hoenheim.fr/wp-content/uploads/2021/01/IMG_6390.jpg]
[www.ville-hoenheim.fr/index561e.html]
[www.ville-hoenheim.fr/wp-json/wp/v2/media/5743.json]
[www.ville-hoenheim.fr/wp-json/oembed/1.0/embed74e2.json]
[www.ville-hoenheim.fr/wp-json/oembed/1.0/embed1536]
[www.ville-hoenheim.fr/wp-content/uploads/2021/01/IMG_1903.jpg]
[www.ville-hoenheim.fr/lhiver-nous-offre-son-beau-manteau-blanc/img_1903/index.html]
[www.ville-hoenheim.fr/indexb615.html]
[www.ville-hoenheim.fr/wp-json/wp/v2/media/5709.json]
[www.ville-hoenheim.fr/wp-json/oembed/1.0/embed53e5.json]
[www.ville-hoenheim.fr/wp-json/oembed/1.0/embed0877]
[www.ville-hoenheim.fr/lhiver-nous-offre-son-beau-manteau-blanc/img_1429/index.html]
[www.ville-hoenheim.fr/wp-content/uploads/2021/01/IMG_1429.jpg]
[www.ville-hoenheim.fr/index0049.html]
[www.ville-hoenheim.fr/index8fb9.html]
[www.ville-hoenheim.fr/wp-json/wp/v2/media/5792.json]
[www.ville-hoenheim.fr/wp-json/oembed/1.0/embed3c03.json]
[www.ville-hoenheim.fr/wp-json/oembed/1.0/embedc5da]
[www.ville-hoenheim.fr/wp-content/uploads/2021/01/IMG_1061.jpg]
[www.ville-hoenheim.fr/lhiver-nous-offre-son-beau-manteau-blanc/img_1061/index.html]
[www.ville-hoenheim.fr/indexfb62.html]
[www.ville-hoenheim.fr/index80cc.html]
[www.ville-hoenheim.fr/index20b8.html]
[www.ville-hoenheim.fr/indexf41b.html]
[www.ville-hoenheim.fr/index2fba.html]
[www.ville-hoenheim.fr/indexed9f.html]
[www.ville-hoenheim.fr/indexe0bc.html]
[www.ville-hoenheim.fr/index0149.html]
[www.ville-hoenheim.fr/index7bfc.html]
[www.ville-hoenheim.fr/index0bf4.html]
[www.ville-hoenheim.fr/index4648.html]
[www.ville-hoenheim.fr/index268f.html]
[www.ville-hoenheim.fr/index5981.html]
[www.ville-hoenheim.fr/index4c4b.html]
[www.ville-hoenheim.fr/indexb790.html]
[www.ville-hoenheim.fr/index8821.html]
[www.ville-hoenheim.fr/indexe539-2.html]
[www.ville-hoenheim.fr/wp-json/wp/v2/media/5784.json]
[www.ville-hoenheim.fr/wp-json/oembed/1.0/embedb5b4.json]
[www.ville-hoenheim.fr/wp-json/oembed/1.0/embeddad5]
[www.ville-hoenheim.fr/wp-content/uploads/2021/01/IMG_1014.jpg]
[www.ville-hoenheim.fr/lhiver-nous-offre-son-beau-manteau-blanc/img_1014/index.html]
[www.ville-hoenheim.fr/index9f37.html]
[www.ville-hoenheim.fr/index3c98.html]
[www.ville-hoenheim.fr/index84b6.html]
[www.ville-hoenheim.fr/index0cfe.html]
[www.ville-hoenheim.fr/wp-json/wp/v2/media/5714.json]
[www.ville-hoenheim.fr/wp-json/oembed/1.0/embed4f75.json]
[www.ville-hoenheim.fr/wp-json/oembed/1.0/embedb24e]
[www.ville-hoenheim.fr/lhiver-nous-offre-son-beau-manteau-blanc/img_1435/index.html]
[www.ville-hoenheim.fr/indexb1b2.html]
[www.ville-hoenheim.fr/indexefd9.html]
[www.ville-hoenheim.fr/indexe07a.html]
[www.ville-hoenheim.fr/indexb267.html]
[www.ville-hoenheim.fr/wp-json/wp/v2/media/5752.json]
[www.ville-hoenheim.fr/wp-json/oembed/1.0/embedbc20.json]
[www.ville-hoenheim.fr/wp-json/oembed/1.0/embeda8b0]
[www.ville-hoenheim.fr/wp-content/uploads/2021/01/IMG_6388.jpg]
[www.ville-hoenheim.fr/lhiver-nous-offre-son-beau-manteau-blanc/img_6388/index.html]
[www.ville-hoenheim.fr/index983f.html]
[www.ville-hoenheim.fr/index1868.html]
[www.ville-hoenheim.fr/wp-json/wp/v2/media/5749.json]
[www.ville-hoenheim.fr/wp-json/oembed/1.0/embeddf4c.json]
[www.ville-hoenheim.fr/wp-json/oembed/1.0/embed75f2]
[www.ville-hoenheim.fr/lhiver-nous-offre-son-beau-manteau-blanc/img_6380/index.html]
[www.ville-hoenheim.fr/wp-content/uploads/2021/01/IMG_6380.jpg]
[www.ville-hoenheim.fr/index7c3b.html]
[www.ville-hoenheim.fr/index725b.html]
[www.ville-hoenheim.fr/indexd795.html]
[www.ville-hoenheim.fr/index48ef.html]
[www.ville-hoenheim.fr/index7618.html]
[www.ville-hoenheim.fr/indexbe9c.html]
[www.ville-hoenheim.fr/wp-json/wp/v2/media/5795.json]
[www.ville-hoenheim.fr/wp-json/oembed/1.0/embedcfc6.json]
[www.ville-hoenheim.fr/wp-json/oembed/1.0/embed253f]
[www.ville-hoenheim.fr/wp-content/uploads/2021/01/IMG_1014-2.jpg]
[www.ville-hoenheim.fr/lhiver-nous-offre-son-beau-manteau-blanc/img_1014-3/index.html]
[www.ville-hoenheim.fr/index3ef1.html]
[www.ville-hoenheim.fr/index9dd4.html]
[www.ville-hoenheim.fr/indexa204.html]
[www.ville-hoenheim.fr/index6a9d.html]
[www.ville-hoenheim.fr/index6bbd.html]
[www.ville-hoenheim.fr/index1085.html]
[www.ville-hoenheim.fr/index0667.html]
[www.ville-hoenheim.fr/wp-json/wp/v2/media/5785.json]
[www.ville-hoenheim.fr/wp-json/oembed/1.0/embed212c.json]
[www.ville-hoenheim.fr/wp-json/oembed/1.0/embed89ea]
[www.ville-hoenheim.fr/lhiver-nous-offre-son-beau-manteau-blanc/img_1218/index.html]
[www.ville-hoenheim.fr/wp-content/uploads/2021/01/IMG_1218.jpg]
[www.ville-hoenheim.fr/index6808.html]
[www.ville-hoenheim.fr/indexf997.html]
[www.ville-hoenheim.fr/index311d.html]
[www.ville-hoenheim.fr/index2c32.html]
[www.ville-hoenheim.fr/index92b3.html]
[www.ville-hoenheim.fr/index9167.html]
[www.ville-hoenheim.fr/index328c.html]
[www.ville-hoenheim.fr/index2a30.html]
[www.ville-hoenheim.fr/wp-json/wp/v2/media/6298.json]
[www.ville-hoenheim.fr/wp-json/oembed/1.0/embeddb6d.json]
[www.ville-hoenheim.fr/wp-json/oembed/1.0/embed2876]
[www.ville-hoenheim.fr/don-de-velo/don-de-velo_7358_b/index.html]
[www.ville-hoenheim.fr/indexb43a.html]
[www.ville-hoenheim.fr/index5ee5.html]
[www.ville-hoenheim.fr/index7cf5.html]
[www.ville-hoenheim.fr/index5476.html]
[www.ville-hoenheim.fr/wp-json/wp/v2/media/6316.json]
[www.ville-hoenheim.fr/wp-json/oembed/1.0/embed431b.json]
[www.ville-hoenheim.fr/wp-json/oembed/1.0/embed3d3b]
[www.ville-hoenheim.fr/wp-content/uploads/2021/04/STEIN_0830s.jpg]
[www.ville-hoenheim.fr/don-de-velo/stein_0830s/index.html]
[www.ville-hoenheim.fr/indexae9b.html]
[www.ville-hoenheim.fr/events/categorie/rendez-vous-musique-et-culture/centre-socioculturel/liste/index.html]
[www.ville-hoenheim.fr/indexb4f0.html]
[www.ville-hoenheim.fr/wp-json/oembed/1.0/embed8e53.json]
[www.ville-hoenheim.fr/wp-json/oembed/1.0/embedce99]
[www.ville-hoenheim.fr/wp-content/uploads/2020/11/conseil-municipal-1000x443-pix.jpg]
[www.ville-hoenheim.fr/event/conseil-municipal-2/index.html]
[www.ville-hoenheim.fr/index06fa.html]
[www.ville-hoenheim.fr/wp-json/oembed/1.0/embed9d31.json]
[www.ville-hoenheim.fr/wp-json/oembed/1.0/embedf94c]
[www.ville-hoenheim.fr/event/concert-piano-et-violoncelle/index.html]
[www.ville-hoenheim.fr/wp-content/uploads/2026/06/20260702_CONCERT.jpg]
[www.ville-hoenheim.fr/wp-content/uploads/2020/11/conseil-municipal-1000x443-pix-300x133.jpg]
[www.ville-hoenheim.fr/events/categorie/divers/municipalite/index.html]
[www.ville-hoenheim.fr/event/reunion-des-quartiers-emailleries-et-ecoquartier/index.html]
[www.ville-hoenheim.fr/index078f.html]
[www.ville-hoenheim.fr/events/categorie/divers/municipalite/liste/index.html]
[www.ville-hoenheim.fr/events/categorie/divers/municipalite/feed/index.html]
[www.ville-hoenheim.fr/wp-json/oembed/1.0/embedee50.json]
[www.ville-hoenheim.fr/wp-json/oembed/1.0/embed1eb0]
[www.ville-hoenheim.fr/wp-content/uploads/2025/08/20261004_Bourse-aux-jouets-et-puericulture.jpg]
[www.ville-hoenheim.fr/wp-content/uploads/2025/08/20261004_inscription-bourse-jouets.pdf]
[www.ville-hoenheim.fr/event/bourse-aux-jouets-et-articles-de-puericulture/index.html]
[www.ville-hoenheim.fr/indexde7a.html]
[www.ville-hoenheim.fr/index8d36.html]
[www.ville-hoenheim.fr/indexce37.html]
[www.ville-hoenheim.fr/index9e78.html]
[www.ville-hoenheim.fr/wp-json/oembed/1.0/embed0f59.json]
[www.ville-hoenheim.fr/event/exposition-art-et-artisanat-2/index.html]
[www.ville-hoenheim.fr/wp-json/oembed/1.0/embedba85]
[www.ville-hoenheim.fr/wp-content/uploads/2024/12/64_VaH_dec-2024-OK-724x1024.jpg]
[www.ville-hoenheim.fr/wp-content/uploads/2024/12/64_VaH_dec-2024-web.pdf]
[www.ville-hoenheim.fr/magazine/vivre-a-hoenheim-n-64/index.html]
[www.ville-hoenheim.fr/wp-json/oembed/1.0/embed0f28.json]
[www.ville-hoenheim.fr/wp-json/oembed/1.0/embedffde]
[www.ville-hoenheim.fr/wp-content/uploads/2024/09/63_VaH_sept-2024-web-1.jpg]
[www.ville-hoenheim.fr/wp-content/uploads/2024/09/63_VaH_sept-2024-web.pdf]
[www.ville-hoenheim.fr/magazine/vivre-a-hoenheim-n-63/index.html]
[www.ville-hoenheim.fr/wp-json/oembed/1.0/embeda07d.json]
[www.ville-hoenheim.fr/wp-json/oembed/1.0/embed227d]
[www.ville-hoenheim.fr/wp-content/uploads/2024/06/62_VaH_juin-2024-web-1.png]
[www.ville-hoenheim.fr/wp-content/uploads/2024/06/62_VaH_juin-2024-web.pdf]
[www.ville-hoenheim.fr/magazine/vivre-a-hoenheim-n-62/index.html]
[www.ville-hoenheim.fr/wp-json/oembed/1.0/embed573f.json]
[www.ville-hoenheim.fr/wp-json/oembed/1.0/embedc188]
[www.ville-hoenheim.fr/wp-content/uploads/2024/03/61_VaH_mars-2024-w-1.jpg]
[www.ville-hoenheim.fr/wp-content/uploads/2024/03/61_VaH_mars-2024-w.pdf]
[www.ville-hoenheim.fr/magazine/vivre-a-hoenheim-n61/index.html]
[www.ville-hoenheim.fr/wp-json/oembed/1.0/embed70e3.json]
[www.ville-hoenheim.fr/wp-json/oembed/1.0/embed1014]
[www.ville-hoenheim.fr/wp-content/uploads/2023/12/60_VaH_dec-2023_web-1.jpg]
[www.ville-hoenheim.fr/wp-content/uploads/2023/12/60_VaH_dec-2023_web.pdf]
[www.ville-hoenheim.fr/magazine/vivre-a-hoenheim-n60/index.html]
[www.ville-hoenheim.fr/wp-content/uploads/2023/09/59_VaH_sept-2023-web-1-212x300.jpg]
[www.ville-hoenheim.fr/wp-content/uploads/2023/07/58_VaH_juin-2023-212x300.jpg]
[www.ville-hoenheim.fr/wp-content/uploads/2023/03/57_VaH_mars-2023_web-1-212x300.jpg]
[www.ville-hoenheim.fr/magazine/vivre-a-hoenheim-n59/index.html]
[www.ville-hoenheim.fr/wp-content/uploads/2022/12/56_VaH_dec-2022-1-212x300.jpg]
[www.ville-hoenheim.fr/magazine/vivre-a-hoenheim-n58/index.html]
[www.ville-hoenheim.fr/wp-content/uploads/2022/10/55_VaH_oct-2022-OK-1-213x300.jpg]
[www.ville-hoenheim.fr/category/services/communication/mag/page/3/index.html]
[www.ville-hoenheim.fr/magazine/vivre-a-hoenheim-n57/index.html]
[www.ville-hoenheim.fr/magazine/vivre-a-hoenheim-n56/index.html]
[www.ville-hoenheim.fr/magazine/vivre-a-hoenheim-n55/index.html]
[www.ville-hoenheim.fr/wp-json/oembed/1.0/embede414.json]
[www.ville-hoenheim.fr/category/services/communication/mag/page/4/index.html]
[www.ville-hoenheim.fr/wp-json/oembed/1.0/embedef4c]
[www.ville-hoenheim.fr/wp-content/uploads/2015/04/couv24.jpg]
[www.ville-hoenheim.fr/wp-content/uploads/2015/04/VivreHoenheim24.pdf]
[www.ville-hoenheim.fr/magazine/vivre-a-hoenheim-n24/index.html]
[www.ville-hoenheim.fr/wp-content/uploads/2015/10/couv29-212x300.jpg]
[www.ville-hoenheim.fr/wp-content/uploads/2015/06/couv28-212x300.jpg]
[www.ville-hoenheim.fr/wp-content/uploads/2015/04/couv27-212x300.jpg]
[www.ville-hoenheim.fr/wp-content/uploads/2015/04/couv26-212x300.jpg]
[www.ville-hoenheim.fr/magazine/vivre-a-hoenheim-n29/index.html]
[www.ville-hoenheim.fr/wp-content/uploads/2015/04/couv25ok-212x300.jpg]
[www.ville-hoenheim.fr/category/services/communication/mag/page/9/index.html]
[www.ville-hoenheim.fr/index3bb7.html]
[www.ville-hoenheim.fr/magazine/vivre-a-hoenheim-n28/index.html]
[www.ville-hoenheim.fr/magazine/vivre-a-hoenheim-n27/index.html]
[www.ville-hoenheim.fr/magazine/vivre-a-hoenheim-n26/index.html]
[www.ville-hoenheim.fr/index8c08.html]
[www.ville-hoenheim.fr/magazine/vivre-a-hoenheim-n25/index.html]
[www.ville-hoenheim.fr/category/services/communication/mag/page/8/index.html]
[www.ville-hoenheim.fr/wp-json/wp/v2/media/7061.json]
[www.ville-hoenheim.fr/wp-json/oembed/1.0/embedeec3.json]
[www.ville-hoenheim.fr/wp-json/oembed/1.0/embed6816]
[www.ville-hoenheim.fr/wp-content/uploads/2021/09/20210906-Visite-du-DASDEN-dans-les-écoles_E8948.jpg]
[www.ville-hoenheim.fr/inaugurations-despaces-pedagogiques-et-tournee-des-ecoles-avec-le-dasen/20210906-visite-du-dasden-dans-les-ecoles_e8948/index.html]
[www.ville-hoenheim.fr/indexe37c.html]
[www.ville-hoenheim.fr/wp-content/uploads/2022/10/Hoenheim_nouveaux-horaires-300x300.jpg]
[www.ville-hoenheim.fr/wp-content/uploads/2022/10/filament-bulb-lying-on-euro-coins-web-300x199.jpg]
[www.ville-hoenheim.fr/inaugurations-despaces-pedagogiques-et-tournee-des-ecoles-avec-le-dasen/20210906-visite-du-dasden-dans-les-ecoles_e8941/index.html]
[www.ville-hoenheim.fr/wp-content/uploads/2022/10/5_MJ-300x216.jpg]
[www.ville-hoenheim.fr/wp-content/uploads/2022/04/Elections-300x225.jpg]
[www.ville-hoenheim.fr/category/article_accueil/page/4/index.html]
[www.ville-hoenheim.fr/wp-content/uploads/2020/08/sdis-signaler-nid-de-guepes-1000x443-pix-300x133.jpg]
[www.ville-hoenheim.fr/wp-content/uploads/2020/08/conference-st-vincent-de-paul-1000x443-pix-300x133.jpg]
[www.ville-hoenheim.fr/wp-content/uploads/2020/08/enquete-herisson-1000x443-pix-300x133.jpg]
[www.ville-hoenheim.fr/category/article_accueil/page/13/index.html]
[www.ville-hoenheim.fr/indexd456.html]
[www.ville-hoenheim.fr/category/article_accueil/page/5/index.html]
[www.ville-hoenheim.fr/indexfea2.html]
[www.ville-hoenheim.fr/index6ec4.html]
[www.ville-hoenheim.fr/index5eab.html]
[www.ville-hoenheim.fr/index97aa.html]
[www.ville-hoenheim.fr/indexc807.html]
[www.ville-hoenheim.fr/index21d4.html]
[www.ville-hoenheim.fr/index7bde.html]
[www.ville-hoenheim.fr/index80ec.html]
[www.ville-hoenheim.fr/index2483.html]
[www.ville-hoenheim.fr/indexc3cd.html]
[www.ville-hoenheim.fr/index9a56.html]
[www.ville-hoenheim.fr/indexfe67.html]
[www.ville-hoenheim.fr/index7555.html]
[www.ville-hoenheim.fr/index9872.html]
[www.ville-hoenheim.fr/indexf1b5.html]
[www.ville-hoenheim.fr/index94b4.html]
[www.ville-hoenheim.fr/indexcb7a.html]
[www.ville-hoenheim.fr/index21f3-2.html]
[www.ville-hoenheim.fr/index9595.html]
[www.ville-hoenheim.fr/wp-json/oembed/1.0/embed1d62.json]
[www.ville-hoenheim.fr/wp-json/oembed/1.0/embed5d14]
[www.ville-hoenheim.fr/category/article_accueil/page/12/index.html]
[www.ville-hoenheim.fr/event/reunion-des-quartiers-emailleries-et-ecoquartier/index.html]
[www.ville-hoenheim.fr/wp-content/uploads/2021/03/Réunion-de-quartier.png]
[www.ville-hoenheim.fr/events/categorie/divers/municipalite/liste/index.html]
[www.ville-hoenheim.fr/index9f64.html]
[www.ville-hoenheim.fr/event/reunion-des-quartiers-ried-et-grossmatt/index.html]
[www.ville-hoenheim.fr/wp-json/oembed/1.0/embeddf0e.json]
[www.ville-hoenheim.fr/wp-json/oembed/1.0/embed120d]
[www.ville-hoenheim.fr/wp-content/uploads/2025/09/202610_affiche-art-artisanat.jpg]
[www.ville-hoenheim.fr/wp-content/uploads/2025/09/Bulletin-inscription_expo-artartisanat2026.pdf]
[www.ville-hoenheim.fr/event/exposition-art-et-artisanat-2/index.html]
[www.ville-hoenheim.fr/index7159.html]
[www.ville-hoenheim.fr/indexf37d.html]
[www.ville-hoenheim.fr/index9b5b.html]
[www.ville-hoenheim.fr/index2663.html]
[www.ville-hoenheim.fr/index4bda.html]
[www.ville-hoenheim.fr/wp-json/oembed/1.0/embedad03.json]
[www.ville-hoenheim.fr/wp-json/oembed/1.0/embed4eda]
[www.ville-hoenheim.fr/wp-content/uploads/2023/09/59_VaH_sept-2023-web-1-724x1024.jpg]
[www.ville-hoenheim.fr/wp-content/uploads/2023/09/59_VaH_sept-2023-web.pdf]
[www.ville-hoenheim.fr/magazine/vivre-a-hoenheim-n59/index.html]
[www.ville-hoenheim.fr/wp-json/oembed/1.0/embed2323.json]
[www.ville-hoenheim.fr/wp-json/oembed/1.0/embedd7f5]
[www.ville-hoenheim.fr/wp-content/uploads/2023/07/58_VaH_juin-2023.jpg]
[www.ville-hoenheim.fr/wp-content/uploads/2023/07/58_VaH_juin-2023_web.pdf]
[www.ville-hoenheim.fr/magazine/vivre-a-hoenheim-n58/index.html]
[www.ville-hoenheim.fr/wp-json/oembed/1.0/embed7444.json]
[www.ville-hoenheim.fr/wp-json/oembed/1.0/embed30ad]
[www.ville-hoenheim.fr/wp-content/uploads/2023/03/57_VaH_mars-2023_web-1.jpg]
[www.ville-hoenheim.fr/wp-content/uploads/2023/03/57_VaH_mars-2023_web.pdf]
[www.ville-hoenheim.fr/magazine/vivre-a-hoenheim-n57/index.html]
[www.ville-hoenheim.fr/wp-json/oembed/1.0/embed9389.json]
[www.ville-hoenheim.fr/wp-json/oembed/1.0/embedf139]
[www.ville-hoenheim.fr/wp-content/uploads/2022/12/56_VaH_dec-2022-1-725x1024.jpg]
[www.ville-hoenheim.fr/wp-content/uploads/2022/12/56_VaH_dec-2022_web_2.pdf]
[www.ville-hoenheim.fr/magazine/vivre-a-hoenheim-n56/index.html]
[www.ville-hoenheim.fr/wp-json/oembed/1.0/embed9e48.json]
[www.ville-hoenheim.fr/wp-json/oembed/1.0/embedffe4]
[www.ville-hoenheim.fr/wp-content/uploads/2022/10/55_VaH_oct-2022-OK-1.jpg]
[www.ville-hoenheim.fr/wp-content/uploads/2022/10/55_VaH_oct-2022-OK-web.pdf]
[www.ville-hoenheim.fr/magazine/vivre-a-hoenheim-n55/index.html]
[www.ville-hoenheim.fr/wp-content/uploads/2022/03/Couverture_N54-214x300.jpg]
[www.ville-hoenheim.fr/wp-content/uploads/2021/12/Couverture-213x300.png]
[www.ville-hoenheim.fr/wp-content/uploads/2021/09/Couverture-N°52-212x300.png]
[www.ville-hoenheim.fr/magazine/vivre-a-hoenheim-n54/index.html]
[www.ville-hoenheim.fr/wp-content/uploads/2021/06/Vivre-à-Hoenheim-51-213x300.png]
[www.ville-hoenheim.fr/wp-content/uploads/2021/03/Vivre-à-Hoenheim_50-212x300.jpg]
[www.ville-hoenheim.fr/category/services/communication/mag/page/4/index.html]
[www.ville-hoenheim.fr/indexca25.html]
[www.ville-hoenheim.fr/magazine/vivre-a-hoenheim-n53/index.html]
[www.ville-hoenheim.fr/magazine/vivre-a-hoenheim-n52/index.html]
[www.ville-hoenheim.fr/magazine/vivre-a-hoenheim-n51/index.html]
[www.ville-hoenheim.fr/magazine/vivre-a-hoenheim-n50/index.html]
[www.ville-hoenheim.fr/category/services/communication/mag/page/5/index.html]
[www.ville-hoenheim.fr/wp-json/oembed/1.0/embedaf37.json]
[www.ville-hoenheim.fr/wp-json/oembed/1.0/embedcd5e]
[www.ville-hoenheim.fr/wp-content/uploads/2015/10/couv29.jpg]
[www.ville-hoenheim.fr/wp-content/uploads/2015/10/VivreHoenheim29.pdf]
[www.ville-hoenheim.fr/magazine/vivre-a-hoenheim-n29/index.html]
[www.ville-hoenheim.fr/wp-json/oembed/1.0/embedfb04.json]
[www.ville-hoenheim.fr/wp-json/oembed/1.0/embed73f0]
[www.ville-hoenheim.fr/wp-content/uploads/2015/06/couv28.jpg]
[www.ville-hoenheim.fr/magazine/vivre-a-hoenheim-n28/index.html]
[www.ville-hoenheim.fr/wp-content/uploads/2015/06/Site2vivreahoenheim281.pdf]
[www.ville-hoenheim.fr/wp-json/oembed/1.0/embedde3a.json]
[www.ville-hoenheim.fr/wp-json/oembed/1.0/embed877c]
[www.ville-hoenheim.fr/wp-content/uploads/2015/04/couv27.jpg]
[www.ville-hoenheim.fr/wp-content/uploads/2015/04/VivreaHoenheim27.pdf]
[www.ville-hoenheim.fr/magazine/vivre-a-hoenheim-n27/index.html]
[www.ville-hoenheim.fr/wp-json/oembed/1.0/embed794e.json]
[www.ville-hoenheim.fr/wp-json/oembed/1.0/embed89ff]
[www.ville-hoenheim.fr/wp-content/uploads/2015/04/couv26.jpg]
[www.ville-hoenheim.fr/wp-content/uploads/2015/04/VivreHoenheim26.pdf]
[www.ville-hoenheim.fr/magazine/vivre-a-hoenheim-n26/index.html]
[www.ville-hoenheim.fr/wp-json/oembed/1.0/embed1786.json]
[www.ville-hoenheim.fr/wp-json/oembed/1.0/embed4f17]
[www.ville-hoenheim.fr/wp-content/uploads/2015/04/couv25ok.jpg]
[www.ville-hoenheim.fr/wp-content/uploads/2015/04/VivreHoenheim25.pdf]
[www.ville-hoenheim.fr/magazine/vivre-a-hoenheim-n25/index.html]
[www.ville-hoenheim.fr/wp-content/uploads/2016/12/Vivre-à-Hoenheim-34-couv-212x300.jpg]
[www.ville-hoenheim.fr/wp-content/uploads/2016/10/Vivre-à-Hoenheim-n33couv-212x300.jpg]
[www.ville-hoenheim.fr/wp-content/uploads/2016/06/couv32-212x300.jpg]
[www.ville-hoenheim.fr/wp-content/uploads/2016/04/couv31site-212x300.jpg]
[www.ville-hoenheim.fr/wp-content/uploads/2015/12/couv30-212x300.jpg]
[www.ville-hoenheim.fr/category/services/communication/mag/page/8/index.html]
[www.ville-hoenheim.fr/magazine/vivre-a-hoenheim-n34/index.html]
[www.ville-hoenheim.fr/indexdd6b.html]
[www.ville-hoenheim.fr/magazine/vivre-a-hoenheim-n33/index.html]
[www.ville-hoenheim.fr/magazine/vivre-a-hoenheim-n32/index.html]
[www.ville-hoenheim.fr/magazine/vivre-a-hoenheim-n31/index.html]
[www.ville-hoenheim.fr/magazine/vivre-a-hoenheim-n30/index.html]
[www.ville-hoenheim.fr/category/services/communication/mag/page/7/index.html]
[www.ville-hoenheim.fr/wp-json/wp/v2/media/7062.json]
[www.ville-hoenheim.fr/wp-json/oembed/1.0/embeda1dd.json]
[www.ville-hoenheim.fr/wp-json/oembed/1.0/embedf238]
[www.ville-hoenheim.fr/wp-content/uploads/2021/09/20210906-Visite-du-DASDEN-dans-les-écoles_E8941.jpg]
[www.ville-hoenheim.fr/inaugurations-despaces-pedagogiques-et-tournee-des-ecoles-avec-le-dasen/20210906-visite-du-dasden-dans-les-ecoles_e8941/index.html]
[www.ville-hoenheim.fr/category/article_accueil/page/5/index.html]
[www.ville-hoenheim.fr/category/article_accueil/page/12/index.html]
[www.ville-hoenheim.fr/inaugurations-despaces-pedagogiques-et-tournee-des-ecoles-avec-le-dasen/20210906-visite-du-dasden-dans-les-ecoles_e8928/index.html]
[www.ville-hoenheim.fr/index9a43.html]
[www.ville-hoenheim.fr/wp-json/oembed/1.0/embedd717.json]
[www.ville-hoenheim.fr/wp-json/oembed/1.0/embedf7f3]
[www.ville-hoenheim.fr/category/article_accueil/page/6/index.html]
[www.ville-hoenheim.fr/category/article_accueil/page/11/index.html]
[www.ville-hoenheim.fr/event/reunion-des-quartiers-ried-et-grossmatt/index.html]
[www.ville-hoenheim.fr/index0dcc.html]
[www.ville-hoenheim.fr/indexec9d.html]
[www.ville-hoenheim.fr/index99f2.html]
[www.ville-hoenheim.fr/indexbee8.html]
[www.ville-hoenheim.fr/index5473.html]
[www.ville-hoenheim.fr/index951f.html]
[www.ville-hoenheim.fr/event/reunion-du-quartier-crecerelles-oiseaux/index.html]
[www.ville-hoenheim.fr/wp-json/oembed/1.0/embed0f86.json]
[www.ville-hoenheim.fr/wp-json/oembed/1.0/embed08b3]
[www.ville-hoenheim.fr/wp-content/uploads/2022/03/Couverture_N54-730x1024.jpg]
[www.ville-hoenheim.fr/wp-content/uploads/2022/03/VaH_N_54_PRINTEMPS_mar-2022_WEB2-1.pdf]
[www.ville-hoenheim.fr/magazine/vivre-a-hoenheim-n54/index.html]
[www.ville-hoenheim.fr/wp-json/oembed/1.0/embed4929.json]
[www.ville-hoenheim.fr/wp-json/oembed/1.0/embedcc78]
[www.ville-hoenheim.fr/wp-content/uploads/2021/12/Couverture-726x1024.png]
[www.ville-hoenheim.fr/wp-content/uploads/2021/12/VaH_N_53_HIVER_dec-2021_web.pdf]
[www.ville-hoenheim.fr/magazine/vivre-a-hoenheim-n53/index.html]
[www.ville-hoenheim.fr/wp-json/oembed/1.0/embed4cd9.json]
[www.ville-hoenheim.fr/wp-json/oembed/1.0/embed21dd]
[www.ville-hoenheim.fr/wp-content/uploads/2021/09/Couverture-N°52-725x1024.png]
[www.ville-hoenheim.fr/wp-content/uploads/2022/02/VaH_N_52_AUTOMNE_sept-2021-web.pdf]
[www.ville-hoenheim.fr/magazine/vivre-a-hoenheim-n52/index.html]
[www.ville-hoenheim.fr/wp-json/oembed/1.0/embede163.json]
[www.ville-hoenheim.fr/wp-json/oembed/1.0/embed74d6]
[www.ville-hoenheim.fr/wp-content/uploads/2021/06/Vivre-à-Hoenheim-51-727x1024.png]
[www.ville-hoenheim.fr/wp-content/uploads/2021/06/VaH_N_51_ETE_juin-2021_web-1.pdf]
[www.ville-hoenheim.fr/magazine/vivre-a-hoenheim-n51/index.html]
[www.ville-hoenheim.fr/wp-json/oembed/1.0/embedbc08.json]
[www.ville-hoenheim.fr/wp-json/oembed/1.0/embed2df7]
[www.ville-hoenheim.fr/wp-content/uploads/2021/03/Vivre-à-Hoenheim_50-725x1024.jpg]
[www.ville-hoenheim.fr/wp-content/uploads/2021/03/VaH_N_50_PRINTEMPS_mars-2021_web.pdf]
[www.ville-hoenheim.fr/magazine/vivre-a-hoenheim-n50/index.html]
[www.ville-hoenheim.fr/wp-content/uploads/2020/12/VaH_N_49_HIVER_decembre-2020_web-212x300.jpg]
[www.ville-hoenheim.fr/wp-content/uploads/2020/10/VaH_N_48_AUTOMNE_octobre_2020_web-212x300.jpg]
[www.ville-hoenheim.fr/wp-content/uploads/2020/07/VaH_N_47_juillet_2020-couv-213x300.jpg]
[www.ville-hoenheim.fr/wp-content/uploads/2019/12/couv_vivre_a_hoenheim_decembre_2019_Page_01-216x300.jpg]
[www.ville-hoenheim.fr/wp-content/uploads/2019/10/couv_vah_n_45-212x300.jpg]
[www.ville-hoenheim.fr/category/services/communication/mag/page/5/index.html]
[www.ville-hoenheim.fr/magazine/vivre-a-hoenheim-n49/index.html]
[www.ville-hoenheim.fr/magazine/vivre-a-hoenheim-n48/index.html]
[www.ville-hoenheim.fr/index5976.html]
[www.ville-hoenheim.fr/magazine/vivre-a-hoenheim-n47/index.html]
[www.ville-hoenheim.fr/index8569.html]
[www.ville-hoenheim.fr/magazine/vivre-a-hoenheim-n45/index.html]
[www.ville-hoenheim.fr/index18ee.html]
[www.ville-hoenheim.fr/indexe4db.html]
[www.ville-hoenheim.fr/indexec1b.html]
[www.ville-hoenheim.fr/magazine/vivre-a-hoenheim-n46/index.html]
[www.ville-hoenheim.fr/category/services/communication/mag/page/6/index.html]
[www.ville-hoenheim.fr/wp-json/oembed/1.0/embed32d5.json]
[www.ville-hoenheim.fr/wp-json/oembed/1.0/embed8892]
[www.ville-hoenheim.fr/wp-content/uploads/2016/12/Vivre-à-Hoenheim-34-couv.jpg]
[www.ville-hoenheim.fr/wp-content/uploads/2016/12/Vivre-à-Hoenheim-34.pdf]
[www.ville-hoenheim.fr/magazine/vivre-a-hoenheim-n34/index.html]
[www.ville-hoenheim.fr/wp-json/oembed/1.0/embed6965.json]
[www.ville-hoenheim.fr/wp-json/oembed/1.0/embedece9]
[www.ville-hoenheim.fr/wp-content/uploads/2016/10/Vivre-à-Hoenheim-n33couv.jpg]
[www.ville-hoenheim.fr/wp-content/uploads/2016/10/Vivre-à-Hoenheim-n33web2.pdf]
[www.ville-hoenheim.fr/magazine/vivre-a-hoenheim-n33/index.html]
[www.ville-hoenheim.fr/wp-json/oembed/1.0/embedd532.json]
[www.ville-hoenheim.fr/wp-json/oembed/1.0/embed3c01]
[www.ville-hoenheim.fr/wp-content/uploads/2016/06/couv32.jpg]
[www.ville-hoenheim.fr/wp-content/uploads/2016/06/vivreahoenheim32.pdf]
[www.ville-hoenheim.fr/magazine/vivre-a-hoenheim-n32/index.html]
[www.ville-hoenheim.fr/wp-json/oembed/1.0/embedf2ca.json]
[www.ville-hoenheim.fr/wp-json/oembed/1.0/embed9c88]
[www.ville-hoenheim.fr/wp-content/uploads/2016/04/couv31site.jpg]
[www.ville-hoenheim.fr/wp-content/uploads/2016/04/vivreahoenheim31site1.pdf]
[www.ville-hoenheim.fr/magazine/vivre-a-hoenheim-n31/index.html]
[www.ville-hoenheim.fr/wp-json/oembed/1.0/embeda770.json]
[www.ville-hoenheim.fr/wp-json/oembed/1.0/embed2419]
[www.ville-hoenheim.fr/wp-content/uploads/2015/12/couv30.jpg]
[www.ville-hoenheim.fr/magazine/vivre-a-hoenheim-n30/index.html]
[www.ville-hoenheim.fr/wp-content/uploads/2015/12/sitevah30.pdf]
[www.ville-hoenheim.fr/wp-content/uploads/2018/04/1ère-212x300.jpg]
[www.ville-hoenheim.fr/wp-content/uploads/2017/12/n38fontpserdu-211x300.jpg]
[www.ville-hoenheim.fr/wp-content/uploads/2017/10/Vivre-à-Hoenheim-n°37-webcouv-212x300.jpg]
[www.ville-hoenheim.fr/wp-content/uploads/2017/07/couv-212x300.jpg]
[www.ville-hoenheim.fr/wp-content/uploads/2017/04/Vivre-à-Hoenheim-couv-web-212x300.jpg]
[www.ville-hoenheim.fr/category/services/communication/mag/page/7/index.html]
[www.ville-hoenheim.fr/magazine/vivre-a-hoenheim-n39/index.html]
[www.ville-hoenheim.fr/indexff54.html]
[www.ville-hoenheim.fr/magazine/vivre-a-hoenheim-n38/index.html]
[www.ville-hoenheim.fr/magazine/vivre-a-hoenheim-n37/index.html]
[www.ville-hoenheim.fr/magazine/vivre-a-hoenheim-n36/index.html]
[www.ville-hoenheim.fr/magazine/vivre-a-hoenheim-n35/index.html]
[www.ville-hoenheim.fr/wp-json/wp/v2/media/7063.json]
[www.ville-hoenheim.fr/wp-json/oembed/1.0/embed65fb.json]
[www.ville-hoenheim.fr/wp-json/oembed/1.0/embede538]
[www.ville-hoenheim.fr/wp-content/uploads/2021/09/20210906-Visite-du-DASDEN-dans-les-écoles_E8928.jpg]
[www.ville-hoenheim.fr/inaugurations-despaces-pedagogiques-et-tournee-des-ecoles-avec-le-dasen/20210906-visite-du-dasden-dans-les-ecoles_e8928/index.html]
[www.ville-hoenheim.fr/category/article_accueil/page/6/index.html]
[www.ville-hoenheim.fr/wp-content/uploads/2020/11/commemoration-1000x443-pixB-300x133.jpg]
[www.ville-hoenheim.fr/wp-content/uploads/2020/11/ob_b8fd20_infographie-des-teleservices-illustrat-179x300.jpg]
[www.ville-hoenheim.fr/category/article_accueil/page/11/index.html]
[www.ville-hoenheim.fr/index8c7c.html]
[www.ville-hoenheim.fr/wp-json/oembed/1.0/embede8d2.json]
[www.ville-hoenheim.fr/wp-json/oembed/1.0/embed2dc6]
[www.ville-hoenheim.fr/category/article_accueil/page/7/index.html]
[www.ville-hoenheim.fr/inaugurations-despaces-pedagogiques-et-tournee-des-ecoles-avec-le-dasen/20210906-visite-du-dasden-dans-les-ecoles_e8924/index.html]
[www.ville-hoenheim.fr/category/article_accueil/page/10/index.html]
[www.ville-hoenheim.fr/event/reunion-du-quartier-crecerelles-oiseaux/index.html]
[www.ville-hoenheim.fr/indexc613.html]
[www.ville-hoenheim.fr/index062c.html]
[www.ville-hoenheim.fr/index92bf.html]
[www.ville-hoenheim.fr/index38b3.html]
[www.ville-hoenheim.fr/indexff46.html]
[www.ville-hoenheim.fr/wp-json/oembed/1.0/embedd9b5.json]
[www.ville-hoenheim.fr/event/collecte-de-sang/index.html]
[www.ville-hoenheim.fr/wp-json/oembed/1.0/embed2ef6]
[www.ville-hoenheim.fr/wp-content/uploads/2020/12/VaH_N_49_HIVER_decembre-2020_web-724x1024.jpg]
[www.ville-hoenheim.fr/wp-content/uploads/2020/12/VaH_N_49_HIVER_decembre-2020_web.pdf]
[www.ville-hoenheim.fr/magazine/vivre-a-hoenheim-n49/index.html]
[www.ville-hoenheim.fr/wp-json/oembed/1.0/embed077d.json]
[www.ville-hoenheim.fr/wp-json/oembed/1.0/embed4eb9]
[www.ville-hoenheim.fr/wp-content/uploads/2020/10/VaH_N_48_AUTOMNE_octobre_2020_web-724x1024.jpg]
[www.ville-hoenheim.fr/wp-content/uploads/2020/10/VaH_N_48_AUTOMNE_octobre_2020_web-2.pdf]
[www.ville-hoenheim.fr/magazine/vivre-a-hoenheim-n48/index.html]
[www.ville-hoenheim.fr/wp-json/oembed/1.0/embedbc86.json]
[www.ville-hoenheim.fr/wp-json/oembed/1.0/embed5147]
[www.ville-hoenheim.fr/wp-content/uploads/2020/07/VaH_N_47_juillet_2020-couv-726x1024.jpg]
[www.ville-hoenheim.fr/wp-content/uploads/2020/07/VaH_N_47_juillet_2020_S.pdf]
[www.ville-hoenheim.fr/magazine/vivre-a-hoenheim-n47/index.html]
[www.ville-hoenheim.fr/wp-json/oembed/1.0/embed041d.json]
[www.ville-hoenheim.fr/wp-json/oembed/1.0/embed14c9]
[www.ville-hoenheim.fr/wp-content/uploads/2019/12/couv_vivre_a_hoenheim_decembre_2019_Page_01-739x1024.jpg]
[www.ville-hoenheim.fr/wp-content/uploads/2019/12/bulletin_vivre_a_hoenheim_decembre_2019_web.pdf]
[www.ville-hoenheim.fr/magazine/vivre-a-hoenheim-n46/index.html]
[www.ville-hoenheim.fr/wp-json/oembed/1.0/embedfa7e.json]
[www.ville-hoenheim.fr/wp-json/oembed/1.0/embedc49c]
[www.ville-hoenheim.fr/wp-content/uploads/2019/10/couv_vah_n_45.jpg]
[www.ville-hoenheim.fr/wp-content/uploads/2019/10/vivre_a_hoenheim_octobre_2019_web.pdf]
[www.ville-hoenheim.fr/magazine/vivre-a-hoenheim-n45/index.html]
[www.ville-hoenheim.fr/wp-content/uploads/2019/07/Couv_Vivre_a_Hoenheim_44web-212x300.jpg]
[www.ville-hoenheim.fr/wp-content/uploads/2019/04/Page-couv-Vivre_a_Hoenheim_43_web-212x300.jpg]
[www.ville-hoenheim.fr/wp-content/uploads/2018/12/Couverture-Vivre_a_Hoenheim_42_web-212x300.jpg]
[www.ville-hoenheim.fr/magazine/vivre-a-hoenheim-n44/index.html]
[www.ville-hoenheim.fr/wp-content/uploads/2018/10/Page-couv41-212x300.jpg]
[www.ville-hoenheim.fr/wp-content/uploads/2018/07/n°40-couv-212x300.jpg]
[www.ville-hoenheim.fr/category/services/communication/mag/page/6/index.html]
[www.ville-hoenheim.fr/magazine/vivre-a-hoenheim-n43/index.html]
[www.ville-hoenheim.fr/index764f.html]
[www.ville-hoenheim.fr/magazine/vivre-a-hoenheim-n42/index.html]
[www.ville-hoenheim.fr/index0efe.html]
[www.ville-hoenheim.fr/index0dff.html]
[www.ville-hoenheim.fr/index4df4.html]
[www.ville-hoenheim.fr/index7254.html]
[www.ville-hoenheim.fr/magazine/vivre-a-hoenheim-n41/index.html]
[www.ville-hoenheim.fr/magazine/vivre-a-hoenheim-n40/index.html]
[www.ville-hoenheim.fr/wp-json/oembed/1.0/embedfc23.json]
[www.ville-hoenheim.fr/wp-json/oembed/1.0/embedff92]
[www.ville-hoenheim.fr/wp-content/uploads/2018/04/1ère-724x1024.jpg]
[www.ville-hoenheim.fr/wp-content/themes/hoenheim/img/39.pdf]
[www.ville-hoenheim.fr/magazine/vivre-a-hoenheim-n39/index.html]
[www.ville-hoenheim.fr/wp-json/oembed/1.0/embed61db.json]
[www.ville-hoenheim.fr/wp-json/oembed/1.0/embed1cd7]
[www.ville-hoenheim.fr/wp-content/uploads/2017/12/n38fontpserdu-721x1024.jpg]
[www.ville-hoenheim.fr/wp-content/themes/hoenheim/img/n38fontperdu.pdf]
[www.ville-hoenheim.fr/magazine/vivre-a-hoenheim-n38/index.html]
[www.ville-hoenheim.fr/wp-json/oembed/1.0/embed19c9.json]
[www.ville-hoenheim.fr/wp-json/oembed/1.0/embed3315]
[www.ville-hoenheim.fr/wp-content/uploads/2017/10/Vivre-à-Hoenheim-n°37-webcouv.jpg]
[www.ville-hoenheim.fr/wp-content/uploads/2017/10/Vivre-à-Hoenheim-n°37-web.pdf]
[www.ville-hoenheim.fr/magazine/vivre-a-hoenheim-n37/index.html]
[www.ville-hoenheim.fr/wp-json/oembed/1.0/embedcd6f.json]
[www.ville-hoenheim.fr/wp-json/oembed/1.0/embed232d]
[www.ville-hoenheim.fr/wp-content/uploads/2017/07/couv.jpg]
[www.ville-hoenheim.fr/wp-content/uploads/2017/07/Vivre-à-Hoenheim-36-web.pdf]
[www.ville-hoenheim.fr/magazine/vivre-a-hoenheim-n36/index.html]
[www.ville-hoenheim.fr/wp-json/oembed/1.0/embed98c5.json]
[www.ville-hoenheim.fr/wp-json/oembed/1.0/embedbd4b]
[www.ville-hoenheim.fr/wp-content/uploads/2017/04/Vivre-à-Hoenheim-couv-web.jpg]
[www.ville-hoenheim.fr/wp-content/uploads/2017/04/Vivre-à-Hoenheim-35web.pdf]
[www.ville-hoenheim.fr/magazine/vivre-a-hoenheim-n35/index.html]
[www.ville-hoenheim.fr/index938a.html]
[www.ville-hoenheim.fr/wp-json/wp/v2/media/7064.json]
[www.ville-hoenheim.fr/wp-json/oembed/1.0/embed869a.json]
[www.ville-hoenheim.fr/wp-json/oembed/1.0/embede8c1]
[www.ville-hoenheim.fr/inaugurations-despaces-pedagogiques-et-tournee-des-ecoles-avec-le-dasen/20210906-visite-du-dasden-dans-les-ecoles_e8924/index.html]
[www.ville-hoenheim.fr/wp-content/uploads/2021/09/20210906-Visite-du-DASDEN-dans-les-écoles_E8924.jpg]
[www.ville-hoenheim.fr/wp-content/uploads/2015/04/pêche-300x85.jpg]
[www.ville-hoenheim.fr/category/article_accueil/page/7/index.html]
[www.ville-hoenheim.fr/inaugurations-despaces-pedagogiques-et-tournee-des-ecoles-avec-le-dasen/20210906-visite-du-dasden-dans-les-ecoles_e8914/index.html]
[www.ville-hoenheim.fr/wp-content/uploads/2020/12/IMG_6237-300x225.jpg]
[www.ville-hoenheim.fr/category/article_accueil/page/8/index.html]
[www.ville-hoenheim.fr/category/article_accueil/page/10/index.html]
[www.ville-hoenheim.fr/index61c9.html]
[www.ville-hoenheim.fr/wp-json/oembed/1.0/embedbd1c.json]
[www.ville-hoenheim.fr/wp-json/oembed/1.0/embed9d3e]
[www.ville-hoenheim.fr/category/article_accueil/page/9/index.html]
[www.ville-hoenheim.fr/event/collecte-de-sang/index.html]
[www.ville-hoenheim.fr/wp-content/uploads/2022/12/1080x608_Visuel-RS_Twitter-Linkedin_Generique.png]
[www.ville-hoenheim.fr/index33bb.html]
[www.ville-hoenheim.fr/indexc1b5.html]
[www.ville-hoenheim.fr/index4cc5.html]
[www.ville-hoenheim.fr/index04fb.html]
[www.ville-hoenheim.fr/index466c.html]
[www.ville-hoenheim.fr/event/audition-eveil-musical/index.html]
[www.ville-hoenheim.fr/wp-json/oembed/1.0/embedbc47.json]
[www.ville-hoenheim.fr/wp-json/oembed/1.0/embed460a]
[www.ville-hoenheim.fr/wp-content/uploads/2019/07/Couv_Vivre_a_Hoenheim_44web-724x1024.jpg]
[www.ville-hoenheim.fr/wp-content/uploads/2019/07/Vivre_a_Hoenheim_44web-3.pdf]
[www.ville-hoenheim.fr/magazine/vivre-a-hoenheim-n44/index.html]
[www.ville-hoenheim.fr/wp-json/oembed/1.0/embed0da3.json]
[www.ville-hoenheim.fr/wp-json/oembed/1.0/embedbc7d]
[www.ville-hoenheim.fr/wp-content/uploads/2019/04/Page-couv-Vivre_a_Hoenheim_43_web-724x1024.jpg]
[www.ville-hoenheim.fr/wp-content/uploads/2019/04/Vivre_a_Hoenheim_43_web.pdf]
[www.ville-hoenheim.fr/magazine/vivre-a-hoenheim-n43/index.html]
[www.ville-hoenheim.fr/wp-json/oembed/1.0/embed1848.json]
[www.ville-hoenheim.fr/wp-json/oembed/1.0/embed130e]
[www.ville-hoenheim.fr/wp-content/uploads/2018/12/Couverture-Vivre_a_Hoenheim_42_web-724x1024.jpg]
[www.ville-hoenheim.fr/wp-content/uploads/2018/12/Vivre_a_Hoenheim_42_web.pdf]
[www.ville-hoenheim.fr/magazine/vivre-a-hoenheim-n42/index.html]
[www.ville-hoenheim.fr/wp-json/oembed/1.0/embed1fc5.json]
[www.ville-hoenheim.fr/wp-json/oembed/1.0/embedca87]
[www.ville-hoenheim.fr/wp-content/uploads/2018/10/Page-couv41.jpg]
[www.ville-hoenheim.fr/wp-content/uploads/2018/10/vivre_a_hoenheim_41.pdf]
[www.ville-hoenheim.fr/magazine/vivre-a-hoenheim-n41/index.html]
[www.ville-hoenheim.fr/wp-json/oembed/1.0/embed2947.json]
[www.ville-hoenheim.fr/wp-json/oembed/1.0/embed2661]
[www.ville-hoenheim.fr/wp-content/uploads/2018/07/n°40-couv.jpg]
[www.ville-hoenheim.fr/wp-content/uploads/2018/07/n°40-1.pdf]
[www.ville-hoenheim.fr/magazine/vivre-a-hoenheim-n40/index.html]
[www.ville-hoenheim.fr/index000a.html]
[www.ville-hoenheim.fr/index0c99.html]
[www.ville-hoenheim.fr/index4f03.html]
[www.ville-hoenheim.fr/index4730.html]
[www.ville-hoenheim.fr/indexa11d.html]
[www.ville-hoenheim.fr/indexd540.html]
[www.ville-hoenheim.fr/wp-json/wp/v2/media/7065.json]
[www.ville-hoenheim.fr/wp-json/oembed/1.0/embed3d99.json]
[www.ville-hoenheim.fr/wp-json/oembed/1.0/embed5302]
[www.ville-hoenheim.fr/wp-content/uploads/2021/09/20210906-Visite-du-DASDEN-dans-les-écoles_E8914.jpg]
[www.ville-hoenheim.fr/inaugurations-despaces-pedagogiques-et-tournee-des-ecoles-avec-le-dasen/20210906-visite-du-dasden-dans-les-ecoles_e8914/index.html]
[www.ville-hoenheim.fr/category/article_accueil/page/8/index.html]
[www.ville-hoenheim.fr/category/article_accueil/page/9/index.html]
[www.ville-hoenheim.fr/index29f9.html]
[www.ville-hoenheim.fr/wp-json/oembed/1.0/embed45d6.json]
[www.ville-hoenheim.fr/wp-json/oembed/1.0/embedd49d]
[www.ville-hoenheim.fr/inaugurations-despaces-pedagogiques-et-tournee-des-ecoles-avec-le-dasen/20210906-visite-du-dasden-dans-les-ecoles_e8911/index.html]
[www.ville-hoenheim.fr/event/audition-eveil-musical/index.html]
[www.ville-hoenheim.fr/indexf743.html]
[www.ville-hoenheim.fr/index1fd4.html]
[www.ville-hoenheim.fr/index38f0.html]
[www.ville-hoenheim.fr/index8ba5.html]
[www.ville-hoenheim.fr/indexdc9d.html]
[www.ville-hoenheim.fr/index9370.html]
[www.ville-hoenheim.fr/wp-content/uploads/2018/06/93-webedia-musique-news-937-802-c097dc727686a0133004d547f9-quel-instrument-de-musique-est-fait-pour-vous-1375327-pas]
[www.ville-hoenheim.fr/wp-json/wp/v2/media/7066.json]
[www.ville-hoenheim.fr/event/audition-de-fin-dannee/index.html]
[www.ville-hoenheim.fr/wp-json/oembed/1.0/embed59db.json]
[www.ville-hoenheim.fr/wp-json/oembed/1.0/embed4ceb]
[www.ville-hoenheim.fr/inaugurations-despaces-pedagogiques-et-tournee-des-ecoles-avec-le-dasen/20210906-visite-du-dasden-dans-les-ecoles_e8911/index.html]
[www.ville-hoenheim.fr/wp-content/uploads/2021/09/20210906-Visite-du-DASDEN-dans-les-écoles_E8911.jpg]
[www.ville-hoenheim.fr/index1cab.html]
[www.ville-hoenheim.fr/wp-json/oembed/1.0/embed2728.json]
[www.ville-hoenheim.fr/wp-json/oembed/1.0/embed4fa3]
[www.ville-hoenheim.fr/inaugurations-despaces-pedagogiques-et-tournee-des-ecoles-avec-le-dasen/20210906-visite-du-dasden-dans-les-ecoles_e8818/index.html]
[www.ville-hoenheim.fr/event/audition-de-fin-dannee/index.html]
[www.ville-hoenheim.fr/indexd9a5.html]
[www.ville-hoenheim.fr/wp-json/wp/v2/media/7067.json]
[www.ville-hoenheim.fr/event/reunion-du-quartier-ouest/index.html]
[www.ville-hoenheim.fr/wp-json/oembed/1.0/embed3e45.json]
[www.ville-hoenheim.fr/wp-json/oembed/1.0/embed28a0]
[www.ville-hoenheim.fr/wp-content/uploads/2021/09/20210906-Visite-du-DASDEN-dans-les-écoles_E8818.jpg]
[www.ville-hoenheim.fr/inaugurations-despaces-pedagogiques-et-tournee-des-ecoles-avec-le-dasen/20210906-visite-du-dasden-dans-les-ecoles_e8818/index.html]
[www.ville-hoenheim.fr/indexc25d.html]
[www.ville-hoenheim.fr/wp-json/oembed/1.0/embed7a66.json]
[www.ville-hoenheim.fr/wp-json/oembed/1.0/embed5d04]
[www.ville-hoenheim.fr/inaugurations-despaces-pedagogiques-et-tournee-des-ecoles-avec-le-dasen/20210906-visite-du-dasden-dans-les-ecoles_8954/index.html]
[www.ville-hoenheim.fr/event/reunion-du-quartier-ouest/index.html]
[www.ville-hoenheim.fr/index8e87.html]
[www.ville-hoenheim.fr/wp-json/wp/v2/media/7068.json]
[www.ville-hoenheim.fr/event/reunion-du-quartier-centre-ancien/index.html]
[www.ville-hoenheim.fr/wp-json/oembed/1.0/embed4ea6.json]
[www.ville-hoenheim.fr/wp-json/oembed/1.0/embed1fc5]
[www.ville-hoenheim.fr/wp-content/uploads/2021/09/20210906-Visite-du-DASDEN-dans-les-écoles_8954.jpg]
[www.ville-hoenheim.fr/inaugurations-despaces-pedagogiques-et-tournee-des-ecoles-avec-le-dasen/20210906-visite-du-dasden-dans-les-ecoles_8954/index.html]
[www.ville-hoenheim.fr/index88dd.html]
[www.ville-hoenheim.fr/wp-json/oembed/1.0/embed6f1c.json]
[www.ville-hoenheim.fr/wp-json/oembed/1.0/embed5ef0]
[www.ville-hoenheim.fr/inaugurations-despaces-pedagogiques-et-tournee-des-ecoles-avec-le-dasen/20210906-visite-du-dasden-dans-les-ecoles_8953/index.html]
[www.ville-hoenheim.fr/event/reunion-du-quartier-centre-ancien/index.html]
[www.ville-hoenheim.fr/index541a.html]
[www.ville-hoenheim.fr/wp-json/wp/v2/media/7069.json]
[www.ville-hoenheim.fr/event/fete-de-la-musique-le-20-juin/index.html]
[www.ville-hoenheim.fr/wp-json/oembed/1.0/embede67f.json]
[www.ville-hoenheim.fr/wp-json/oembed/1.0/embedcc16]
[www.ville-hoenheim.fr/inaugurations-despaces-pedagogiques-et-tournee-des-ecoles-avec-le-dasen/20210906-visite-du-dasden-dans-les-ecoles_8953/index.html]
[www.ville-hoenheim.fr/wp-content/uploads/2021/09/20210906-Visite-du-DASDEN-dans-les-écoles_8953.jpg]
[www.ville-hoenheim.fr/index6d57.html]
[www.ville-hoenheim.fr/wp-json/oembed/1.0/embedfd17.json]
[www.ville-hoenheim.fr/wp-json/oembed/1.0/embed96f3]
[www.ville-hoenheim.fr/inaugurations-despaces-pedagogiques-et-tournee-des-ecoles-avec-le-dasen/20210906-visite-du-dasden-dans-les-ecoles_8952/index.html]
[www.ville-hoenheim.fr/wp-content/uploads/2026/03/2026_affiche-FDM.jpg]
[www.ville-hoenheim.fr/event/fete-de-la-musique-le-20-juin/index.html]
[www.ville-hoenheim.fr/index9533.html]
[www.ville-hoenheim.fr/event/forum-des-associations-2/index.html]
[www.ville-hoenheim.fr/wp-json/wp/v2/media/7070.json]
[www.ville-hoenheim.fr/wp-json/oembed/1.0/embeda75d.json]
[www.ville-hoenheim.fr/wp-json/oembed/1.0/embed9beb]
[www.ville-hoenheim.fr/wp-content/uploads/2021/09/20210906-Visite-du-DASDEN-dans-les-écoles_8952.jpg]
[www.ville-hoenheim.fr/inaugurations-despaces-pedagogiques-et-tournee-des-ecoles-avec-le-dasen/20210906-visite-du-dasden-dans-les-ecoles_8952/index.html]
[www.ville-hoenheim.fr/index58c9.html]
[www.ville-hoenheim.fr/wp-json/oembed/1.0/embed8427.json]
[www.ville-hoenheim.fr/wp-json/oembed/1.0/embed9940]
[www.ville-hoenheim.fr/inaugurations-despaces-pedagogiques-et-tournee-des-ecoles-avec-le-dasen/20210906-visite-du-dasden-dans-les-ecoles_8951/index.html]
[www.ville-hoenheim.fr/event/forum-des-associations-2/index.html]
[www.ville-hoenheim.fr/wp-content/uploads/2026/05/2026_Forum-associations-maintenu.jpg]
[www.ville-hoenheim.fr/index9df5.html]
[www.ville-hoenheim.fr/event/tournoi-de-petanque/index.html]
[www.ville-hoenheim.fr/events/categorie/sport/index.html]
[www.ville-hoenheim.fr/wp-json/wp/v2/media/7071.json]
[www.ville-hoenheim.fr/wp-json/oembed/1.0/embed761f.json]
[www.ville-hoenheim.fr/wp-json/oembed/1.0/embed8717]
[www.ville-hoenheim.fr/wp-content/uploads/2021/09/20210906-Visite-du-DASDEN-dans-les-écoles_8951.jpg]
[www.ville-hoenheim.fr/inaugurations-despaces-pedagogiques-et-tournee-des-ecoles-avec-le-dasen/20210906-visite-du-dasden-dans-les-ecoles_8951/index.html]
[www.ville-hoenheim.fr/indexc54d.html]
[www.ville-hoenheim.fr/wp-json/oembed/1.0/embede9cb.json]
[www.ville-hoenheim.fr/wp-json/oembed/1.0/embed3a76]
[www.ville-hoenheim.fr/inaugurations-despaces-pedagogiques-et-tournee-des-ecoles-avec-le-dasen/20210906-visite-du-dasden-dans-les-ecoles_8950/index.html]
[www.ville-hoenheim.fr/event/tournoi-de-petanque/index.html]
[www.ville-hoenheim.fr/wp-content/uploads/2026/03/20260614_Tournoi-petanque.jpg]
[www.ville-hoenheim.fr/events/categorie/sport/index.html]
[www.ville-hoenheim.fr/index0869.html]
[www.ville-hoenheim.fr/event/concert-des-quatre-elements-vendredi-12-juin-a-20h30/index.html]
[www.ville-hoenheim.fr/events/categorie/sport/liste/index.html]
[www.ville-hoenheim.fr/events/categorie/sport/feed/index.html]
[www.ville-hoenheim.fr/wp-json/wp/v2/media/7072.json]
[www.ville-hoenheim.fr/wp-json/oembed/1.0/embed2bde.json]
[www.ville-hoenheim.fr/wp-json/oembed/1.0/embed0982]
[www.ville-hoenheim.fr/inaugurations-despaces-pedagogiques-et-tournee-des-ecoles-avec-le-dasen/20210906-visite-du-dasden-dans-les-ecoles_8950/index.html]
[www.ville-hoenheim.fr/wp-content/uploads/2021/09/20210906-Visite-du-DASDEN-dans-les-écoles_8950.jpg]
[www.ville-hoenheim.fr/indexa8b1.html]
[www.ville-hoenheim.fr/wp-json/oembed/1.0/embed65b4.json]
[www.ville-hoenheim.fr/wp-json/oembed/1.0/embed3588]
[www.ville-hoenheim.fr/inaugurations-despaces-pedagogiques-et-tournee-des-ecoles-avec-le-dasen/20210906-visite-du-dasden-dans-les-ecoles_8875/index.html]
[www.ville-hoenheim.fr/wp-content/uploads/2026/05/20260612_Affiche_concert-musiqueenfants.png]
[www.ville-hoenheim.fr/event/concert-des-quatre-elements-vendredi-12-juin-a-20h30/index.html]
[www.ville-hoenheim.fr/events/categorie/sport/liste/index.html]
[www.ville-hoenheim.fr/index49f8.html]
[www.ville-hoenheim.fr/event/spectacle-mon-eldorado-par-la-troupe-les-voix-loups/index.html]
[www.ville-hoenheim.fr/wp-json/wp/v2/media/7073.json]
[www.ville-hoenheim.fr/wp-json/oembed/1.0/embed7096.json]
[www.ville-hoenheim.fr/wp-json/oembed/1.0/embed6d6b]
[www.ville-hoenheim.fr/inaugurations-despaces-pedagogiques-et-tournee-des-ecoles-avec-le-dasen/20210906-visite-du-dasden-dans-les-ecoles_8875/index.html]
[www.ville-hoenheim.fr/wp-content/uploads/2021/09/20210906-Visite-du-DASDEN-dans-les-écoles_8875.jpg]
[www.ville-hoenheim.fr/index6e9c.html]
[www.ville-hoenheim.fr/wp-json/oembed/1.0/embed701e.json]
[www.ville-hoenheim.fr/wp-json/oembed/1.0/embed8ab5]
[www.ville-hoenheim.fr/inaugurations-despaces-pedagogiques-et-tournee-des-ecoles-avec-le-dasen/20210906-visite-du-dasden-dans-les-ecoles_8868/index.html]
[www.ville-hoenheim.fr/event/spectacle-mon-eldorado-par-la-troupe-les-voix-loups/index.html]
[www.ville-hoenheim.fr/wp-content/uploads/2026/04/20260606_Eldorado.jpg]
[www.ville-hoenheim.fr/index15e9.html]
[www.ville-hoenheim.fr/event/kaffekranzel-le-3-juin/index.html]
[www.ville-hoenheim.fr/wp-json/wp/v2/media/7074.json]
[www.ville-hoenheim.fr/wp-json/oembed/1.0/embede224.json]
[www.ville-hoenheim.fr/wp-json/oembed/1.0/embed37a7]
[www.ville-hoenheim.fr/wp-content/uploads/2021/09/20210906-Visite-du-DASDEN-dans-les-écoles_8868.jpg]
[www.ville-hoenheim.fr/inaugurations-despaces-pedagogiques-et-tournee-des-ecoles-avec-le-dasen/20210906-visite-du-dasden-dans-les-ecoles_8868/index.html]
[www.ville-hoenheim.fr/indexd5bd.html]
[www.ville-hoenheim.fr/wp-json/oembed/1.0/embed1851.json]
[www.ville-hoenheim.fr/wp-json/oembed/1.0/embed229f]
[www.ville-hoenheim.fr/inaugurations-despaces-pedagogiques-et-tournee-des-ecoles-avec-le-dasen/20210906-visite-du-dasden-dans-les-ecoles_8865/index.html]
[www.ville-hoenheim.fr/event/kaffekranzel-le-3-juin/index.html]
[www.ville-hoenheim.fr/indexae13.html]
[www.ville-hoenheim.fr/wp-json/wp/v2/media/7075.json]
[www.ville-hoenheim.fr/event/cinema-cocorico-2/index.html]
[www.ville-hoenheim.fr/wp-json/oembed/1.0/embedeae2.json]
[www.ville-hoenheim.fr/wp-json/oembed/1.0/embed0f7d]
[www.ville-hoenheim.fr/wp-content/uploads/2021/09/20210906-Visite-du-DASDEN-dans-les-écoles_8865.jpg]
[www.ville-hoenheim.fr/inaugurations-despaces-pedagogiques-et-tournee-des-ecoles-avec-le-dasen/20210906-visite-du-dasden-dans-les-ecoles_8865/index.html]
[www.ville-hoenheim.fr/indexc007.html]
[www.ville-hoenheim.fr/wp-json/oembed/1.0/embed027b.json]
[www.ville-hoenheim.fr/wp-json/oembed/1.0/embede9b6]
[www.ville-hoenheim.fr/inaugurations-despaces-pedagogiques-et-tournee-des-ecoles-avec-le-dasen/20210906-visite-du-dasden-dans-les-ecoles_8861/index.html]
[www.ville-hoenheim.fr/event/cinema-cocorico-2/index.html]
[www.ville-hoenheim.fr/wp-content/uploads/2026/02/20260622_cocorico2.jpg]
[www.ville-hoenheim.fr/indexd87d.html]
[www.ville-hoenheim.fr/event/inscriptions-a-lecole-de-musique/index.html]
[www.ville-hoenheim.fr/wp-json/wp/v2/media/7076.json]
[www.ville-hoenheim.fr/wp-json/oembed/1.0/embed9cca.json]
[www.ville-hoenheim.fr/wp-json/oembed/1.0/embed05db]
[www.ville-hoenheim.fr/inaugurations-despaces-pedagogiques-et-tournee-des-ecoles-avec-le-dasen/20210906-visite-du-dasden-dans-les-ecoles_8861/index.html]
[www.ville-hoenheim.fr/wp-content/uploads/2021/09/20210906-Visite-du-DASDEN-dans-les-écoles_8861.jpg]
[www.ville-hoenheim.fr/indexac28.html]
[www.ville-hoenheim.fr/wp-json/oembed/1.0/embed71e9.json]
[www.ville-hoenheim.fr/wp-json/oembed/1.0/embedb8cf]
[www.ville-hoenheim.fr/inaugurations-despaces-pedagogiques-et-tournee-des-ecoles-avec-le-dasen/20210906-visite-du-dasden-dans-les-ecoles_8858/index.html]
[www.ville-hoenheim.fr/event/inscriptions-a-lecole-de-musique/index.html]
[www.ville-hoenheim.fr/indexfc06.html]
[www.ville-hoenheim.fr/wp-json/wp/v2/media/7077.json]
[www.ville-hoenheim.fr/event/fete-du-velo/index.html]
[www.ville-hoenheim.fr/events/categorie/affaires-scolaires-et-garderies/index.html]
[www.ville-hoenheim.fr/wp-json/oembed/1.0/embed4a95.json]
[www.ville-hoenheim.fr/wp-json/oembed/1.0/embedc609]
[www.ville-hoenheim.fr/wp-content/uploads/2021/09/20210906-Visite-du-DASDEN-dans-les-écoles_8858.jpg]
[www.ville-hoenheim.fr/inaugurations-despaces-pedagogiques-et-tournee-des-ecoles-avec-le-dasen/20210906-visite-du-dasden-dans-les-ecoles_8858/index.html]
[www.ville-hoenheim.fr/index8555.html]
[www.ville-hoenheim.fr/wp-json/oembed/1.0/embedc410.json]
[www.ville-hoenheim.fr/wp-json/oembed/1.0/embedc536]
[www.ville-hoenheim.fr/inaugurations-despaces-pedagogiques-et-tournee-des-ecoles-avec-le-dasen/20210906-visite-du-dasden-dans-les-ecoles_8854/index.html]
[www.ville-hoenheim.fr/event/fete-du-velo/index.html]
[www.ville-hoenheim.fr/wp-content/uploads/2025/04/20260530_affiche-fete-velo.jpg]
[www.ville-hoenheim.fr/events/categorie/affaires-scolaires-et-garderies/index.html]
[www.ville-hoenheim.fr/event/audition-multi-instruments-de-lecole-de-musique/index.html]
[www.ville-hoenheim.fr/index27b7.html]
[www.ville-hoenheim.fr/events/categorie/affaires-scolaires-et-garderies/liste/index.html]
[www.ville-hoenheim.fr/events/categorie/affaires-scolaires-et-garderies/feed/index.html]
[www.ville-hoenheim.fr/wp-json/wp/v2/media/7078.json]
[www.ville-hoenheim.fr/wp-json/oembed/1.0/embed99b8.json]
[www.ville-hoenheim.fr/wp-json/oembed/1.0/embed3d8a]
[www.ville-hoenheim.fr/inaugurations-despaces-pedagogiques-et-tournee-des-ecoles-avec-le-dasen/20210906-visite-du-dasden-dans-les-ecoles_8854/index.html]
[www.ville-hoenheim.fr/wp-content/uploads/2021/09/20210906-Visite-du-DASDEN-dans-les-écoles_8854.jpg]
[www.ville-hoenheim.fr/index0c14.html]
[www.ville-hoenheim.fr/wp-json/oembed/1.0/embed97aa.json]
[www.ville-hoenheim.fr/wp-json/oembed/1.0/embedde29]
[www.ville-hoenheim.fr/inaugurations-despaces-pedagogiques-et-tournee-des-ecoles-avec-le-dasen/20210906-visite-du-dasden-dans-les-ecoles_8852/index.html]
[www.ville-hoenheim.fr/event/audition-multi-instruments-de-lecole-de-musique/index.html]
[www.ville-hoenheim.fr/events/categorie/affaires-scolaires-et-garderies/liste/index.html]
[www.ville-hoenheim.fr/indexd1c9.html]
[www.ville-hoenheim.fr/event/kaffekranzel-le-20-mai/index.html]
[www.ville-hoenheim.fr/wp-json/wp/v2/media/7079.json]
[www.ville-hoenheim.fr/wp-json/oembed/1.0/embedc840.json]
[www.ville-hoenheim.fr/wp-json/oembed/1.0/embed19c3]
[www.ville-hoenheim.fr/wp-content/uploads/2021/09/20210906-Visite-du-DASDEN-dans-les-écoles_8852.jpg]
[www.ville-hoenheim.fr/inaugurations-despaces-pedagogiques-et-tournee-des-ecoles-avec-le-dasen/20210906-visite-du-dasden-dans-les-ecoles_8852/index.html]
[www.ville-hoenheim.fr/index7dcf.html]
[www.ville-hoenheim.fr/wp-json/oembed/1.0/embedc35f.json]
[www.ville-hoenheim.fr/wp-json/oembed/1.0/embedf80c]
[www.ville-hoenheim.fr/event/kaffekranzel-le-20-mai/index.html]
[www.ville-hoenheim.fr/index4d3c.html]
[www.ville-hoenheim.fr/index29c1.html]
[www.ville-hoenheim.fr/wp-json/oembed/1.0/embed0ce2.json]
[www.ville-hoenheim.fr/wp-json/oembed/1.0/embed3011]
[www.ville-hoenheim.fr/event/commemoration-du-8-mai/index.html]
[www.ville-hoenheim.fr/wp-content/uploads/2017/04/8-mai.jpg]
[www.ville-hoenheim.fr/event/commemoration-du-8-mai/index.html]
[www.ville-hoenheim.fr/index739b.html]
[www.ville-hoenheim.fr/wp-json/oembed/1.0/embedd014.json]
[www.ville-hoenheim.fr/wp-json/oembed/1.0/embed9953]
[www.ville-hoenheim.fr/event/kaffekranzel-le-5-mai/index.html]
[www.ville-hoenheim.fr/event/kaffekranzel-le-5-mai/index.html]
[www.ville-hoenheim.fr/index18b4.html]
[www.ville-hoenheim.fr/wp-json/oembed/1.0/embed0538.json]
[www.ville-hoenheim.fr/wp-json/oembed/1.0/embedc5bf]
[www.ville-hoenheim.fr/event/oschterputz-2026-grand-nettoyage-de-hoenheim/index.html]
[www.ville-hoenheim.fr/event/oschterputz-2026-grand-nettoyage-de-hoenheim/index.html]
[www.ville-hoenheim.fr/wp-content/uploads/2026/04/20260503-nettoyage-ban.jpg]
[www.ville-hoenheim.fr/indexc0bc.html]
[www.ville-hoenheim.fr/wp-json/oembed/1.0/embedef36.json]
[www.ville-hoenheim.fr/wp-json/oembed/1.0/embed0384]
[www.ville-hoenheim.fr/event/marche-aux-fleurs/index.html]
[www.ville-hoenheim.fr/events/categorie/environnement/index.html]
[www.ville-hoenheim.fr/wp-content/uploads/2024/03/20260502_Fete-geranuim.jpg]
[www.ville-hoenheim.fr/wp-content/uploads/2026/03/Bon-de-commande_geranium2026.pdf]
[www.ville-hoenheim.fr/event/marche-aux-fleurs/index.html]
[www.ville-hoenheim.fr/events/categorie/environnement/index.html]
[www.ville-hoenheim.fr/event/printemps-des-poetes-a-hoenheim/index.html]
[www.ville-hoenheim.fr/index069c.html]
[www.ville-hoenheim.fr/events/categorie/environnement/liste/index.html]
[www.ville-hoenheim.fr/wp-json/oembed/1.0/embed8d54.json]
[www.ville-hoenheim.fr/wp-json/oembed/1.0/embed225d]
[www.ville-hoenheim.fr/events/categorie/environnement/feed/index.html]
[www.ville-hoenheim.fr/event/printemps-des-poetes-a-hoenheim/index.html]
[www.ville-hoenheim.fr/wp-content/uploads/2025/02/20260425-30_printemps-poetes.jpg]
[www.ville-hoenheim.fr/events/categorie/environnement/liste/index.html]
[www.ville-hoenheim.fr/indexaa98.html]
[www.ville-hoenheim.fr/wp-json/oembed/1.0/embed2589.json]
[www.ville-hoenheim.fr/wp-json/oembed/1.0/embeda2c2]
[www.ville-hoenheim.fr/event/cabaret-la-budig-sfangt-an-quand-cest-fini/index.html]
[www.ville-hoenheim.fr/event/cabaret-la-budig-sfangt-an-quand-cest-fini/index.html]
[www.ville-hoenheim.fr/wp-content/uploads/2026/02/20260417_Budig.jpg]
[www.ville-hoenheim.fr/indexccde.html]
[www.ville-hoenheim.fr/wp-json/oembed/1.0/embed6aaf.json]
[www.ville-hoenheim.fr/wp-json/oembed/1.0/embed383e]
[www.ville-hoenheim.fr/event/bourse-aux-jouets-et-articles-de-puericulture-2/index.html]
[www.ville-hoenheim.fr/wp-content/uploads/2025/01/20260412_Bourse-aux-jouets-et-puericulture.jpg]
[www.ville-hoenheim.fr/event/bourse-aux-jouets-et-articles-de-puericulture-2/index.html]
[www.ville-hoenheim.fr/indexcafe.html]
[www.ville-hoenheim.fr/wp-json/oembed/1.0/embedda36.json]
[www.ville-hoenheim.fr/wp-json/oembed/1.0/embed932a]
[www.ville-hoenheim.fr/event/exposition-koug-visages-contemporains-du-moule-a-kougelhopf/index.html]
[www.ville-hoenheim.fr/event/exposition-koug-visages-contemporains-du-moule-a-kougelhopf/index.html]
[www.ville-hoenheim.fr/wp-content/uploads/2026/04/Circuits-courts-Koug-Affiche-scaled.jpg]
[www.ville-hoenheim.fr/indexf70f.html]
[www.ville-hoenheim.fr/wp-json/oembed/1.0/embed54f8.json]
[www.ville-hoenheim.fr/wp-json/oembed/1.0/embedb5b7]
[www.ville-hoenheim.fr/event/concert-des-professeurs-de-lecole-municipale-de-musique/index.html]
[www.ville-hoenheim.fr/events/categorie/eurometropole/index.html]
[www.ville-hoenheim.fr/event/concert-des-professeurs-de-lecole-municipale-de-musique/index.html]
[www.ville-hoenheim.fr/wp-content/uploads/2025/02/20260328_CONCERT-profs.jpg]
[www.ville-hoenheim.fr/events/categorie/eurometropole/index.html]
[www.ville-hoenheim.fr/index1991.html]
[www.ville-hoenheim.fr/event/chasse-aux-oeufs-2/index.html]
[www.ville-hoenheim.fr/wp-json/oembed/1.0/embedbe5d.json]
[www.ville-hoenheim.fr/wp-json/oembed/1.0/embed6db6]
[www.ville-hoenheim.fr/events/categorie/eurometropole/liste/index.html]
[www.ville-hoenheim.fr/events/categorie/eurometropole/feed/index.html]
[www.ville-hoenheim.fr/event/chasse-aux-oeufs-2/index.html]
[www.ville-hoenheim.fr/wp-content/uploads/2026/02/202600328-AFFICHE-CHASSE-AUX-OEUFS_complet.jpg]
[www.ville-hoenheim.fr/events/categorie/eurometropole/liste/index.html]
[www.ville-hoenheim.fr/index723d.html]
[www.ville-hoenheim.fr/wp-json/oembed/1.0/embed3f4d.json]
[www.ville-hoenheim.fr/wp-json/oembed/1.0/embed19e7]
[www.ville-hoenheim.fr/event/ateliers-creatifs-floraux-pour-paques/index.html]
[www.ville-hoenheim.fr/event/ateliers-creatifs-floraux-pour-paques/index.html]
[www.ville-hoenheim.fr/wp-content/uploads/2020/01/bricolage_paques_web-e1578993232852.jpg]
[www.ville-hoenheim.fr/index2133.html]
[www.ville-hoenheim.fr/wp-json/oembed/1.0/embeddaa1.json]
[www.ville-hoenheim.fr/wp-json/oembed/1.0/embed4118]
[www.ville-hoenheim.fr/event/garderie-programme-des-vacances-de-printemps/index.html]
[www.ville-hoenheim.fr/wp-content/uploads/2026/03/2026_Garderie-vacances-printemps-affiche.jpg]
[www.ville-hoenheim.fr/wp-content/uploads/2024/03/2026_Garderie-vacances-printemps.pdf]
[www.ville-hoenheim.fr/event/garderie-programme-des-vacances-de-printemps/index.html]
[www.ville-hoenheim.fr/indexea8b.html]
[www.ville-hoenheim.fr/wp-json/oembed/1.0/embed7a77.json]
[www.ville-hoenheim.fr/wp-json/oembed/1.0/embed37ac]
[www.ville-hoenheim.fr/event/reunion-publique-de-la-commission-de-controle-des-listes-electorales/index.html]
[www.ville-hoenheim.fr/event/reunion-publique-de-la-commission-de-controle-des-listes-electorales/index.html]
[www.ville-hoenheim.fr/wp-content/uploads/2023/11/verification-liste.jpg]
[www.ville-hoenheim.fr/index4913.html]
[www.ville-hoenheim.fr/wp-json/oembed/1.0/embed9178.json]
[www.ville-hoenheim.fr/wp-json/oembed/1.0/embeda693]
[www.ville-hoenheim.fr/event/garderie-programme-des-vacances-dhiver/index.html]
[www.ville-hoenheim.fr/wp-content/uploads/2024/01/2026_Garderie-vacances-fevrier.jpg]
[www.ville-hoenheim.fr/wp-content/uploads/2024/01/2026_Garderie-vacances-fevrier.pdf]
[www.ville-hoenheim.fr/event/garderie-programme-des-vacances-dhiver/index.html]
[www.ville-hoenheim.fr/index82cf.html]
[www.ville-hoenheim.fr/wp-json/oembed/1.0/embedb4f3.json]
[www.ville-hoenheim.fr/wp-json/oembed/1.0/embed3ddf]
[www.ville-hoenheim.fr/event/inscriptions-scolaires-2026/index.html]
[www.ville-hoenheim.fr/wp-content/uploads/2026/01/2026_affiche-inscriptions-scolaireOK.jpg]
[www.ville-hoenheim.fr/wp-content/uploads/2026/01/INSCRIPTION-ECOLE-2026-2027.pdf]
[www.ville-hoenheim.fr/event/inscriptions-scolaires-2026/index.html]
[www.ville-hoenheim.fr/index7194.html]
[www.ville-hoenheim.fr/wp-json/oembed/1.0/embed1736.json]
[www.ville-hoenheim.fr/wp-json/oembed/1.0/embed061d]
[www.ville-hoenheim.fr/event/notre-dame-de-paris-la-comedie-musicale/index.html]
[www.ville-hoenheim.fr/wp-content/uploads/2025/12/20260124_Notre-dame-Paris-.jpg]
[www.ville-hoenheim.fr/wp-content/uploads/2025/12/25-09-12-LIvret-ECHO-2_250916_210104.pdf]
[www.ville-hoenheim.fr/event/notre-dame-de-paris-la-comedie-musicale/index.html]
[www.ville-hoenheim.fr/index02f6.html]
[www.ville-hoenheim.fr/wp-json/oembed/1.0/embedae58.json]
[www.ville-hoenheim.fr/wp-json/oembed/1.0/embed15d4]
[www.ville-hoenheim.fr/event/ramassage-de-sapins-2/index.html]
[www.ville-hoenheim.fr/event/ramassage-de-sapins-2/index.html]
[www.ville-hoenheim.fr/wp-content/uploads/2024/12/20260124-Ramassage-de-sapins-affiche.jpg]
[www.ville-hoenheim.fr/index5161.html]
[www.ville-hoenheim.fr/wp-json/oembed/1.0/embed8123.json]
[www.ville-hoenheim.fr/wp-json/oembed/1.0/embed057e]
[www.ville-hoenheim.fr/event/recensement-de-la-population-du-15-janvier-au-21-fevrier/index.html]
[www.ville-hoenheim.fr/event/recensement-de-la-population-du-15-janvier-au-21-fevrier/index.html]
[www.ville-hoenheim.fr/wp-content/uploads/2023/12/header-desktop-logo.png]
[www.ville-hoenheim.fr/indexc6b4.html]
[www.ville-hoenheim.fr/wp-json/oembed/1.0/embed5d27.json]
[www.ville-hoenheim.fr/wp-json/oembed/1.0/embedf4f8]
[www.ville-hoenheim.fr/event/ceremonie-des-voeux-du-maire/index.html]
[www.ville-hoenheim.fr/events/categorie/etat-civil/index.html]
[www.ville-hoenheim.fr/event/ceremonie-des-voeux-du-maire/index.html]
[www.ville-hoenheim.fr/wp-content/uploads/2024/12/20260111_ceremonie-Voeux.jpg]
[www.ville-hoenheim.fr/events/categorie/etat-civil/index.html]
[www.ville-hoenheim.fr/index0d27.html]
[www.ville-hoenheim.fr/event/saint-sylvestre-parking-hoenheim-gare-gratuit-et-surveille/index.html]
[www.ville-hoenheim.fr/wp-json/oembed/1.0/embed5c01.json]
[www.ville-hoenheim.fr/wp-json/oembed/1.0/embedd0b3]
[www.ville-hoenheim.fr/events/categorie/etat-civil/feed/index.html]
[www.ville-hoenheim.fr/events/categorie/etat-civil/liste/index.html]
[www.ville-hoenheim.fr/wp-content/uploads/2021/12/min_prevention-stationnement.jpg]
[www.ville-hoenheim.fr/event/saint-sylvestre-parking-hoenheim-gare-gratuit-et-surveille/index.html]
[www.ville-hoenheim.fr/events/categorie/etat-civil/liste/index.html]
[www.ville-hoenheim.fr/index9f3c.html]
[www.ville-hoenheim.fr/wp-json/oembed/1.0/embedfb3d.json]
[www.ville-hoenheim.fr/wp-json/oembed/1.0/embed1ede]
[www.ville-hoenheim.fr/event/concert-de-noel/index.html]
[www.ville-hoenheim.fr/event/concert-de-noel/index.html]
[www.ville-hoenheim.fr/wp-content/uploads/2023/11/20251221_concert-Noel.jpg]
[www.ville-hoenheim.fr/index1e6c.html]
[www.ville-hoenheim.fr/wp-json/oembed/1.0/embed310e.json]
[www.ville-hoenheim.fr/wp-json/oembed/1.0/embedbec7]
[www.ville-hoenheim.fr/event/telethon-massages-bien-etre/index.html]
[www.ville-hoenheim.fr/wp-content/uploads/2025/10/2025_Telethon-Kine.jpg]
[www.ville-hoenheim.fr/event/telethon-massages-bien-etre/index.html]
[www.ville-hoenheim.fr/index3a08.html]
[www.ville-hoenheim.fr/wp-json/oembed/1.0/embede8a6.json]
[www.ville-hoenheim.fr/wp-json/oembed/1.0/embed9b63]
[www.ville-hoenheim.fr/event/spectacle-de-noel-pour-enfants-la-magie-des-clowns/index.html]
[www.ville-hoenheim.fr/event/spectacle-de-noel-pour-enfants-la-magie-des-clowns/index.html]
[www.ville-hoenheim.fr/wp-content/uploads/2025/10/20251202_spectacle-enfants.jpg]
[www.ville-hoenheim.fr/index7c2d.html]
[www.ville-hoenheim.fr/wp-json/oembed/1.0/embedacb1.json]
[www.ville-hoenheim.fr/wp-json/oembed/1.0/embedc56e]
[www.ville-hoenheim.fr/event/atelier-couronnes-de-lavent/index.html]
[www.ville-hoenheim.fr/wp-content/uploads/2015/08/ateliercouronnes.jpg]
[www.ville-hoenheim.fr/event/atelier-couronnes-de-lavent/index.html]
[www.ville-hoenheim.fr/index807c.html]
[www.ville-hoenheim.fr/wp-json/oembed/1.0/embed5510.json]
[www.ville-hoenheim.fr/wp-json/oembed/1.0/embed9e30]
[www.ville-hoenheim.fr/event/ceremonie-du-11-novembre-2/index.html]
[www.ville-hoenheim.fr/event/ceremonie-du-11-novembre-2/index.html]
[www.ville-hoenheim.fr/wp-content/uploads/2022/10/11_nov.jpg]
[www.ville-hoenheim.fr/indexe469.html]
[www.ville-hoenheim.fr/wp-json/oembed/1.0/embede25a.json]
[www.ville-hoenheim.fr/wp-json/oembed/1.0/embed5d90]
[www.ville-hoenheim.fr/event/marche-rose-le-12-octobre-2025-2/index.html]
[www.ville-hoenheim.fr/event/marche-rose-le-12-octobre-2025-2/index.html]
[www.ville-hoenheim.fr/wp-content/uploads/2024/08/2025-affiche-octobre-rose-Hoenheim.jpg]
[www.ville-hoenheim.fr/index8cd4.html]
[www.ville-hoenheim.fr/wp-json/oembed/1.0/embed70ca.json]
[www.ville-hoenheim.fr/wp-json/oembed/1.0/embed62e4]
[www.ville-hoenheim.fr/event/cinema-on-ira/index.html]
[www.ville-hoenheim.fr/wp-content/uploads/2025/08/20250902_on-ira.jpg]
[www.ville-hoenheim.fr/event/cinema-on-ira/index.html]
[www.ville-hoenheim.fr/index7739.html]
[www.ville-hoenheim.fr/wp-json/oembed/1.0/embed4a8e.json]
[www.ville-hoenheim.fr/wp-json/oembed/1.0/embed508a]
[www.ville-hoenheim.fr/event/soiree-des-etoiles/index.html]
[www.ville-hoenheim.fr/wp-content/uploads/2025/06/20250829_etoiles-chgt-lieux-scaled.jpg]
[www.ville-hoenheim.fr/event/soiree-des-etoiles/index.html]
[www.ville-hoenheim.fr/index2a34.html]
[www.ville-hoenheim.fr/wp-json/oembed/1.0/embed4e41.json]
[www.ville-hoenheim.fr/wp-json/oembed/1.0/embedb9e3]
[www.ville-hoenheim.fr/event/cinema-de-plein-air-kung-fu-panda-4/index.html]
[www.ville-hoenheim.fr/events/categorie/animation-jeunes/index.html]
[www.ville-hoenheim.fr/wp-content/uploads/2023/08/20250820_kungfupanda.jpg]
[www.ville-hoenheim.fr/event/cinema-de-plein-air-kung-fu-panda-4/index.html]
[www.ville-hoenheim.fr/events/categorie/animation-jeunes/index.html]
[www.ville-hoenheim.fr/event/stand-dinformation-sur-le-moustique-tigre-marche-du-ried/index.html]
[www.ville-hoenheim.fr/indexe561.html]
[www.ville-hoenheim.fr/wp-json/oembed/1.0/embedcd18.json]
[www.ville-hoenheim.fr/wp-json/oembed/1.0/embed87b3]
[www.ville-hoenheim.fr/events/categorie/animation-jeunes/liste/index.html]
[www.ville-hoenheim.fr/events/categorie/animation-jeunes/feed/index.html]
[www.ville-hoenheim.fr/wp-content/uploads/2025/07/Hoenheim_marches_hebdomadaires.jpg]
[www.ville-hoenheim.fr/event/stand-dinformation-sur-le-moustique-tigre-marche-du-ried/index.html]
[www.ville-hoenheim.fr/events/categorie/animation-jeunes/liste/index.html]
[www.ville-hoenheim.fr/index020d.html]
[www.ville-hoenheim.fr/wp-json/oembed/1.0/embed4073.json]
[www.ville-hoenheim.fr/wp-json/oembed/1.0/embed5ff6]
[www.ville-hoenheim.fr/event/stand-dinformation-sur-le-moustique-tigre-marche-du-centre/index.html]
[www.ville-hoenheim.fr/event/stand-dinformation-sur-le-moustique-tigre-marche-du-centre/index.html]
[www.ville-hoenheim.fr/indexba34.html]
[www.ville-hoenheim.fr/wp-json/oembed/1.0/embed4773.json]
[www.ville-hoenheim.fr/wp-json/oembed/1.0/embed8fa3]
[www.ville-hoenheim.fr/event/garderie-programme-des-vacances-dete/index.html]
[www.ville-hoenheim.fr/wp-content/uploads/2025/06/2025_Garderie-vacances-juillet-complet.jpg]
[www.ville-hoenheim.fr/wp-content/uploads/2024/06/2025_Garderie-vacances-juillet.pdf]
[www.ville-hoenheim.fr/event/garderie-programme-des-vacances-dete/index.html]
[www.ville-hoenheim.fr/indexdb5b.html]
[www.ville-hoenheim.fr/wp-json/oembed/1.0/embed01c5.json]
[www.ville-hoenheim.fr/wp-json/oembed/1.0/embedba92]
[www.ville-hoenheim.fr/event/ouverture-du-terrain-daventures-et-de-la-plaine-sportive-samedi-5-juillet-2025-a-15h/index.html]
[www.ville-hoenheim.fr/wp-content/uploads/2025/06/2025_Affiche-ouverture-terrain-aventures.jpg]
[www.ville-hoenheim.fr/event/ouverture-du-terrain-daventures-et-de-la-plaine-sportive-samedi-5-juillet-2025-a-15h/index.html]
[www.ville-hoenheim.fr/index245a.html]
[www.ville-hoenheim.fr/wp-json/oembed/1.0/embedc2a8.json]
[www.ville-hoenheim.fr/wp-json/oembed/1.0/embedc221]
[www.ville-hoenheim.fr/event/concert-de-lorchestre-jonas/index.html]
[www.ville-hoenheim.fr/wp-content/uploads/2025/06/20250628_concert-JONAS.jpg]
[www.ville-hoenheim.fr/event/concert-de-lorchestre-jonas/index.html]
[www.ville-hoenheim.fr/index30c3.html]
[www.ville-hoenheim.fr/wp-json/oembed/1.0/embed4d43.json]
[www.ville-hoenheim.fr/wp-json/oembed/1.0/embed5152]
[www.ville-hoenheim.fr/event/reunion-du-quartier-hirondelles/index.html]
[www.ville-hoenheim.fr/event/reunion-du-quartier-hirondelles/index.html]
[www.ville-hoenheim.fr/indexd6f0.html]
[www.ville-hoenheim.fr/wp-json/oembed/1.0/embed81c9.json]
[www.ville-hoenheim.fr/wp-json/oembed/1.0/embed6e50]
[www.ville-hoenheim.fr/event/concert-de-la-societe-de-musique-municipale/index.html]
[www.ville-hoenheim.fr/event/concert-de-la-societe-de-musique-municipale/index.html]
[www.ville-hoenheim.fr/wp-content/uploads/2024/05/20250617_CONCERT-societe-musique.jpg]
[www.ville-hoenheim.fr/index7fde.html]
[www.ville-hoenheim.fr/wp-json/oembed/1.0/embed9db2.json]
[www.ville-hoenheim.fr/wp-json/oembed/1.0/embedfc63]
[www.ville-hoenheim.fr/event/cinema-natacha-presque-hotesse-de-lair/index.html]
[www.ville-hoenheim.fr/wp-content/uploads/2025/04/20250603_Natacha.jpg]
[www.ville-hoenheim.fr/event/cinema-natacha-presque-hotesse-de-lair/index.html]
[www.ville-hoenheim.fr/indexd5cb.html]
[www.ville-hoenheim.fr/wp-json/oembed/1.0/embeddb49.json]
[www.ville-hoenheim.fr/wp-json/oembed/1.0/embed3783]
[www.ville-hoenheim.fr/event/concert-de-lorchestre-symphonique-des-jeunes-de-strasbourg/index.html]
[www.ville-hoenheim.fr/event/concert-de-lorchestre-symphonique-des-jeunes-de-strasbourg/index.html]
[www.ville-hoenheim.fr/wp-content/uploads/2025/04/20250518_concert-OJS.jpg]
[www.ville-hoenheim.fr/index4b5e.html]
[www.ville-hoenheim.fr/wp-json/oembed/1.0/embed1480.json]
[www.ville-hoenheim.fr/wp-json/oembed/1.0/embeda566]
[www.ville-hoenheim.fr/event/reunion-du-quartier-emailleries/index.html]
[www.ville-hoenheim.fr/event/reunion-du-quartier-emailleries/index.html]
[www.ville-hoenheim.fr/indexfe2d.html]
[www.ville-hoenheim.fr/wp-json/oembed/1.0/embed9c18.json]
[www.ville-hoenheim.fr/wp-json/oembed/1.0/embed828b]
[www.ville-hoenheim.fr/event/reunion-de-quartier-residence-lydia-rue-de-mundolsheim-et-orangeraie/index.html]
[www.ville-hoenheim.fr/event/reunion-de-quartier-residence-lydia-rue-de-mundolsheim-et-orangeraie/index.html]
[www.ville-hoenheim.fr/index1f29.html]
[www.ville-hoenheim.fr/wp-json/oembed/1.0/embed6e1a.json]
[www.ville-hoenheim.fr/wp-json/oembed/1.0/embed1372]
[www.ville-hoenheim.fr/event/fete-du-geranium-2/index.html]
[www.ville-hoenheim.fr/wp-content/uploads/2025/04/20250503_Fete-geranuim.jpg]
[www.ville-hoenheim.fr/wp-content/uploads/2025/04/BDC_geranium2025.pdf]
[www.ville-hoenheim.fr/event/fete-du-geranium-2/index.html]
[www.ville-hoenheim.fr/index7dff.html]
[www.ville-hoenheim.fr/wp-json/oembed/1.0/embed3eaa.json]
[www.ville-hoenheim.fr/wp-json/oembed/1.0/embedb2df]
[www.ville-hoenheim.fr/event/reunion-du-quartier-grossmatt/index.html]
[www.ville-hoenheim.fr/event/reunion-du-quartier-grossmatt/index.html]
[www.ville-hoenheim.fr/index2c06.html]
[www.ville-hoenheim.fr/wp-json/oembed/1.0/embedd092.json]
[www.ville-hoenheim.fr/wp-json/oembed/1.0/embed18fa]
[www.ville-hoenheim.fr/event/cinema-cest-le-monde-a-lenvers/index.html]
[www.ville-hoenheim.fr/event/cinema-cest-le-monde-a-lenvers/index.html]
[www.ville-hoenheim.fr/wp-content/uploads/2025/02/20250401_monde-envers.jpg]
[www.ville-hoenheim.fr/indexc440.html]
[www.ville-hoenheim.fr/wp-json/oembed/1.0/embed5ea8.json]
[www.ville-hoenheim.fr/wp-json/oembed/1.0/embed0a33]
[www.ville-hoenheim.fr/event/theatre-secrets-de-famille/index.html]
[www.ville-hoenheim.fr/event/theatre-secrets-de-famille/index.html]
[www.ville-hoenheim.fr/index68c1.html]
[www.ville-hoenheim.fr/wp-json/oembed/1.0/embed4eee.json]
[www.ville-hoenheim.fr/wp-json/oembed/1.0/embede60d]
[www.ville-hoenheim.fr/wp-content/uploads/2024/02/20250322_theatre-originoux.jpg]
[www.ville-hoenheim.fr/event/osterputz-nettoyage-du-ban-communal/index.html]
[www.ville-hoenheim.fr/event/osterputz-nettoyage-du-ban-communal/index.html]
[www.ville-hoenheim.fr/wp-content/uploads/2024/02/20250322-nettoyage-ban.jpg]
[www.ville-hoenheim.fr/indexe95a.html]
[www.ville-hoenheim.fr/wp-json/oembed/1.0/embed9c7f.json]
[www.ville-hoenheim.fr/wp-json/oembed/1.0/embed4e73]
[www.ville-hoenheim.fr/event/the-dansant-3/index.html]
[www.ville-hoenheim.fr/events/categorie/municipalite-2/index.html]
[www.ville-hoenheim.fr/wp-content/uploads/2023/06/the-dansant.jpg]
[www.ville-hoenheim.fr/event/the-dansant-3/index.html]
[www.ville-hoenheim.fr/events/categorie/municipalite-2/index.html]
[www.ville-hoenheim.fr/index9421.html]
[www.ville-hoenheim.fr/event/concert-guitares-2-villes/index.html]
[www.ville-hoenheim.fr/wp-json/oembed/1.0/embedc778.json]
[www.ville-hoenheim.fr/wp-json/oembed/1.0/embed0da5]
[www.ville-hoenheim.fr/events/categorie/municipalite-2/liste/index.html]
[www.ville-hoenheim.fr/events/categorie/municipalite-2/feed/index.html]
[www.ville-hoenheim.fr/wp-content/uploads/2023/02/20250308_concert-guitares2villes.jpg]
[www.ville-hoenheim.fr/event/concert-guitares-2-villes/index.html]
[www.ville-hoenheim.fr/events/categorie/municipalite-2/liste/index.html]
[www.ville-hoenheim.fr/index1aae.html]
[www.ville-hoenheim.fr/wp-json/oembed/1.0/embed74f9.json]
[www.ville-hoenheim.fr/wp-json/oembed/1.0/embed054b]
[www.ville-hoenheim.fr/event/the-dansant-2/index.html]
[www.ville-hoenheim.fr/event/the-dansant-2/index.html]
[www.ville-hoenheim.fr/index50aa.html]
[www.ville-hoenheim.fr/wp-json/oembed/1.0/embed69d7.json]
[www.ville-hoenheim.fr/wp-json/oembed/1.0/embedfbc1]
[www.ville-hoenheim.fr/event/cinema-prodigieuses/index.html]
[www.ville-hoenheim.fr/event/cinema-prodigieuses/index.html]
[www.ville-hoenheim.fr/wp-content/uploads/2024/12/20250204_prodigieuses.jpg]
[www.ville-hoenheim.fr/indexa938.html]
[www.ville-hoenheim.fr/wp-json/oembed/1.0/embed2d9c.json]
[www.ville-hoenheim.fr/wp-json/oembed/1.0/embedb88d]
[www.ville-hoenheim.fr/event/concert-lyrique-et-sacre-appassionato/index.html]
[www.ville-hoenheim.fr/event/concert-lyrique-et-sacre-appassionato/index.html]
[www.ville-hoenheim.fr/wp-content/uploads/2024/12/20250202_concert-Appassionato.jpg]
[www.ville-hoenheim.fr/index2e82-2.html]
[www.ville-hoenheim.fr/wp-json/oembed/1.0/embedf5fe.json]
[www.ville-hoenheim.fr/wp-json/oembed/1.0/embedfd23]
[www.ville-hoenheim.fr/event/the-dansant/index.html]
[www.ville-hoenheim.fr/event/the-dansant/index.html]
[www.ville-hoenheim.fr/index40d0.html]
[www.ville-hoenheim.fr/wp-json/oembed/1.0/embed33df.json]
[www.ville-hoenheim.fr/wp-json/oembed/1.0/embed8f73]
[www.ville-hoenheim.fr/events/categorie/divers/index.html]
[www.ville-hoenheim.fr/event/concert-de-robin-leon-noel-en-manteau-blanc/index.html]
[www.ville-hoenheim.fr/event/concert-de-robin-leon-noel-en-manteau-blanc/index.html]
[www.ville-hoenheim.fr/wp-content/uploads/2024/10/20241208_concert-Noel-Complet.jpg]
[www.ville-hoenheim.fr/events/categorie/divers/index.html]
[www.ville-hoenheim.fr/indexd33e.html]
[www.ville-hoenheim.fr/event/concert-imagine-de-chorenstra/index.html]
[www.ville-hoenheim.fr/wp-json/oembed/1.0/embed4e59.json]
[www.ville-hoenheim.fr/wp-json/oembed/1.0/embed38e2]
[www.ville-hoenheim.fr/events/categorie/divers/feed/index.html]
[www.ville-hoenheim.fr/events/categorie/divers/liste/index.html]
[www.ville-hoenheim.fr/wp-content/uploads/2024/10/20241116_concert-Chorenstra.jpg]
[www.ville-hoenheim.fr/event/concert-imagine-de-chorenstra/index.html]
[www.ville-hoenheim.fr/events/categorie/divers/liste/index.html]
[www.ville-hoenheim.fr/indexaa77.html]
[www.ville-hoenheim.fr/wp-json/oembed/1.0/embed093a.json]
[www.ville-hoenheim.fr/wp-json/oembed/1.0/embedff6a]
[www.ville-hoenheim.fr/event/cinema-a-lancienne/index.html]
[www.ville-hoenheim.fr/event/cinema-a-lancienne/index.html]
[www.ville-hoenheim.fr/wp-content/uploads/2024/10/20241105_A-ancienne.jpg]
[www.ville-hoenheim.fr/indexe35f.html]
[www.ville-hoenheim.fr/wp-json/oembed/1.0/embed24cd.json]
[www.ville-hoenheim.fr/wp-json/oembed/1.0/embed2aa4]
[www.ville-hoenheim.fr/event/spectacle-foudil-en-scene/index.html]
[www.ville-hoenheim.fr/wp-content/uploads/2024/06/202410_Affiche-Foudil-scaled.jpg]
[www.ville-hoenheim.fr/event/spectacle-foudil-en-scene/index.html]
[www.ville-hoenheim.fr/indexa2a7.html]
[www.ville-hoenheim.fr/wp-json/oembed/1.0/embed1fdd.json]
[www.ville-hoenheim.fr/wp-json/oembed/1.0/embed031a]
[www.ville-hoenheim.fr/event/presentation-publique-du-projet-velostras/index.html]
[www.ville-hoenheim.fr/wp-content/uploads/2024/10/2024_ReunionVELOSTRAS.jpg]
[www.ville-hoenheim.fr/event/presentation-publique-du-projet-velostras/index.html]
[www.ville-hoenheim.fr/index7217.html]
[www.ville-hoenheim.fr/wp-json/oembed/1.0/embed490c.json]
[www.ville-hoenheim.fr/wp-json/oembed/1.0/embeda207]
[www.ville-hoenheim.fr/event/exposition-de-patchwork-et-art-textile/index.html]
[www.ville-hoenheim.fr/event/exposition-de-patchwork-et-art-textile/index.html]
[www.ville-hoenheim.fr/wp-content/uploads/2024/08/202410-exposition-patchwork.jpg]
[www.ville-hoenheim.fr/index52cd.html]
[www.ville-hoenheim.fr/wp-json/oembed/1.0/embed1269.json]
[www.ville-hoenheim.fr/wp-json/oembed/1.0/embed048f]
[www.ville-hoenheim.fr/event/echanges-sur-la-fin-de-vie/index.html]
[www.ville-hoenheim.fr/event/echanges-sur-la-fin-de-vie/index.html]
[www.ville-hoenheim.fr/wp-content/uploads/2024/07/20240927_Fin-vie.jpg]
[www.ville-hoenheim.fr/index14f5.html]
[www.ville-hoenheim.fr/wp-json/oembed/1.0/embed09cb.json]
[www.ville-hoenheim.fr/wp-json/oembed/1.0/embed9c8b]
[www.ville-hoenheim.fr/event/reunion-publique-tram-nord/index.html]
[www.ville-hoenheim.fr/event/reunion-publique-tram-nord/index.html]
[www.ville-hoenheim.fr/wp-content/uploads/2024/09/20240923-reunion-Tram-Nord.jpg]
[www.ville-hoenheim.fr/indexc06c.html]
[www.ville-hoenheim.fr/wp-json/oembed/1.0/embed9ea5.json]
[www.ville-hoenheim.fr/wp-json/oembed/1.0/embede57f]
[www.ville-hoenheim.fr/event/garderie-programme-des-vacances-dautomne/index.html]
[www.ville-hoenheim.fr/wp-content/uploads/2023/09/2024_Affiche-automne-garderie-vacances.jpg]
[www.ville-hoenheim.fr/wp-content/uploads/2023/09/2024_Programme-automne-garderie-vacances.pdf]
[www.ville-hoenheim.fr/event/garderie-programme-des-vacances-dautomne/index.html]
[www.ville-hoenheim.fr/index5376.html]
[www.ville-hoenheim.fr/wp-json/oembed/1.0/embed4a75.json]
[www.ville-hoenheim.fr/wp-json/oembed/1.0/embed200a]
[www.ville-hoenheim.fr/event/cinema-un-ptit-truc-en-plus/index.html]
[www.ville-hoenheim.fr/wp-content/uploads/2023/03/20240903_truc-en-plus.jpg]
[www.ville-hoenheim.fr/event/cinema-un-ptit-truc-en-plus/index.html]
[www.ville-hoenheim.fr/indexe776.html]
[www.ville-hoenheim.fr/wp-json/oembed/1.0/embed1c77.json]
[www.ville-hoenheim.fr/wp-json/oembed/1.0/embed7c48]
[www.ville-hoenheim.fr/event/lutte-contre-le-moustique-tigre-stand-danimation/index.html]
[www.ville-hoenheim.fr/wp-content/uploads/2024/08/Hoenheim_marche21-08-2024.png]
[www.ville-hoenheim.fr/event/lutte-contre-le-moustique-tigre-stand-danimation/index.html]
[www.ville-hoenheim.fr/indexea0e.html]
[www.ville-hoenheim.fr/wp-json/oembed/1.0/embed69b9.json]
[www.ville-hoenheim.fr/wp-json/oembed/1.0/embedf676]
[www.ville-hoenheim.fr/event/fete-de-la-musique-le-21-juin/index.html]
[www.ville-hoenheim.fr/event/fete-de-la-musique-le-21-juin/index.html]
[www.ville-hoenheim.fr/wp-content/uploads/2024/04/2024_affiche-FDM.jpg]
[www.ville-hoenheim.fr/index226a.html]
[www.ville-hoenheim.fr/wp-json/oembed/1.0/embeddfc5.json]
[www.ville-hoenheim.fr/wp-json/oembed/1.0/embeda210]
[www.ville-hoenheim.fr/event/concert-strasbourg-brass-quintet/index.html]
[www.ville-hoenheim.fr/event/concert-strasbourg-brass-quintet/index.html]
[www.ville-hoenheim.fr/index9add.html]
[www.ville-hoenheim.fr/wp-json/oembed/1.0/embed1962.json]
[www.ville-hoenheim.fr/wp-json/oembed/1.0/embedc69e]
[www.ville-hoenheim.fr/wp-content/uploads/2024/05/AFFICHE-PROJET-LE-COR-MEURVEILLEUX.jpg]
[www.ville-hoenheim.fr/event/cinema-karaoke/index.html]
[www.ville-hoenheim.fr/event/cinema-karaoke/index.html]
[www.ville-hoenheim.fr/wp-content/uploads/2024/05/20240604_Karaoke.jpg]
[www.ville-hoenheim.fr/index6d62.html]
[www.ville-hoenheim.fr/wp-json/oembed/1.0/embed3dc4.json]
[www.ville-hoenheim.fr/wp-json/oembed/1.0/embedb19e]
[www.ville-hoenheim.fr/event/concours-photos-les-sports-olympiques-dans-nos-villes/index.html]
[www.ville-hoenheim.fr/wp-content/uploads/2024/05/2024_Concours-photosok.jpg]
[www.ville-hoenheim.fr/wp-content/uploads/2024/05/2024_Reglement-concours-photo-OK.pdf]
[www.ville-hoenheim.fr/event/concours-photos-les-sports-olympiques-dans-nos-villes/index.html]
[www.ville-hoenheim.fr/indexf6ee.html]
[www.ville-hoenheim.fr/wp-json/oembed/1.0/embed91f9.json]
[www.ville-hoenheim.fr/wp-json/oembed/1.0/embed1df2]
[www.ville-hoenheim.fr/event/show-des-anodins/index.html]
[www.ville-hoenheim.fr/event/show-des-anodins/index.html]
[www.ville-hoenheim.fr/wp-content/uploads/2024/05/20240524_Affiche_show-Anodins-Hoenheim.jpg]
[www.ville-hoenheim.fr/indexe2d7.html]
[www.ville-hoenheim.fr/wp-json/oembed/1.0/embedd0c7.json]
[www.ville-hoenheim.fr/wp-json/oembed/1.0/embedcbfd]
[www.ville-hoenheim.fr/event/spectacle-attention-au-depart/index.html]
[www.ville-hoenheim.fr/wp-content/uploads/2024/03/complet.jpg]
[www.ville-hoenheim.fr/event/spectacle-attention-au-depart/index.html]
[www.ville-hoenheim.fr/indexeb34.html]
[www.ville-hoenheim.fr/wp-json/oembed/1.0/embedcf88.json]
[www.ville-hoenheim.fr/wp-json/oembed/1.0/embed2b1f]
[www.ville-hoenheim.fr/event/exposition-hoenheim-sexpose/index.html]
[www.ville-hoenheim.fr/wp-content/uploads/2024/03/202404_expo-ROOS.jpg]
[www.ville-hoenheim.fr/event/exposition-hoenheim-sexpose/index.html]
[www.ville-hoenheim.fr/index9c2d.html]
[www.ville-hoenheim.fr/wp-json/oembed/1.0/embedd9ea.json]
[www.ville-hoenheim.fr/wp-json/oembed/1.0/embed078c]
[www.ville-hoenheim.fr/event/ateliers-creatifs-floraux-pour-paques-2/index.html]
[www.ville-hoenheim.fr/event/ateliers-creatifs-floraux-pour-paques-2/index.html]
[www.ville-hoenheim.fr/indexf38c.html]
[www.ville-hoenheim.fr/wp-json/oembed/1.0/embed8da8.json]
[www.ville-hoenheim.fr/wp-json/oembed/1.0/embed3f3a]
[www.ville-hoenheim.fr/event/exposition-jeux-olympiques-des-artistes-libres-dalsace/index.html]
[www.ville-hoenheim.fr/wp-content/uploads/2024/01/Affiche-ALA-HOENHEIM-2024-ok.jpg]
[www.ville-hoenheim.fr/event/exposition-jeux-olympiques-des-artistes-libres-dalsace/index.html]
[www.ville-hoenheim.fr/indexb1ac.html]
[www.ville-hoenheim.fr/wp-json/oembed/1.0/embeda804.json]
[www.ville-hoenheim.fr/wp-json/oembed/1.0/embed7f14]
[www.ville-hoenheim.fr/event/concert-trio-anima/index.html]
[www.ville-hoenheim.fr/event/concert-trio-anima/index.html]
[www.ville-hoenheim.fr/wp-content/uploads/2024/01/20240216_CONCERT-trio-anima.jpg]
[www.ville-hoenheim.fr/index4f3d.html]
[www.ville-hoenheim.fr/wp-json/oembed/1.0/embedd367.json]
[www.ville-hoenheim.fr/wp-json/oembed/1.0/embed3186]
[www.ville-hoenheim.fr/event/concert-de-la-chorale-lomir-zingen/index.html]
[www.ville-hoenheim.fr/event/concert-de-la-chorale-lomir-zingen/index.html]
[www.ville-hoenheim.fr/wp-content/uploads/2023/12/Affiche-Lomir-Zingen-Hoenheim-21-01-2024.jpg]
[www.ville-hoenheim.fr/indexf379.html]
[www.ville-hoenheim.fr/wp-json/oembed/1.0/embed9729.json]
[www.ville-hoenheim.fr/wp-json/oembed/1.0/embed7565]
[www.ville-hoenheim.fr/event/spectacle-pour-enfants-cazar-le-pirate/index.html]
[www.ville-hoenheim.fr/event/spectacle-pour-enfants-cazar-le-pirate/index.html]
[www.ville-hoenheim.fr/wp-content/uploads/2023/11/20231219_spectacle_enfants-Noel.jpg]
[www.ville-hoenheim.fr/indexb1d1.html]
[www.ville-hoenheim.fr/wp-json/oembed/1.0/embed448d.json]
[www.ville-hoenheim.fr/wp-json/oembed/1.0/embed9e6f]
[www.ville-hoenheim.fr/event/exposition-collectionneurs/index.html]
[www.ville-hoenheim.fr/wp-content/uploads/2023/07/Bulletin-inscription_expo-collectionneurs2023.pdf]
[www.ville-hoenheim.fr/event/exposition-collectionneurs/index.html]
[www.ville-hoenheim.fr/index7c5c.html]
[www.ville-hoenheim.fr/wp-json/oembed/1.0/embedd1be.json]
[www.ville-hoenheim.fr/wp-json/oembed/1.0/embed9509]
[www.ville-hoenheim.fr/event/loto/index.html]
[www.ville-hoenheim.fr/event/loto/index.html]
[www.ville-hoenheim.fr/wp-content/uploads/2023/08/affiche-loto_20230930.jpg]
[www.ville-hoenheim.fr/indexf771.html]
[www.ville-hoenheim.fr/wp-json/oembed/1.0/embed8cb8.json]
[www.ville-hoenheim.fr/wp-json/oembed/1.0/embedf45f]
[www.ville-hoenheim.fr/event/vente-pour-octobre-rose/index.html]
[www.ville-hoenheim.fr/event/vente-pour-octobre-rose/index.html]
[www.ville-hoenheim.fr/wp-content/uploads/2022/09/2023-affiche-octobre-rose-Hoenheim.jpg]
[www.ville-hoenheim.fr/indexfae4.html]
[www.ville-hoenheim.fr/wp-json/oembed/1.0/embed9f67.json]
[www.ville-hoenheim.fr/wp-json/oembed/1.0/embedfa92]
[www.ville-hoenheim.fr/event/joh-soiree-de-cloture/index.html]
[www.ville-hoenheim.fr/wp-content/uploads/2023/08/2023_soiree-cloture.jpg]
[www.ville-hoenheim.fr/event/joh-soiree-de-cloture/index.html]
[www.ville-hoenheim.fr/indexf534.html]
[www.ville-hoenheim.fr/wp-json/oembed/1.0/embed046e.json]
[www.ville-hoenheim.fr/wp-json/oembed/1.0/embed6274]
[www.ville-hoenheim.fr/event/joh-portes-ouvertes-des-clubs/index.html]
[www.ville-hoenheim.fr/wp-content/uploads/2023/09/2023_semaine-olympismev2.jpg]
[www.ville-hoenheim.fr/wp-content/uploads/2023/09/Horaires-hebdomadaires-entrainements-club-sportifs-07092023.pdf]
[www.ville-hoenheim.fr/event/joh-portes-ouvertes-des-clubs/index.html]
[www.ville-hoenheim.fr/index2fe2.html]
[www.ville-hoenheim.fr/wp-json/oembed/1.0/embed97d9.json]
[www.ville-hoenheim.fr/wp-json/oembed/1.0/embedbe9b]
[www.ville-hoenheim.fr/event/protecouverte/index.html]
[www.ville-hoenheim.fr/wp-content/uploads/2023/08/protecouverte_hoenheim_6x6-1.png]
[www.ville-hoenheim.fr/event/protecouverte/index.html]
[www.ville-hoenheim.fr/index7c30.html]
[www.ville-hoenheim.fr/wp-json/oembed/1.0/embed3715.json]
[www.ville-hoenheim.fr/wp-json/oembed/1.0/embed6420]
[www.ville-hoenheim.fr/event/soiree-danses-folkloriques/index.html]
[www.ville-hoenheim.fr/wp-content/uploads/2023/05/2023-06-21_soiree-Folklorique.jpg]
[www.ville-hoenheim.fr/event/soiree-danses-folkloriques/index.html]
[www.ville-hoenheim.fr/index6081.html]
[www.ville-hoenheim.fr/wp-json/oembed/1.0/embed625c.json]
[www.ville-hoenheim.fr/wp-json/oembed/1.0/embed1e15]
[www.ville-hoenheim.fr/event/40eme-anniversaire-centre-socioculturel/index.html]
[www.ville-hoenheim.fr/event/40eme-anniversaire-centre-socioculturel/index.html]
[www.ville-hoenheim.fr/index3b94.html]
[www.ville-hoenheim.fr/wp-json/oembed/1.0/embeddff0.json]
[www.ville-hoenheim.fr/wp-json/oembed/1.0/embedb805]
[www.ville-hoenheim.fr/wp-content/uploads/2023/05/2023-06-03_Affiche-inauguration-CSC.jpg]
[www.ville-hoenheim.fr/event/lecture-musicale-et-exposition-le-grillon-en-quete/index.html]
[www.ville-hoenheim.fr/wp-content/uploads/2023/04/2023-05-12_grillon.jpg]
[www.ville-hoenheim.fr/event/lecture-musicale-et-exposition-le-grillon-en-quete/index.html]
[www.ville-hoenheim.fr/index307f.html]
[www.ville-hoenheim.fr/wp-json/oembed/1.0/embed6343.json]
[www.ville-hoenheim.fr/wp-json/oembed/1.0/embedd245]
[www.ville-hoenheim.fr/event/fete-du-geranium/index.html]
[www.ville-hoenheim.fr/event/fete-du-geranium/index.html]
[www.ville-hoenheim.fr/index609a.html]
[www.ville-hoenheim.fr/wp-json/oembed/1.0/embeda1af.json]
[www.ville-hoenheim.fr/wp-json/oembed/1.0/embed453d]
[www.ville-hoenheim.fr/wp-content/uploads/2021/04/2023-05-06_Fete-geranuim.jpg]
[www.ville-hoenheim.fr/event/soiree-flamenco/index.html]
[www.ville-hoenheim.fr/event/soiree-flamenco/index.html]
[www.ville-hoenheim.fr/wp-content/uploads/2023/03/2023-04-14_soiree-Flamenco.jpg]
[www.ville-hoenheim.fr/index1f2c.html]
[www.ville-hoenheim.fr/wp-json/oembed/1.0/embed6adb.json]
[www.ville-hoenheim.fr/wp-json/oembed/1.0/embed49f0]
[www.ville-hoenheim.fr/event/declics-reviser-votre-velo/index.html]
[www.ville-hoenheim.fr/event/declics-reviser-votre-velo/index.html]
[www.ville-hoenheim.fr/wp-content/uploads/2023/04/declic.png]
[www.ville-hoenheim.fr/indexec72.html]
[www.ville-hoenheim.fr/wp-json/oembed/1.0/embed4b6b.json]
[www.ville-hoenheim.fr/wp-json/oembed/1.0/embed6cd5]
[www.ville-hoenheim.fr/event/concert-danse-avec-chopin/index.html]
[www.ville-hoenheim.fr/wp-content/uploads/2023/03/20230326_CONCERT-danse-chopin.jpg]
[www.ville-hoenheim.fr/event/concert-danse-avec-chopin/index.html]
[www.ville-hoenheim.fr/indexb6e7.html]
[www.ville-hoenheim.fr/wp-json/oembed/1.0/embed1a26.json]
[www.ville-hoenheim.fr/wp-json/oembed/1.0/embedeba9]
[www.ville-hoenheim.fr/event/cinema-quest-quon-a-tous-fait-au-bon-dieu/index.html]
[www.ville-hoenheim.fr/wp-content/uploads/2022/05/CINEMA-HOENHEIM-7-JUIN-20-H.png]
[www.ville-hoenheim.fr/event/cinema-quest-quon-a-tous-fait-au-bon-dieu/index.html]
[www.ville-hoenheim.fr/index6783.html]
[www.ville-hoenheim.fr/wp-json/oembed/1.0/embed130d.json]
[www.ville-hoenheim.fr/wp-json/oembed/1.0/embed58f4]
[www.ville-hoenheim.fr/event/21-et-22-mai-fete-du-velo-a-hoenheim/index.html]
[www.ville-hoenheim.fr/event/21-et-22-mai-fete-du-velo-a-hoenheim/index.html]
[www.ville-hoenheim.fr/index7e01.html]
[www.ville-hoenheim.fr/wp-json/oembed/1.0/embed95c7.json]
[www.ville-hoenheim.fr/wp-json/oembed/1.0/embed2a5c]
[www.ville-hoenheim.fr/wp-content/uploads/2022/05/202205-affiche-Fete-du-Velo-scaled.jpg]
[www.ville-hoenheim.fr/event/bagad-kiz-avel/index.html]
[www.ville-hoenheim.fr/event/bagad-kiz-avel/index.html]
[www.ville-hoenheim.fr/wp-content/uploads/2022/05/Bagad-Kiz-Avel-14-05-2022.png]
[www.ville-hoenheim.fr/index45a6.html]
[www.ville-hoenheim.fr/wp-json/oembed/1.0/embed27a7.json]
[www.ville-hoenheim.fr/wp-json/oembed/1.0/embedc115]
[www.ville-hoenheim.fr/event/pensez-a-bien-declarer-vos-impots/index.html]
[www.ville-hoenheim.fr/event/pensez-a-bien-declarer-vos-impots/index.html]
[www.ville-hoenheim.fr/wp-content/uploads/2022/05/Affiche_declaration_impots2022-1.jpg]
[www.ville-hoenheim.fr/indexb53d.html]
[www.ville-hoenheim.fr/wp-json/oembed/1.0/embed2236.json]
[www.ville-hoenheim.fr/wp-json/oembed/1.0/embed41c1]
[www.ville-hoenheim.fr/event/le-grand-tournoi-de-la-troupe-impro-alsace/index.html]
[www.ville-hoenheim.fr/wp-content/uploads/2022/02/20220326-AFFICHE-A3-IMPRO-ALSACE_s.jpg]
[www.ville-hoenheim.fr/event/le-grand-tournoi-de-la-troupe-impro-alsace/index.html]
[www.ville-hoenheim.fr/indexe33e.html]
[www.ville-hoenheim.fr/wp-json/oembed/1.0/embed8214.json]
[www.ville-hoenheim.fr/wp-json/oembed/1.0/embedbd33]
[www.ville-hoenheim.fr/event/la-40e-cavalcade-du-bouc-bleu/index.html]
[www.ville-hoenheim.fr/event/la-40e-cavalcade-du-bouc-bleu/index.html]
[www.ville-hoenheim.fr/indexae3e.html]
[www.ville-hoenheim.fr/wp-json/oembed/1.0/embed2093.json]
[www.ville-hoenheim.fr/wp-json/oembed/1.0/embed2348]
[www.ville-hoenheim.fr/wp-content/uploads/2022/02/affiche-A3-bouc-bleu-2022-scaled.jpg]
[www.ville-hoenheim.fr/event/inscription-sur-les-listes-electorales-en-vue-des-legislatives/index.html]
[www.ville-hoenheim.fr/wp-content/uploads/2022/02/Bureau-de-vote_8099.jpg]
[www.ville-hoenheim.fr/event/inscription-sur-les-listes-electorales-en-vue-des-legislatives/index.html]
[www.ville-hoenheim.fr/indexb842.html]
[www.ville-hoenheim.fr/wp-json/oembed/1.0/embed1d70.json]
[www.ville-hoenheim.fr/wp-json/oembed/1.0/embedd700]
[www.ville-hoenheim.fr/event/kaffekranzels-les-rendez-vous-2022/index.html]
[www.ville-hoenheim.fr/event/kaffekranzels-les-rendez-vous-2022/index.html]
[www.ville-hoenheim.fr/indexa2cf.html]
[www.ville-hoenheim.fr/wp-json/oembed/1.0/embed7b61.json]
[www.ville-hoenheim.fr/wp-json/oembed/1.0/embed61b4]
[www.ville-hoenheim.fr/event/soirees-jeux-de-societe/index.html]
[www.ville-hoenheim.fr/wp-content/uploads/2021/10/Capture-decran-2022-02-03-a-11.16.23.png]
[www.ville-hoenheim.fr/event/soirees-jeux-de-societe/index.html]
[www.ville-hoenheim.fr/indexc23b.html]
[www.ville-hoenheim.fr/wp-json/oembed/1.0/embedcf61.json]
[www.ville-hoenheim.fr/wp-json/oembed/1.0/embedeed2]
[www.ville-hoenheim.fr/event/campagne-de-sensibilisation-de-la-croix-rouge-francaise/index.html]
[www.ville-hoenheim.fr/wp-content/uploads/2021/02/20200302-au-28-Campagne-sensibilisation-Croix-rougeS.jpg]
[www.selestat.fr/fileadmin/_processed_/2/b/csm_Infographie-croix-rouge_9d1189f08e.abc.delayed]
[www.ville-hoenheim.fr/event/campagne-de-sensibilisation-de-la-croix-rouge-francaise/index.html]
[www.ville-hoenheim.fr/index99eb.html]
[www.ville-hoenheim.fr/wp-json/oembed/1.0/embed4828.json]
[www.ville-hoenheim.fr/wp-json/oembed/1.0/embedcfba]
[www.ville-hoenheim.fr/event/la-carte-atout-voir-pour-sortir-de-11-a-25-ans/index.html]
[www.ville-hoenheim.fr/wp-content/uploads/2020/09/carte-atout-voir-1000x443-pix.jpg]
[www.ville-hoenheim.fr/event/la-carte-atout-voir-pour-sortir-de-11-a-25-ans/index.html]
[www.selestat.fr/fileadmin/_processed_/2/b/csm_Infographie-croix-rouge_9d1189f08e.html]
[www.ville-hoenheim.fr/indexc01a.html]
[www.ville-hoenheim.fr/wp-json/oembed/1.0/embed15dc.json]
[www.ville-hoenheim.fr/wp-json/oembed/1.0/embed1931]
[www.ville-hoenheim.fr/event/eau-de-strasbourg-jen-prends-soin/index.html]
[www.ville-hoenheim.fr/wp-content/uploads/2020/06/dépliant_moijelefais_WEB_Page_1.jpg]
[www.ville-hoenheim.fr/wp-content/uploads/2020/06/dépliant_moijelefais_WEB.pdf]
[www.ville-hoenheim.fr/event/eau-de-strasbourg-jen-prends-soin/index.html]
[www.ville-hoenheim.fr/indexc9d5.html]
[www.ville-hoenheim.fr/wp-json/oembed/1.0/embede8aa.json]
[www.ville-hoenheim.fr/wp-json/oembed/1.0/embed33c4]
